set,family,dispatch,tasks,seed,condition,n,completed,done,failed,makespan_s,latency_mean_s,latency_max_s,distance_m,energy_wh,duplicates,busy_robots,messages,bytes,decision_mean_us,decision_worst_us,plan_calls,plan_worst_ms,separation_breaches,min_separation_m,fence_exits,crashed,sim_time_s,wall_s,leaves,leaf_duplicates,bitrate_bps,dropped,delay_mean_s,delay_max_s
gen/random-even-30/s1,random,even,30,1,S1,1,1,30,0,487.840,188.700,455.872,1097.905,6.954,0,1,1177,228114,0.229,730.411,30,0.730,0,-1.000,0,0,488.848,1.017,0,0,0.000,0,0.000,0.000
gen/random-even-30/s1,random,even,30,1,G-RTA,3,1,30,0,228.080,45.032,98.536,1811.790,9.740,0,3,1540,307301,25.422,16328.763,0,0.000,4,0.022,0,0,229.088,3.985,0,0,0.000,0,0.000,0.000
gen/random-even-30/s1,random,even,30,1,G-RTA,5,1,30,0,172.976,22.747,56.208,2442.286,12.363,0,5,1915,386055,18.795,4951.564,0,0.000,4,0.130,0,0,173.984,4.528,0,0,0.000,0,0.000,0.000
gen/random-even-30/s1,random,even,30,1,G-RTA-X,3,1,30,0,211.728,45.550,95.680,1590.277,9.055,0,3,1803,311363,27.115,3823.522,0,0.000,0,3.190,0,0,212.736,3.873,0,0,0.000,0,0.000,0.000
gen/random-even-30/s1,random,even,30,1,G-RTA,8,1,30,0,164.912,23.662,46.832,3647.300,18.880,0,8,2870,582625,20.197,8173.155,0,0.000,20,0.003,0,0,165.920,7.352,0,0,0.000,0,0.000,0.000
gen/random-even-30/s1,random,even,30,1,G-RTA-X,5,1,30,0,172.048,21.419,45.872,2201.931,12.273,0,5,3548,484419,16.317,16090.683,0,0.000,0,3.109,0,0,173.056,3.924,0,0,0.000,0,0.000,0.000
gen/random-even-30/s1,random,even,30,1,G-STA,3,1,30,0,211.728,45.550,95.680,1590.277,9.055,0,3,1803,311363,25.811,16085.505,0,0.000,0,3.190,0,0,212.736,3.672,0,0,0.000,0,0.000,0.000
gen/random-even-30/s1,random,even,30,1,G-CBBA,3,1,30,0,212.848,40.893,117.528,1645.958,9.112,0,3,1877,350322,10.934,19101.160,0,0.000,0,3.201,0,0,213.856,2.435,0,0,0.000,0,0.000,0.000
gen/random-even-30/s1,random,even,30,1,G-RTA-X,8,1,30,0,169.680,19.968,46.256,3945.880,19.492,0,8,7613,881282,16.467,20088.521,0,0.000,2,0.890,0,0,170.688,6.467,0,0,0.000,0,0.000,0.000
gen/random-even-30/s1,random,even,30,1,G-STA,5,1,30,0,172.048,21.419,45.872,2201.931,12.273,0,5,3548,484419,16.853,16178.953,0,0.000,0,3.109,0,0,173.056,3.969,0,0,0.000,0,0.000,0.000
gen/random-even-30/s1,random,even,30,1,G-CBBA,5,1,30,0,166.576,20.657,33.944,2349.500,11.914,0,5,2607,450695,6.844,8227.483,0,0.000,0,3.458,0,0,167.584,2.615,0,0,0.000,0,0.000,0.000
gen/random-even-30/s1,random,even,30,1,G-STA,8,1,30,0,169.680,19.968,46.256,3945.880,19.492,0,8,7613,881282,15.149,10353.773,0,0.000,2,0.890,0,0,170.688,5.847,0,0,0.000,0,0.000,0.000
gen/random-even-30/s1,random,even,30,1,G-LDTA2,3,1,30,0,211.728,45.550,95.680,1590.277,9.055,0,3,1803,311363,27.458,16094.997,0,0.000,0,3.190,0,0,212.736,3.767,0,0,0.000,0,0.000,0.000
gen/random-even-30/s1,random,even,30,1,G-CBBA,8,1,30,0,175.344,21.382,41.272,4512.651,20.268,0,6,4790,795318,5.918,17747.290,0,0.000,4,0.015,0,0,176.352,4.114,0,0,0.000,0,0.000,0.000
gen/random-even-30/s1,random,even,30,1,G-C,3,1,30,0,218.512,44.058,181.240,1635.920,9.136,0,3,1658,303604,0.121,75.166,60,0.073,0,5.622,0,0,219.520,1.527,0,0,0.000,0,0.000,0.000
gen/random-even-30/s1,random,even,30,1,G-C,5,1,30,0,174.864,27.022,43.736,2009.179,11.363,0,5,2231,401700,0.113,74.197,60,0.040,0,4.429,0,0,175.872,1.958,0,0,0.000,0,0.000,0.000
gen/random-even-30/s1,random,even,30,1,G-LDTA2,5,1,30,0,172.048,21.419,45.872,2201.931,12.273,0,5,3548,484419,18.759,4273.789,0,0.000,0,3.109,0,0,173.056,4.192,0,0,0.000,0,0.000,0.000
gen/random-even-30/s1,random,even,30,1,G-C,8,1,30,0,167.216,25.991,45.048,2059.886,12.557,0,6,3382,608828,0.117,2106.758,60,0.026,0,4.479,0,0,168.224,2.973,0,0,0.000,0,0.000,0.000
gen/random-even-30/s1,random,even,30,1,G-LDTA2,8,1,30,0,169.680,19.968,46.256,3945.880,19.492,0,8,7613,881282,18.675,1826.847,0,0.000,2,0.890,0,0,170.688,6.755,0,0,0.000,0,0.000,0.000
gen/random-even-30/s2,random,even,30,2,S1,1,1,30,0,468.320,183.396,377.168,1026.505,6.679,0,1,1133,219310,0.208,707.670,30,0.708,0,-1.000,0,0,469.328,0.885,0,0,0.000,0,0.000,0.000
gen/random-even-30/s2,random,even,30,2,G-RTA,3,1,30,0,200.304,35.004,140.304,1545.857,8.588,0,3,1364,272534,20.888,3072.194,0,0.000,0,3.170,0,0,201.312,3.008,0,0,0.000,0,0.000,0.000
gen/random-even-30/s2,random,even,30,2,G-RTA,5,1,30,0,165.424,22.772,48.104,2301.613,11.854,0,5,1834,368912,17.507,1876.679,0,0.000,5,0.027,0,0,166.432,3.875,0,0,0.000,0,0.000,0.000
gen/random-even-30/s2,random,even,30,2,G-RTA-X,3,1,30,0,199.504,35.000,139.504,1525.018,8.550,0,3,1528,283807,19.845,3036.551,0,0.000,0,2.573,0,0,200.512,2.836,0,0,0.000,0,0.000,0.000
gen/random-even-30/s2,random,even,30,2,G-RTA-X,5,1,30,0,170.032,21.529,39.096,2222.379,12.143,0,5,2509,419113,14.970,867.144,0,0.000,0,2.678,0,0,171.040,3.443,0,0,0.000,0,0.000,0.000
gen/random-even-30/s2,random,even,30,2,G-RTA,8,1,30,0,167.024,21.337,38.768,3804.821,19.179,0,8,2902,588575,17.831,7718.479,0,0.000,15,0.006,0,0,168.032,6.833,0,0,0.000,0,0.000,0.000
gen/random-even-30/s2,random,even,30,2,G-STA,3,1,30,0,199.504,35.000,139.504,1525.018,8.550,0,3,1528,283807,21.259,15355.960,0,0.000,0,2.573,0,0,200.512,2.986,0,0,0.000,0,0.000,0.000
gen/random-even-30/s2,random,even,30,2,G-RTA-X,8,1,30,0,169.936,19.565,34.648,3929.165,19.540,0,8,8401,936014,14.037,1124.330,0,0.000,0,2.702,0,0,170.944,5.532,0,0,0.000,0,0.000,0.000
gen/random-even-30/s2,random,even,30,2,G-STA,5,1,30,0,170.032,21.529,39.096,2222.379,12.143,0,5,2509,419113,15.122,389.504,0,0.000,0,2.678,0,0,171.040,3.468,0,0,0.000,0,0.000,0.000
gen/random-even-30/s2,random,even,30,2,G-CBBA,3,1,30,0,226.544,41.714,124.352,1953.911,9.731,0,3,2072,377269,8.260,4039.961,0,0.000,0,2.937,0,0,227.552,2.271,0,0,0.000,0,0.000,0.000
gen/random-even-30/s2,random,even,30,2,G-CBBA,5,1,30,0,169.392,21.353,39.176,2255.280,12.102,0,5,2708,467871,7.088,813.168,0,0.000,0,2.937,0,0,170.400,2.739,0,0,0.000,0,0.000,0.000
gen/random-even-30/s2,random,even,30,2,G-STA,8,1,30,0,169.936,19.565,34.648,3929.165,19.540,0,8,8401,936014,14.602,13247.359,0,0.000,0,2.702,0,0,170.944,5.740,0,0,0.000,0,0.000,0.000
gen/random-even-30/s2,random,even,30,2,G-CBBA,8,1,30,0,169.936,20.326,38.992,4303.023,19.621,0,7,4555,764466,5.654,501.870,0,0.000,1,0.079,0,0,170.944,3.880,0,0,0.000,0,0.000,0.000
gen/random-even-30/s2,random,even,30,2,G-LDTA2,3,1,30,0,199.504,35.000,139.504,1525.018,8.550,0,3,1528,283807,24.476,5542.895,0,0.000,0,2.573,0,0,200.512,3.382,0,0,0.000,0,0.000,0.000
gen/random-even-30/s2,random,even,30,2,G-C,3,1,30,0,210.992,42.142,90.568,1627.407,8.837,0,3,1612,295321,0.096,58.519,60,0.067,0,8.163,0,0,212.000,1.266,0,0,0.000,0,0.000,0.000
gen/random-even-30/s2,random,even,30,2,G-LDTA2,5,1,30,0,170.032,21.529,39.096,2222.379,12.143,0,5,2509,419113,18.028,1912.480,0,0.000,0,2.678,0,0,171.040,3.944,0,0,0.000,0,0.000,0.000
gen/random-even-30/s2,random,even,30,2,G-C,5,1,30,0,171.280,26.630,43.680,1916.228,11.043,0,5,2195,395224,0.128,1026.067,60,0.110,0,5.627,0,0,172.288,2.024,0,0,0.000,0,0.000,0.000
gen/random-even-30/s2,random,even,30,2,G-C,8,1,30,0,173.680,28.555,49.728,2083.294,11.938,0,5,3495,633298,0.091,77.883,60,0.042,0,6.624,0,0,174.688,2.656,0,0,0.000,0,0.000,0.000
gen/random-even-30/s2,random,even,30,2,G-LDTA2,8,1,30,0,169.936,19.565,34.648,3929.165,19.540,0,8,8401,936014,17.158,16024.756,0,0.000,0,2.702,0,0,170.944,6.217,0,0,0.000,0,0.000,0.000
gen/random-even-30/s3,random,even,30,3,S1,1,1,30,0,518.480,204.036,418.576,1132.403,7.386,0,1,1247,242123,0.212,805.681,30,0.806,0,-1.000,0,0,519.488,1.048,0,0,0.000,0,0.000,0.000
gen/random-even-30/s3,random,even,30,3,G-RTA,3,1,30,0,229.360,52.102,113.928,1708.437,9.813,0,3,1553,311060,25.552,3184.895,0,0.000,2,0.381,0,0,230.368,3.921,0,0,0.000,0,0.000,0.000
gen/random-even-30/s3,random,even,30,3,G-RTA,5,1,30,0,168.272,23.786,44.936,2246.922,12.026,0,5,1859,373481,17.572,1217.695,0,0.000,0,1.142,0,0,169.280,3.952,0,0,0.000,0,0.000,0.000
gen/random-even-30/s3,random,even,30,3,G-RTA-X,3,1,30,0,226.832,52.214,113.928,1697.024,9.699,0,3,1695,318339,26.026,5095.197,0,0.000,1,0.911,0,0,227.840,3.878,0,0,0.000,0,0.000,0.000
gen/random-even-30/s3,random,even,30,3,G-RTA,8,1,30,0,162.576,22.476,46.992,3671.697,18.644,0,8,2829,574807,18.090,7816.121,0,0.000,8,0.010,0,0,163.584,6.521,0,0,0.000,0,0.000,0.000
gen/random-even-30/s3,random,even,30,3,G-RTA-X,5,1,30,0,164.656,24.789,43.288,2115.702,11.741,0,5,2914,434826,18.643,4925.559,0,0.000,0,2.776,0,0,165.664,3.962,0,0,0.000,0,0.000,0.000
gen/random-even-30/s3,random,even,30,3,G-RTA-X,8,1,30,0,164.720,20.919,36.592,3899.262,18.938,0,8,7199,841519,15.638,14040.564,0,0.000,1,0.028,0,0,165.728,5.728,0,0,0.000,0,0.000,0.000
gen/random-even-30/s3,random,even,30,3,G-STA,3,1,30,0,226.832,52.214,113.928,1697.024,9.699,0,3,1695,318339,25.667,10913.965,0,0.000,1,0.911,0,0,227.840,3.788,0,0,0.000,0,0.000,0.000
gen/random-even-30/s3,random,even,30,3,G-STA,5,1,30,0,164.656,24.789,43.288,2115.702,11.741,0,5,2914,434826,18.954,7292.323,0,0.000,0,2.776,0,0,165.664,4.017,0,0,0.000,0,0.000,0.000
gen/random-even-30/s3,random,even,30,3,G-CBBA,3,1,30,0,232.656,51.067,114.976,1694.961,9.943,0,3,2046,385356,6.130,395.806,0,0.000,1,0.094,0,0,233.664,2.044,0,0,0.000,0,0.000,0.000
gen/random-even-30/s3,random,even,30,3,G-CBBA,5,1,30,0,170.832,27.510,47.248,2355.183,12.178,0,5,2722,477756,10.439,3645.711,0,0.000,0,3.697,0,0,171.840,3.304,0,0,0.000,0,0.000,0.000
gen/random-even-30/s3,random,even,30,3,G-STA,8,1,30,0,164.720,20.919,36.592,3899.262,18.938,0,8,7199,841519,15.571,3965.173,0,0.000,1,0.028,0,0,165.728,5.699,0,0,0.000,0,0.000,0.000
gen/random-even-30/s3,random,even,30,3,G-CBBA,8,1,30,0,166.544,21.726,35.408,3825.799,19.119,0,8,4703,772104,7.444,5343.790,0,0.000,3,0.247,0,0,167.552,4.743,0,0,0.000,0,0.000,0.000
gen/random-even-30/s3,random,even,30,3,G-LDTA2,3,1,30,0,226.832,52.214,113.928,1697.024,9.699,0,3,1695,318339,31.014,11191.385,0,0.000,1,0.911,0,0,227.840,4.493,0,0,0.000,0,0.000,0.000
gen/random-even-30/s3,random,even,30,3,G-C,3,1,30,0,221.296,51.171,121.992,1603.907,9.260,0,3,1680,309418,0.116,35.121,60,0.085,0,8.140,0,0,222.304,1.577,0,0,0.000,0,0.000,0.000
gen/random-even-30/s3,random,even,30,3,G-LDTA2,5,1,30,0,164.656,24.789,43.288,2115.702,11.741,0,5,2914,434826,22.169,20105.499,0,0.000,0,2.776,0,0,165.664,4.502,0,0,0.000,0,0.000,0.000
gen/random-even-30/s3,random,even,30,3,G-C,5,1,30,0,174.864,30.556,45.304,2085.642,11.793,0,5,2226,401895,0.127,75.362,59,0.037,0,2.959,0,0,175.872,2.100,0,0,0.000,0,0.000,0.000
gen/random-even-30/s3,random,even,30,3,G-LDTA2,8,1,30,0,164.720,20.919,36.592,3899.262,18.938,0,8,7199,841519,19.761,12105.018,0,0.000,1,0.028,0,0,165.728,6.762,0,0,0.000,0,0.000,0.000
gen/random-even-30/s3,random,even,30,3,G-C,8,1,30,0,179.056,30.707,42.808,2208.043,13.282,0,5,3584,649571,0.103,127.147,60,0.047,0,4.189,0,0,180.064,3.085,0,0,0.000,0,0.000,0.000
gen/random-even-30/s4,random,even,30,4,S1,1,1,30,0,500.896,194.803,470.896,1064.058,7.116,0,1,1208,234729,0.237,1020.988,30,1.021,0,-1.000,0,0,501.904,1.119,0,0,0.000,0,0.000,0.000
gen/random-even-30/s4,random,even,30,4,G-RTA,3,1,30,0,217.744,47.252,129.808,1709.599,9.309,0,3,1475,294311,25.853,21806.744,0,0.000,0,3.913,0,0,218.752,3.803,0,0,0.000,0,0.000,0.000
gen/random-even-30/s4,random,even,30,4,G-RTA,5,1,30,0,175.984,22.802,44.080,2615.857,12.558,0,5,1946,391782,17.630,2486.740,0,0.000,3,0.310,0,0,176.992,4.349,0,0,0.000,0,0.000,0.000
gen/random-even-30/s4,random,even,30,4,G-RTA-X,3,1,30,0,217.808,47.304,129.968,1620.770,9.302,0,3,1637,306406,25.359,4284.411,0,0.000,0,2.445,0,0,218.816,3.709,0,0,0.000,0,0.000,0.000
gen/random-even-30/s4,random,even,30,4,G-RTA-X,5,1,30,0,174.480,25.163,44.488,2411.221,12.464,0,5,2673,435688,20.263,23685.296,0,0.000,0,3.024,0,0,175.488,4.555,0,0,0.000,0,0.000,0.000
gen/random-even-30/s4,random,even,30,4,G-RTA,8,1,30,0,169.552,22.250,37.160,3950.494,19.401,0,8,2951,601176,18.623,8138.941,0,0.000,9,0.017,0,0,170.560,7.276,0,0,0.000,0,0.000,0.000
gen/random-even-30/s4,random,even,30,4,G-RTA-X,8,1,30,0,163.312,21.877,43.472,3826.969,18.714,0,8,7792,879145,17.178,2669.237,0,0.000,1,0.313,0,0,164.320,6.277,0,0,0.000,0,0.000,0.000
gen/random-even-30/s4,random,even,30,4,G-STA,3,1,30,0,217.808,47.304,129.968,1620.770,9.302,0,3,1637,306406,27.652,2676.528,0,0.000,0,2.445,0,0,218.816,4.000,0,0,0.000,0,0.000,0.000
gen/random-even-30/s4,random,even,30,4,G-STA,5,1,30,0,174.480,25.163,44.488,2411.221,12.464,0,5,2673,435688,21.061,12499.335,0,0.000,0,3.024,0,0,175.488,4.782,0,0,0.000,0,0.000,0.000
gen/random-even-30/s4,random,even,30,4,G-CBBA,3,1,30,0,223.888,49.835,191.200,1686.301,9.583,0,3,2013,377953,6.647,5167.525,0,0.000,0,3.331,0,0,224.896,2.177,0,0,0.000,0,0.000,0.000
gen/random-even-30/s4,random,even,30,4,G-CBBA,5,1,30,0,175.536,25.705,43.224,2373.099,12.515,0,5,2833,491139,9.268,8826.797,0,0.000,1,0.038,0,0,176.544,3.251,0,0,0.000,0,0.000,0.000
gen/random-even-30/s4,random,even,30,4,G-STA,8,1,30,0,163.312,21.877,43.472,3826.969,18.714,0,8,7792,879145,18.209,8158.310,0,0.000,1,0.313,0,0,164.320,6.616,0,0,0.000,0,0.000,0.000
gen/random-even-30/s4,random,even,30,4,G-CBBA,8,1,30,0,164.848,20.155,28.128,3991.345,18.937,0,8,4505,749324,6.106,3204.534,0,0.000,0,2.181,0,0,165.856,4.056,0,0,0.000,0,0.000,0.000
gen/random-even-30/s4,random,even,30,4,G-LDTA2,3,1,30,0,217.808,47.304,129.968,1620.770,9.302,0,3,1637,306406,28.940,16682.617,0,0.000,0,2.445,0,0,218.816,4.052,0,0,0.000,0,0.000,0.000
gen/random-even-30/s4,random,even,30,4,G-C,3,1,30,0,224.048,51.089,199.048,1639.821,9.317,0,3,1695,312307,0.124,40.981,60,0.099,0,11.693,0,0,225.056,1.576,0,0,0.000,0,0.000,0.000
gen/random-even-30/s4,random,even,30,4,G-LDTA2,5,1,30,0,174.480,25.163,44.488,2411.221,12.464,0,5,2673,435688,22.567,16128.729,0,0.000,0,3.024,0,0,175.488,4.940,0,0,0.000,0,0.000,0.000
gen/random-even-30/s4,random,even,30,4,G-C,5,1,30,0,186.000,32.868,54.480,2336.306,12.211,0,5,2353,426882,0.125,79.592,60,0.086,0,4.964,0,0,187.008,2.247,0,0,0.000,0,0.000,0.000
gen/random-even-30/s4,random,even,30,4,G-C,8,1,30,0,165.008,28.394,54.288,2256.867,12.947,0,6,3350,603026,0.126,151.282,60,0.038,0,5.335,0,0,166.016,3.259,0,0,0.000,0,0.000,0.000
gen/random-even-30/s4,random,even,30,4,G-LDTA2,8,1,30,0,163.312,21.877,43.472,3826.969,18.714,0,8,7792,879145,23.031,4883.457,0,0.000,1,0.313,0,0,164.320,7.796,0,0,0.000,0,0.000,0.000
gen/random-even-30/s5,random,even,30,5,S1,1,1,30,0,502.432,188.486,421.344,1133.402,7.152,0,1,1211,235374,0.203,659.777,30,0.660,0,-1.000,0,0,503.440,1.023,0,0,0.000,0,0.000,0.000
gen/random-even-30/s5,random,even,30,5,G-RTA,3,1,30,0,220.688,46.521,102.104,1771.386,9.450,0,3,1494,298792,23.353,2212.632,0,0.000,1,0.797,0,0,221.696,3.494,0,0,0.000,0,0.000,0.000
gen/random-even-30/s5,random,even,30,5,G-RTA,5,1,30,0,169.456,22.713,38.664,2376.686,12.122,0,5,1880,379543,17.849,5755.900,0,0.000,4,0.185,0,0,170.464,4.124,0,0,0.000,0,0.000,0.000
gen/random-even-30/s5,random,even,30,5,G-RTA-X,3,1,30,0,223.632,46.354,137.952,1714.158,9.558,0,3,1765,319999,25.340,4453.249,0,0.000,0,2.683,0,0,224.640,3.843,0,0,0.000,0,0.000,0.000
gen/random-even-30/s5,random,even,30,5,G-RTA-X,5,1,30,0,167.760,22.316,47.856,2134.462,11.962,0,5,2732,426904,17.861,16098.311,0,0.000,1,0.535,0,0,168.768,4.021,0,0,0.000,0,0.000,0.000
gen/random-even-30/s5,random,even,30,5,G-RTA,8,1,30,0,161.296,21.555,42.608,3444.802,18.506,0,8,2813,572760,17.988,4655.819,0,0.000,21,0.029,0,0,162.304,6.535,0,0,0.000,0,0.000,0.000
gen/random-even-30/s5,random,even,30,5,G-STA,3,1,30,0,223.632,46.354,137.952,1714.158,9.558,0,3,1765,319999,23.239,1379.739,0,0.000,0,2.683,0,0,224.640,3.528,0,0,0.000,0,0.000,0.000
gen/random-even-30/s5,random,even,30,5,G-RTA-X,8,1,30,0,162.608,21.559,34.632,3903.037,18.716,0,8,6820,817313,16.179,3596.868,0,0.000,1,0.975,0,0,163.616,5.781,0,0,0.000,0,0.000,0.000
gen/random-even-30/s5,random,even,30,5,G-STA,5,1,30,0,167.760,22.316,47.856,2134.462,11.962,0,5,2732,426904,16.921,1898.586,0,0.000,1,0.535,0,0,168.768,3.866,0,0,0.000,0,0.000,0.000
gen/random-even-30/s5,random,even,30,5,G-CBBA,3,1,30,0,222.096,46.811,156.320,1741.457,9.494,0,3,1933,365394,7.550,2994.800,0,0.000,0,2.976,0,0,223.104,2.141,0,0,0.000,0,0.000,0.000
gen/random-even-30/s5,random,even,30,5,G-CBBA,5,1,30,0,169.776,22.913,35.696,2179.758,12.117,0,5,2696,469134,7.719,3138.352,0,0.000,0,2.076,0,0,170.784,2.859,0,0,0.000,0,0.000,0.000
gen/random-even-30/s5,random,even,30,5,G-STA,8,1,30,0,162.608,21.559,34.632,3903.037,18.716,0,8,6820,817313,17.197,5735.422,0,0.000,1,0.975,0,0,163.616,6.184,0,0,0.000,0,0.000,0.000
gen/random-even-30/s5,random,even,30,5,G-CBBA,8,1,30,0,165.648,20.326,31.136,3979.400,19.094,0,7,4448,744419,6.337,5277.497,0,0.000,2,0.136,0,0,166.656,4.150,0,0,0.000,0,0.000,0.000
gen/random-even-30/s5,random,even,30,5,G-LDTA2,3,1,30,0,223.632,46.354,137.952,1714.158,9.558,0,3,1765,319999,26.483,2090.760,0,0.000,0,2.683,0,0,224.640,3.951,0,0,0.000,0,0.000,0.000
gen/random-even-30/s5,random,even,30,5,G-C,3,1,30,0,218.320,47.651,138.320,1527.074,9.133,0,3,1658,304134,0.101,103.327,60,0.073,0,8.108,0,0,219.328,1.330,0,0,0.000,0,0.000,0.000
gen/random-even-30/s5,random,even,30,5,G-LDTA2,5,1,30,0,167.760,22.316,47.856,2134.462,11.962,0,5,2732,426904,20.513,3506.776,0,0.000,1,0.535,0,0,168.768,4.382,0,0,0.000,0,0.000,0.000
gen/random-even-30/s5,random,even,30,5,G-C,5,1,30,0,176.080,30.958,45.040,1971.064,11.452,0,5,2246,405186,0.115,98.116,60,0.051,0,5.448,0,0,177.088,2.043,0,0,0.000,0,0.000,0.000
gen/random-even-30/s5,random,even,30,5,G-C,8,1,30,0,169.008,30.998,64.976,1993.684,11.668,0,5,3414,615944,0.100,811.438,60,0.077,0,3.679,0,0,170.016,2.647,0,0,0.000,0,0.000,0.000
gen/random-even-30/s5,random,even,30,5,G-LDTA2,8,1,30,0,162.608,21.559,34.632,3903.037,18.716,0,8,6820,817313,20.299,3587.250,0,0.000,1,0.975,0,0,163.616,6.786,0,0,0.000,0,0.000,0.000
gen/random-static-30/s1,random,static,30,1,S1,1,1,30,0,466.976,243.890,466.976,849.584,6.627,0,1,1130,218821,0.145,2236.394,1,2.236,0,-1.000,0,0,467.984,0.941,0,0,0.000,0,0.000,0.000
gen/random-static-30/s1,random,static,30,1,G-RTA,3,1,30,0,196.912,98.738,196.912,1246.384,8.383,0,3,1339,266643,51.524,2778.516,0,0.000,0,1.456,0,0,197.920,5.287,0,0,0.000,0,0.000,0.000
gen/random-static-30/s1,random,static,30,1,G-RTA,5,1,30,0,142.704,74.738,142.704,1544.948,10.140,0,5,1594,320474,54.870,5724.988,0,0.000,2,0.057,0,0,143.712,6.847,0,0,0.000,0,0.000,0.000
gen/random-static-30/s1,random,static,30,1,G-RTA-X,3,1,30,0,196.912,98.666,196.912,1149.501,8.378,0,3,1485,277641,50.665,2889.959,0,0.000,0,2.520,0,0,197.920,5.193,0,0,0.000,0,0.000,0.000
gen/random-static-30/s1,random,static,30,1,G-RTA,8,1,30,0,110.592,62.106,110.592,1996.338,12.619,0,8,1955,395801,62.986,138711.497,0,0.000,1,0.541,0,0,111.600,9.776,0,0,0.000,0,0.000,0.000
gen/random-static-30/s1,random,static,30,1,G-RTA-X,5,1,30,0,143.248,74.858,143.248,1541.552,10.175,0,5,1796,335292,54.385,4136.625,0,0.000,0,1.757,0,0,144.256,6.754,0,0,0.000,0,0.000,0.000
gen/random-static-30/s1,random,static,30,1,G-STA,3,1,30,0,196.912,98.666,196.912,1149.501,8.378,0,3,1485,277641,49.027,2138.385,0,0.000,0,2.520,0,0,197.920,5.043,0,0,0.000,0,0.000,0.000
gen/random-static-30/s1,random,static,30,1,G-CBBA,3,1,30,0,189.168,97.239,189.168,1130.190,8.066,0,3,1598,316658,2.682,4820.790,0,0.000,0,2.520,0,0,190.176,1.454,0,0,0.000,0,0.000,0.000
gen/random-static-30/s1,random,static,30,1,G-RTA-X,8,1,30,0,116.160,63.491,116.160,1734.650,13.199,0,8,2830,460410,58.407,2037.281,0,0.000,0,2.541,0,0,117.168,9.577,0,0,0.000,0,0.000,0.000
gen/random-static-30/s1,random,static,30,1,G-CBBA,5,1,30,0,146.768,74.624,146.768,1533.845,10.429,0,5,2436,466836,8.231,2312.948,0,0.000,0,1.688,0,0,147.776,2.643,0,0,0.000,0,0.000,0.000
gen/random-static-30/s1,random,static,30,1,G-STA,5,1,30,0,143.248,74.858,143.248,1541.552,10.175,0,5,1796,335292,55.279,12221.345,0,0.000,0,1.757,0,0,144.256,6.917,0,0,0.000,0,0.000,0.000
gen/random-static-30/s1,random,static,30,1,G-CBBA,8,1,30,0,110.496,60.983,110.496,1732.010,12.566,0,8,2865,603404,14.395,2964.405,0,0.000,0,2.633,0,0,111.504,4.163,0,0,0.000,0,0.000,0.000
gen/random-static-30/s1,random,static,30,1,G-STA,8,1,30,0,116.160,63.491,116.160,1734.650,13.199,0,8,2830,460410,60.733,3802.519,0,0.000,0,2.541,0,0,117.168,9.984,0,0,0.000,0,0.000,0.000
gen/random-static-30/s1,random,static,30,1,G-C,3,1,30,0,208.144,99.814,208.144,1314.031,8.868,0,3,1503,286893,0.122,44.089,31,1.225,0,2.520,0,0,209.152,1.433,0,0,0.000,0,0.000,0.000
gen/random-static-30/s1,random,static,30,1,G-LDTA2,3,1,30,0,196.912,98.666,196.912,1149.501,8.378,0,3,1485,277641,59.229,11434.920,0,0.000,0,2.520,0,0,197.920,6.092,0,0,0.000,0,0.000,0.000
gen/random-static-30/s1,random,static,30,1,G-C,5,1,30,0,135.536,73.723,135.536,1349.682,9.626,0,5,1668,311677,0.135,118.114,31,1.642,0,2.562,0,0,136.544,1.727,0,0,0.000,0,0.000,0.000
gen/random-static-30/s1,random,static,30,1,G-LDTA2,5,1,30,0,143.248,74.858,143.248,1541.552,10.175,0,5,1796,335292,63.068,6110.933,0,0.000,0,1.757,0,0,144.256,7.861,0,0,0.000,0,0.000,0.000
gen/random-static-30/s1,random,static,30,1,G-C,8,1,30,0,117.280,61.683,117.280,1715.538,13.309,0,8,2300,426062,0.140,111.895,30,1.171,0,2.267,0,0,118.288,2.479,0,0,0.000,0,0.000,0.000
gen/random-static-30/s1,random,static,30,1,G-LDTA2,8,1,30,0,116.160,63.491,116.160,1734.650,13.199,0,8,2830,460410,64.162,4015.856,0,0.000,0,2.541,0,0,117.168,10.372,0,0,0.000,0,0.000,0.000
gen/random-static-30/s2,random,static,30,2,S1,1,1,30,0,519.152,275.254,519.152,1025.082,7.363,0,1,1249,242613,0.142,1654.858,1,1.655,0,-1.000,0,0,520.160,1.095,0,0,0.000,0,0.000,0.000
gen/random-static-30/s2,random,static,30,2,G-RTA,3,1,30,0,215.344,113.181,215.344,1443.244,9.178,0,3,1460,291660,57.687,11019.598,0,0.000,0,3.068,0,0,216.352,6.499,0,0,0.000,0,0.000,0.000
gen/random-static-30/s2,random,static,30,2,G-RTA,5,1,30,0,167.024,85.367,167.024,1988.739,11.828,0,5,1849,372226,56.849,11172.461,0,0.000,5,0.062,0,0,168.032,8.380,0,0,0.000,0,0.000,0.000
gen/random-static-30/s2,random,static,30,2,G-RTA-X,3,1,30,0,214.576,112.887,214.576,1430.764,9.147,0,3,1602,301759,53.831,4085.123,0,0.000,0,2.404,0,0,215.584,6.031,0,0,0.000,0,0.000,0.000
gen/random-static-30/s2,random,static,30,2,G-RTA,8,1,30,0,131.888,69.270,131.888,2571.808,14.968,0,8,2311,468332,58.402,2574.936,0,0.000,2,0.009,0,0,132.896,11.087,0,0,0.000,0,0.000,0.000
gen/random-static-30/s2,random,static,30,2,G-RTA-X,5,1,30,0,153.840,82.422,153.840,1560.687,10.916,0,5,2300,380736,58.248,4302.412,0,0.000,0,2.308,0,0,154.848,7.818,0,0,0.000,0,0.000,0.000
gen/random-static-30/s2,random,static,30,2,G-STA,3,1,30,0,214.576,112.887,214.576,1430.764,9.147,0,3,1602,301759,54.311,3648.510,0,0.000,0,2.404,0,0,215.584,6.089,0,0,0.000,0,0.000,0.000
gen/random-static-30/s2,random,static,30,2,G-RTA-X,8,1,30,0,121.472,67.323,121.472,2054.034,13.801,0,8,3023,487533,63.953,5109.612,0,0.000,0,2.645,0,0,122.480,10.939,0,0,0.000,0,0.000,0.000
gen/random-static-30/s2,random,static,30,2,G-STA,5,1,30,0,153.840,82.422,153.840,1560.687,10.916,0,5,2300,380736,58.398,3350.603,0,0.000,0,2.308,0,0,154.848,7.854,0,0,0.000,0,0.000,0.000
gen/random-static-30/s2,random,static,30,2,G-CBBA,3,1,30,0,215.920,107.664,215.920,1363.754,9.198,0,3,1809,356899,3.044,1129.107,0,0.000,0,2.924,0,0,216.928,1.696,0,0,0.000,0,0.000,0.000
gen/random-static-30/s2,random,static,30,2,G-CBBA,5,1,30,0,158.736,82.358,158.736,1734.389,11.279,0,5,2385,484086,7.767,1651.845,0,0.000,0,2.924,0,0,159.744,2.738,0,0,0.000,0,0.000,0.000
gen/random-static-30/s2,random,static,30,2,G-CBBA,8,1,30,0,123.456,67.773,123.456,2235.945,14.038,0,8,3280,671797,13.467,4489.542,0,0.000,0,1.695,0,0,124.464,4.467,0,0,0.000,0,0.000,0.000
gen/random-static-30/s2,random,static,30,2,G-STA,8,1,30,0,121.472,67.323,121.472,2054.034,13.801,0,8,3023,487533,63.224,3994.928,0,0.000,0,2.645,0,0,122.480,10.883,0,0,0.000,0,0.000,0.000
gen/random-static-30/s2,random,static,30,2,G-C,3,1,30,0,222.448,109.300,222.448,1521.630,9.482,0,3,1599,307503,0.114,42.208,31,2.086,0,2.756,0,0,223.456,1.521,0,0,0.000,0,0.000,0.000
gen/random-static-30/s2,random,static,30,2,G-C,5,1,30,0,148.400,81.391,148.400,1577.766,10.524,0,5,1805,339325,0.124,71.737,31,1.738,0,2.404,0,0,149.408,1.884,0,0,0.000,0,0.000,0.000
gen/random-static-30/s2,random,static,30,2,G-LDTA2,3,1,30,0,214.576,112.887,214.576,1430.764,9.147,0,3,1602,301759,59.489,16638.729,0,0.000,0,2.404,0,0,215.584,6.580,0,0,0.000,0,0.000,0.000
gen/random-static-30/s2,random,static,30,2,G-C,8,1,30,0,119.968,67.290,119.968,2083.197,13.624,0,8,2365,440465,0.121,100.101,31,1.656,0,2.665,0,0,120.976,2.403,0,0,0.000,0,0.000,0.000
gen/random-static-30/s2,random,static,30,2,G-LDTA2,5,1,30,0,153.840,82.422,153.840,1560.687,10.916,0,5,2300,380736,63.224,11427.628,0,0.000,0,2.308,0,0,154.848,8.368,0,0,0.000,0,0.000,0.000
gen/random-static-30/s2,random,static,30,2,G-LDTA2,8,1,30,0,121.472,67.323,121.472,2054.034,13.801,0,8,3023,487533,66.855,7071.553,0,0.000,0,2.645,0,0,122.480,11.353,0,0,0.000,0,0.000,0.000
gen/random-static-30/s3,random,static,30,3,S1,1,1,30,0,482.048,250.175,482.048,910.970,6.836,0,1,1165,226118,0.112,915.028,1,0.915,0,-1.000,0,0,483.056,0.940,0,0,0.000,0,0.000,0.000
gen/random-static-30/s3,random,static,30,3,G-RTA,3,1,30,0,202.576,105.002,202.576,1385.857,8.642,0,3,1376,274736,53.164,4003.484,0,0.000,0,3.143,0,0,203.584,5.621,0,0,0.000,0,0.000,0.000
gen/random-static-30/s3,random,static,30,3,G-RTA,5,1,30,0,143.952,77.169,143.952,1661.654,10.210,0,5,1604,322179,57.186,7347.612,0,0.000,0,2.107,0,0,144.960,7.222,0,0,0.000,0,0.000,0.000
gen/random-static-30/s3,random,static,30,3,G-RTA-X,3,1,30,0,202.576,104.901,202.576,1311.113,8.640,0,3,1530,286233,51.985,3156.804,0,0.000,0,3.131,0,0,203.584,5.452,0,0,0.000,0,0.000,0.000
gen/random-static-30/s3,random,static,30,3,G-RTA,8,1,30,0,112.544,63.974,112.544,2109.809,12.834,0,8,1987,401499,62.850,5002.258,0,0.000,0,3.007,0,0,113.552,9.961,0,0,0.000,0,0.000,0.000
gen/random-static-30/s3,random,static,30,3,G-RTA-X,5,1,30,0,143.952,77.075,143.952,1448.215,10.214,0,5,2422,371832,55.597,2561.459,0,0.000,0,2.751,0,0,144.960,6.945,0,0,0.000,0,0.000,0.000
gen/random-static-30/s3,random,static,30,3,G-STA,3,1,30,0,202.576,104.901,202.576,1311.113,8.640,0,3,1530,286233,54.025,5309.616,0,0.000,0,3.131,0,0,203.584,5.680,0,0,0.000,0,0.000,0.000
gen/random-static-30/s3,random,static,30,3,G-RTA-X,8,1,30,0,117.120,66.113,117.120,2155.071,13.335,0,8,2643,451811,63.530,6890.493,0,0.000,0,1.469,0,0,118.128,10.459,0,0,0.000,0,0.000,0.000
gen/random-static-30/s3,random,static,30,3,G-CBBA,3,1,30,0,209.616,101.345,209.616,1425.576,8.938,0,3,1776,350011,3.640,3022.949,0,0.000,1,0.877,0,0,210.624,1.703,0,0,0.000,0,0.000,0.000
gen/random-static-30/s3,random,static,30,3,G-STA,5,1,30,0,143.952,77.075,143.952,1448.215,10.214,0,5,2422,371832,59.110,16778.863,0,0.000,0,2.751,0,0,144.960,7.361,0,0,0.000,0,0.000,0.000
gen/random-static-30/s3,random,static,30,3,G-CBBA,5,1,30,0,158.064,76.227,158.064,1665.189,11.223,0,5,2590,491003,6.951,494.072,0,0.000,1,0.450,0,0,159.072,2.524,0,0,0.000,0,0.000,0.000
gen/random-static-30/s3,random,static,30,3,G-CBBA,8,1,30,0,119.456,64.333,119.456,2088.649,13.605,0,8,3157,661851,13.448,1576.673,0,0.000,0,1.744,0,0,120.464,4.152,0,0,0.000,0,0.000,0.000
gen/random-static-30/s3,random,static,30,3,G-STA,8,1,30,0,117.120,66.113,117.120,2155.071,13.335,0,8,2643,451811,62.143,3068.277,0,0.000,0,1.469,0,0,118.128,10.141,0,0,0.000,0,0.000,0.000
gen/random-static-30/s3,random,static,30,3,G-C,3,1,30,0,195.536,99.053,195.536,1333.618,8.341,0,3,1423,271038,0.105,36.568,31,2.261,0,3.559,0,0,196.544,1.274,0,0,0.000,0,0.000,0.000
gen/random-static-30/s3,random,static,30,3,G-C,5,1,30,0,143.152,73.820,143.152,1535.385,10.167,0,5,1754,329372,0.121,64.190,31,1.156,0,2.197,0,0,144.160,1.715,0,0,0.000,0,0.000,0.000
gen/random-static-30/s3,random,static,30,3,G-LDTA2,3,1,30,0,202.576,104.901,202.576,1311.113,8.640,0,3,1530,286233,56.766,2865.278,0,0.000,0,3.131,0,0,203.584,5.916,0,0,0.000,0,0.000,0.000
gen/random-static-30/s3,random,static,30,3,G-LDTA2,5,1,30,0,143.952,77.075,143.952,1448.215,10.214,0,5,2422,371832,58.623,1683.854,0,0.000,0,2.751,0,0,144.960,7.290,0,0,0.000,0,0.000,0.000
gen/random-static-30/s3,random,static,30,3,G-C,8,1,30,0,113.952,61.534,113.952,1807.938,12.944,0,8,2259,417271,0.132,67.413,31,1.077,0,2.515,0,0,114.960,2.422,0,0,0.000,0,0.000,0.000
gen/random-static-30/s3,random,static,30,3,G-LDTA2,8,1,30,0,117.120,66.113,117.120,2155.071,13.335,0,8,2643,451811,67.044,4525.912,0,0.000,0,1.469,0,0,118.128,10.916,0,0,0.000,0,0.000,0.000
gen/random-static-30/s4,random,static,30,4,S1,1,1,30,0,475.616,245.005,475.616,979.883,6.768,0,1,1150,222669,0.165,3003.027,1,3.003,0,-1.000,0,0,476.624,1.052,0,0,0.000,0,0.000,0.000
gen/random-static-30/s4,random,static,30,4,G-RTA,3,1,30,0,208.848,100.727,208.848,1570.065,8.909,0,3,1416,282022,49.207,6258.412,0,0.000,1,0.193,0,0,209.856,5.432,0,0,0.000,0,0.000,0.000
gen/random-static-30/s4,random,static,30,4,G-RTA,5,1,30,0,148.720,75.687,148.720,1800.946,10.569,0,5,1655,331605,56.643,12783.063,0,0.000,1,0.186,0,0,149.728,7.514,0,0,0.000,0,0.000,0.000
gen/random-static-30/s4,random,static,30,4,G-RTA-X,3,1,30,0,208.848,100.727,208.848,1421.539,8.914,0,3,1556,292412,51.398,11486.389,0,0.000,0,3.312,0,0,209.856,5.628,0,0,0.000,0,0.000,0.000
gen/random-static-30/s4,random,static,30,4,G-RTA,8,1,30,0,121.600,64.167,121.600,2565.656,13.878,0,8,2141,433533,57.775,6241.226,0,0.000,2,0.236,0,0,122.608,10.056,0,0,0.000,0,0.000,0.000
gen/random-static-30/s4,random,static,30,4,G-RTA-X,5,1,30,0,135.888,75.001,135.888,1483.075,9.672,0,5,1675,315888,58.556,2146.800,0,0.000,0,2.837,0,0,136.896,6.831,0,0,0.000,0,0.000,0.000
gen/random-static-30/s4,random,static,30,4,G-STA,3,1,30,0,208.848,100.727,208.848,1421.539,8.914,0,3,1556,292412,48.373,1783.711,0,0.000,0,3.312,0,0,209.856,5.301,0,0,0.000,0,0.000,0.000
gen/random-static-30/s4,random,static,30,4,G-RTA-X,8,1,30,0,121.600,63.982,121.600,1843.188,13.815,0,8,2644,465119,58.294,17538.194,0,0.000,0,2.389,0,0,122.608,10.079,0,0,0.000,0,0.000,0.000
gen/random-static-30/s4,random,static,30,4,G-CBBA,3,1,30,0,218.096,101.672,218.096,1678.817,9.321,0,3,1943,373172,2.983,348.977,0,0.000,0,3.312,0,0,219.104,1.659,0,0,0.000,0,0.000,0.000
gen/random-static-30/s4,random,static,30,4,G-STA,5,1,30,0,135.888,75.001,135.888,1483.075,9.672,0,5,1675,315888,59.082,3960.405,0,0.000,0,2.837,0,0,136.896,6.937,0,0,0.000,0,0.000,0.000
gen/random-static-30/s4,random,static,30,4,G-CBBA,5,1,30,0,138.576,75.811,138.576,1532.669,9.860,0,5,2108,424398,7.589,900.273,0,0.000,0,3.229,0,0,139.584,2.271,0,0,0.000,0,0.000,0.000
gen/random-static-30/s4,random,static,30,4,G-CBBA,8,1,30,0,121.760,66.581,121.760,2209.745,13.890,0,8,3236,670093,13.799,1995.335,0,0.000,1,0.974,0,0,122.768,4.225,0,0,0.000,0,0.000,0.000
gen/random-static-30/s4,random,static,30,4,G-STA,8,1,30,0,121.600,63.982,121.600,1843.188,13.815,0,8,2644,465119,59.726,2493.681,0,0.000,0,2.389,0,0,122.608,10.241,0,0,0.000,0,0.000,0.000
gen/random-static-30/s4,random,static,30,4,G-C,3,1,30,0,191.280,100.394,191.280,1298.382,8.181,0,3,1398,266470,0.119,52.655,31,1.264,0,2.872,0,0,192.288,1.338,0,0,0.000,0,0.000,0.000
gen/random-static-30/s4,random,static,30,4,G-LDTA2,3,1,30,0,208.848,100.727,208.848,1421.539,8.914,0,3,1556,292412,52.997,3268.850,0,0.000,0,3.312,0,0,209.856,5.779,0,0,0.000,0,0.000,0.000
gen/random-static-30/s4,random,static,30,4,G-C,5,1,30,0,138.576,76.916,138.576,1647.666,9.871,0,5,1698,316929,0.119,52.177,31,1.329,0,2.998,0,0,139.584,1.652,0,0,0.000,0,0.000,0.000
gen/random-static-30/s4,random,static,30,4,G-C,8,1,30,0,111.712,64.184,111.712,2040.242,12.722,0,8,2211,409624,0.130,480.426,30,1.328,0,2.043,0,0,112.720,2.217,0,0,0.000,0,0.000,0.000
gen/random-static-30/s4,random,static,30,4,G-LDTA2,5,1,30,0,135.888,75.001,135.888,1483.075,9.672,0,5,1675,315888,62.988,4159.974,0,0.000,0,2.837,0,0,136.896,7.300,0,0,0.000,0,0.000,0.000
gen/random-static-30/s4,random,static,30,4,G-LDTA2,8,1,30,0,121.600,63.982,121.600,1843.188,13.815,0,8,2644,465119,61.206,4692.772,0,0.000,0,2.389,0,0,122.608,10.384,0,0,0.000,0,0.000,0.000
gen/random-static-30/s5,random,static,30,5,S1,1,1,30,0,526.544,261.869,526.544,1037.784,7.463,0,1,1266,245772,0.117,1635.405,1,1.635,0,-1.000,0,0,527.552,1.016,0,0,0.000,0,0.000,0.000
gen/random-static-30/s5,random,static,30,5,G-RTA,3,1,30,0,219.440,107.877,219.440,1450.781,9.344,0,3,1488,297691,49.257,3626.588,0,0.000,0,3.305,0,0,220.448,5.718,0,0,0.000,0,0.000,0.000
gen/random-static-30/s5,random,static,30,5,G-RTA,5,1,30,0,160.240,79.295,160.240,1856.929,11.368,0,5,1778,358454,54.381,11495.345,0,0.000,3,0.197,0,0,161.248,7.803,0,0,0.000,0,0.000,0.000
gen/random-static-30/s5,random,static,30,5,G-RTA,8,1,30,0,120.960,64.969,120.960,2190.188,13.753,0,8,2125,430821,60.573,3831.324,0,0.000,0,2.861,0,0,121.968,10.527,0,0,0.000,0,0.000,0.000
gen/random-static-30/s5,random,static,30,5,G-RTA-X,3,1,30,0,219.440,107.877,219.440,1417.123,9.337,0,3,1896,323898,52.788,6378.702,0,0.000,0,3.344,0,0,220.448,6.168,0,0,0.000,0,0.000,0.000
gen/random-static-30/s5,random,static,30,5,G-RTA-X,5,1,30,0,164.208,81.823,164.208,1606.534,11.631,0,5,2516,408940,53.125,9813.062,0,0.000,0,2.917,0,0,165.216,7.668,0,0,0.000,0,0.000,0.000
gen/random-static-30/s5,random,static,30,5,G-STA,3,1,30,0,219.440,107.877,219.440,1417.123,9.337,0,3,1896,323898,51.038,2816.558,0,0.000,0,3.344,0,0,220.448,5.925,0,0,0.000,0,0.000,0.000
gen/random-static-30/s5,random,static,30,5,G-RTA-X,8,1,30,0,123.616,65.341,123.616,1847.457,14.007,0,8,3273,507450,57.290,3253.739,0,0.000,0,1.193,0,0,124.624,10.030,0,0,0.000,0,0.000,0.000
gen/random-static-30/s5,random,static,30,5,G-CBBA,3,1,30,0,230.128,107.879,230.128,1551.386,9.799,0,3,1962,387107,2.895,400.355,0,0.000,1,0.878,0,0,231.136,1.834,0,0,0.000,0,0.000,0.000
gen/random-static-30/s5,random,static,30,5,G-STA,5,1,30,0,164.208,81.823,164.208,1606.534,11.631,0,5,2516,408940,53.469,6058.569,0,0.000,0,2.917,0,0,165.216,7.718,0,0,0.000,0,0.000,0.000
gen/random-static-30/s5,random,static,30,5,G-CBBA,5,1,30,0,158.288,80.541,158.288,1799.374,11.239,0,5,2442,485866,6.557,3119.846,0,0.000,0,3.264,0,0,159.296,2.619,0,0,0.000,0,0.000,0.000
gen/random-static-30/s5,random,static,30,5,G-STA,8,1,30,0,123.616,65.341,123.616,1847.457,14.007,0,8,3273,507450,58.168,5119.749,0,0.000,0,1.193,0,0,124.624,10.200,0,0,0.000,0,0.000,0.000
gen/random-static-30/s5,random,static,30,5,G-CBBA,8,1,30,0,121.536,65.097,121.536,2086.128,13.814,0,8,3341,678249,14.105,2262.295,0,0.000,1,0.854,0,0,122.544,4.345,0,0,0.000,0,0.000,0.000
gen/random-static-30/s5,random,static,30,5,G-C,3,1,30,0,225.776,106.141,225.776,1438.003,9.605,0,3,1618,310463,0.109,402.862,31,1.174,0,1.845,0,0,226.784,1.463,0,0,0.000,0,0.000,0.000
gen/random-static-30/s5,random,static,30,5,G-C,5,1,30,0,151.824,79.445,151.824,1557.690,10.767,0,5,1846,348623,0.109,57.575,31,3.427,0,2.714,0,0,152.832,1.709,0,0,0.000,0,0.000,0.000
gen/random-static-30/s5,random,static,30,5,G-LDTA2,3,1,30,0,219.440,107.877,219.440,1417.123,9.337,0,3,1896,323898,53.268,5999.184,0,0.000,0,3.344,0,0,220.448,6.077,0,0,0.000,0,0.000,0.000
gen/random-static-30/s5,random,static,30,5,G-C,8,1,30,0,118.144,63.622,118.144,1817.106,13.401,0,8,2324,429495,0.117,319.255,31,1.231,0,2.755,0,0,119.152,2.246,0,0,0.000,0,0.000,0.000
gen/random-static-30/s5,random,static,30,5,G-LDTA2,5,1,30,0,164.208,81.823,164.208,1606.534,11.631,0,5,2516,408940,54.860,1874.536,0,0.000,0,2.917,0,0,165.216,7.833,0,0,0.000,0,0.000,0.000
gen/random-static-30/s5,random,static,30,5,G-LDTA2,8,1,30,0,123.616,65.341,123.616,1847.457,14.007,0,8,3273,507450,61.002,10407.654,0,0.000,0,1.193,0,0,124.624,10.517,0,0,0.000,0,0.000,0.000
gen/cluster-even-30/s1,cluster,even,30,1,S1,1,1,30,0,377.408,125.145,319.544,498.037,5.325,0,1,925,178079,0.210,652.868,30,0.653,0,-1.000,0,0,378.416,0.709,0,0,0.000,0,0.000,0.000
gen/cluster-even-30/s1,cluster,even,30,1,G-RTA,3,1,30,0,171.504,20.103,59.496,842.316,7.297,0,3,1178,234385,14.481,1398.926,0,0.000,1,0.117,0,0,172.512,2.057,0,0,0.000,0,0.000,0.000
gen/cluster-even-30/s1,cluster,even,30,1,G-RTA,5,1,30,0,157.872,16.601,30.112,1418.509,11.233,0,5,1752,351702,16.618,4183.458,0,0.000,15,0.017,0,0,158.880,3.958,0,0,0.000,0,0.000,0.000
gen/cluster-even-30/s1,cluster,even,30,1,G-RTA-X,3,1,30,0,176.176,21.288,62.752,814.732,7.490,0,3,1594,264362,15.926,7259.098,0,0.000,1,0.501,0,0,177.184,2.296,0,0,0.000,0,0.000,0.000
gen/cluster-even-30/s1,cluster,even,30,1,G-RTA,8,1,30,0,167.888,16.049,27.888,2655.332,19.104,0,8,2918,591417,15.137,3832.999,0,0.000,30,0.007,0,0,168.896,6.613,0,0,0.000,0,0.000,0.000
gen/cluster-even-30/s1,cluster,even,30,1,G-RTA-X,5,1,30,0,159.632,14.604,23.552,1354.180,11.365,0,5,4099,499042,13.126,4518.247,0,0.000,1,0.324,0,0,160.640,3.224,0,0,0.000,0,0.000,0.000
gen/cluster-even-30/s1,cluster,even,30,1,G-STA,3,1,30,0,176.176,21.288,62.752,814.732,7.490,0,3,1594,264362,15.258,2327.598,0,0.000,1,0.501,0,0,177.184,2.176,0,0,0.000,0,0.000,0.000
gen/cluster-even-30/s1,cluster,even,30,1,G-RTA-X,8,1,30,0,159.184,15.606,26.144,2609.693,18.319,0,8,10041,1007118,13.182,4066.502,0,0.000,12,0.039,0,0,160.192,5.310,0,0,0.000,0,0.000,0.000
gen/cluster-even-30/s1,cluster,even,30,1,G-STA,5,1,30,0,159.632,14.604,23.552,1354.180,11.365,0,5,4099,499042,11.715,2546.134,0,0.000,1,0.324,0,0,160.640,2.845,0,0,0.000,0,0.000,0.000
gen/cluster-even-30/s1,cluster,even,30,1,G-CBBA,3,1,30,0,174.576,22.187,84.192,871.192,7.446,0,3,1632,286772,8.582,1660.223,0,0.000,0,3.298,0,0,175.584,1.775,0,0,0.000,0,0.000,0.000
gen/cluster-even-30/s1,cluster,even,30,1,G-CBBA,5,1,30,0,157.360,14.704,26.624,1419.668,11.239,0,5,2671,440715,4.488,696.062,0,0.000,4,0.040,0,0,158.368,2.045,0,0,0.000,0,0.000,0.000
gen/cluster-even-30/s1,cluster,even,30,1,G-STA,8,1,30,0,159.184,15.606,26.144,2609.693,18.319,0,8,10041,1007118,12.933,4160.289,0,0.000,12,0.039,0,0,160.192,5.191,0,0,0.000,0,0.000,0.000
gen/cluster-even-30/s1,cluster,even,30,1,G-CBBA,8,1,30,0,159.888,14.816,26.496,2732.386,18.497,0,5,4145,691857,4.093,1050.907,0,0.000,2,0.761,0,0,160.896,3.281,0,0,0.000,0,0.000,0.000
gen/cluster-even-30/s1,cluster,even,30,1,G-LDTA2,3,1,30,0,176.176,21.288,62.752,814.732,7.490,0,3,1594,264362,17.410,2133.626,0,0.000,1,0.501,0,0,177.184,2.391,0,0,0.000,0,0.000,0.000
gen/cluster-even-30/s1,cluster,even,30,1,G-C,3,1,30,0,171.056,24.765,72.136,778.780,7.020,0,3,1355,242238,0.112,257.854,60,0.028,0,1.757,0,0,172.064,1.044,0,0,0.000,0,0.000,0.000
gen/cluster-even-30/s1,cluster,even,30,1,G-C,5,1,30,0,158.128,17.640,30.592,916.749,8.563,0,4,2052,363830,0.097,66.205,60,0.019,2,0.257,0,0,159.136,1.488,0,0,0.000,0,0.000,0.000
gen/cluster-even-30/s1,cluster,even,30,1,G-LDTA2,5,1,30,0,159.632,14.604,23.552,1354.180,11.365,0,5,4099,499042,14.500,11676.766,0,0.000,1,0.324,0,0,160.640,3.246,0,0,0.000,0,0.000,0.000
gen/cluster-even-30/s1,cluster,even,30,1,G-C,8,1,30,0,159.760,18.615,30.496,978.972,9.327,0,4,3261,586373,0.081,28.926,60,0.017,0,1.067,0,0,160.768,2.191,0,0,0.000,0,0.000,0.000
gen/cluster-even-30/s1,cluster,even,30,1,G-LDTA2,8,1,30,0,159.184,15.606,26.144,2609.693,18.319,0,8,10041,1007118,15.263,2217.296,0,0.000,12,0.039,0,0,160.192,5.483,0,0,0.000,0,0.000,0.000
gen/cluster-even-30/s2,cluster,even,30,2,S1,1,1,30,0,353.920,111.028,294.632,449.971,4.993,0,1,872,168892,0.195,487.795,30,0.488,0,-1.000,0,0,354.928,0.634,0,0,0.000,0,0.000,0.000
gen/cluster-even-30/s2,cluster,even,30,2,G-RTA,3,1,30,0,175.600,18.688,50.600,922.877,7.471,0,3,1203,240472,13.243,499.924,0,0.000,2,0.020,0,0,176.608,1.990,0,0,0.000,0,0.000,0.000
gen/cluster-even-30/s2,cluster,even,30,2,G-RTA,5,1,30,0,161.424,15.738,27.984,1474.740,11.491,0,5,1793,363747,13.567,2829.857,0,0.000,24,0.021,0,0,162.432,3.326,0,0,0.000,0,0.000,0.000
gen/cluster-even-30/s2,cluster,even,30,2,G-RTA-X,3,1,30,0,164.304,18.134,45.280,852.329,7.021,0,3,1540,252101,13.407,936.548,0,0.000,0,1.941,0,0,165.312,1.835,0,0,0.000,0,0.000,0.000
gen/cluster-even-30/s2,cluster,even,30,2,G-STA,3,1,30,0,164.304,18.134,45.280,852.329,7.021,0,3,1540,252101,14.232,584.712,0,0.000,0,1.941,0,0,165.312,1.944,0,0,0.000,0,0.000,0.000
gen/cluster-even-30/s2,cluster,even,30,2,G-RTA-X,5,1,30,0,157.456,13.958,26.040,1406.405,11.241,0,5,4370,511895,11.584,2374.103,0,0.000,7,0.123,0,0,158.464,2.821,0,0,0.000,0,0.000,0.000
gen/cluster-even-30/s2,cluster,even,30,2,G-RTA,8,1,30,0,159.376,14.628,22.608,2403.758,18.130,1,6,2782,570115,13.381,3278.192,0,0.000,57,0.004,0,0,160.384,5.473,0,0,0.000,0,0.000,0.000
gen/cluster-even-30/s2,cluster,even,30,2,G-CBBA,3,1,30,0,159.440,17.770,38.808,841.341,6.813,0,3,1510,262575,6.001,4339.077,0,0.000,0,2.622,0,0,160.448,1.313,0,0,0.000,0,0.000,0.000
gen/cluster-even-30/s2,cluster,even,30,2,G-RTA-X,8,1,30,0,155.632,13.616,23.512,2645.706,17.970,0,5,8400,899041,10.636,1316.437,0,0.000,10,0.140,0,0,156.640,4.319,0,0,0.000,0,0.000,0.000
gen/cluster-even-30/s2,cluster,even,30,2,G-STA,5,1,30,0,157.456,13.958,26.040,1406.405,11.241,0,5,4370,511895,10.833,723.084,0,0.000,7,0.123,0,0,158.464,2.610,0,0,0.000,0,0.000,0.000
gen/cluster-even-30/s2,cluster,even,30,2,G-CBBA,5,1,30,0,156.112,13.354,26.072,1667.076,11.247,0,4,2527,422943,4.007,1720.172,0,0.000,0,1.303,0,0,157.120,1.901,0,0,0.000,0,0.000,0.000
gen/cluster-even-30/s2,cluster,even,30,2,G-LDTA2,3,1,30,0,164.304,18.134,45.280,852.329,7.021,0,3,1540,252101,15.208,855.135,0,0.000,0,1.941,0,0,165.312,1.980,0,0,0.000,0,0.000,0.000
gen/cluster-even-30/s2,cluster,even,30,2,G-STA,8,1,30,0,155.632,13.616,23.512,2645.706,17.970,0,5,8400,899041,11.099,2157.614,0,0.000,10,0.140,0,0,156.640,4.517,0,0,0.000,0,0.000,0.000
gen/cluster-even-30/s2,cluster,even,30,2,G-CBBA,8,1,30,0,156.912,13.501,21.560,2875.367,18.199,0,4,4070,673800,3.708,2174.642,0,0.000,0,1.532,0,0,157.920,3.013,0,0,0.000,0,0.000,0.000
gen/cluster-even-30/s2,cluster,even,30,2,G-C,3,1,30,0,166.992,21.120,39.488,770.583,6.792,0,3,1327,236819,0.094,23.502,60,0.016,0,1.874,0,0,168.000,0.958,0,0,0.000,0,0.000,0.000
gen/cluster-even-30/s2,cluster,even,30,2,G-C,5,1,30,0,166.992,21.120,39.488,770.583,7.258,0,3,2149,385954,0.089,69.864,60,0.019,0,1.874,0,0,168.000,1.485,0,0,0.000,0,0.000,0.000
gen/cluster-even-30/s2,cluster,even,30,2,G-LDTA2,5,1,30,0,157.456,13.958,26.040,1406.405,11.241,0,5,4370,511895,13.872,1126.018,0,0.000,7,0.123,0,0,158.464,3.079,0,0,0.000,0,0.000,0.000
gen/cluster-even-30/s2,cluster,even,30,2,G-C,8,1,30,0,162.224,16.547,35.600,922.644,9.596,0,4,3301,594227,0.073,37.828,60,0.018,0,1.458,0,0,163.232,2.105,0,0,0.000,0,0.000,0.000
gen/cluster-even-30/s2,cluster,even,30,2,G-LDTA2,8,1,30,0,155.632,13.616,23.512,2645.706,17.970,0,5,8400,899041,13.284,384.160,0,0.000,10,0.140,0,0,156.640,4.760,0,0,0.000,0,0.000,0.000
gen/cluster-even-30/s3,cluster,even,30,3,S1,1,1,30,0,381.312,134.780,366.312,537.935,5.392,0,1,935,180773,0.216,692.964,30,0.693,0,-1.000,0,0,382.320,0.708,0,0,0.000,0,0.000,0.000
gen/cluster-even-30/s3,cluster,even,30,3,G-RTA,3,1,30,0,166.128,22.894,61.568,846.874,7.090,0,3,1141,226635,17.807,3228.944,0,0.000,3,0.069,0,0,167.136,2.268,0,0,0.000,0,0.000,0.000
gen/cluster-even-30/s3,cluster,even,30,3,G-RTA,5,1,30,0,159.792,15.571,35.408,1563.445,11.408,0,5,1778,359217,14.091,1801.449,0,0.000,18,0.028,0,0,160.800,3.471,0,0,0.000,0,0.000,0.000
gen/cluster-even-30/s3,cluster,even,30,3,G-RTA-X,3,1,30,0,166.032,22.869,69.600,807.897,7.077,0,3,1780,267036,17.256,996.668,0,0.000,0,3.133,0,0,167.040,2.232,0,0,0.000,0,0.000,0.000
gen/cluster-even-30/s3,cluster,even,30,3,G-RTA-X,5,1,30,0,158.800,15.234,32.248,1371.900,11.301,0,5,4762,536777,12.257,4407.200,0,0.000,3,0.063,0,0,159.808,2.956,0,0,0.000,0,0.000,0.000
gen/cluster-even-30/s3,cluster,even,30,3,G-STA,3,1,30,0,166.032,22.869,69.600,807.897,7.077,0,3,1780,267036,19.484,2642.873,0,0.000,0,3.133,0,0,167.040,2.508,0,0,0.000,0,0.000,0.000
gen/cluster-even-30/s3,cluster,even,30,3,G-RTA,8,1,30,0,158.800,15.303,34.424,2610.720,18.160,0,6,2764,560502,14.734,3035.819,0,0.000,33,0.006,0,0,159.808,6.052,0,0,0.000,0,0.000,0.000
gen/cluster-even-30/s3,cluster,even,30,3,G-RTA-X,8,1,30,0,156.560,15.632,35.448,2560.737,17.989,0,7,10494,1026287,13.199,15725.577,0,0.000,12,0.055,0,0,157.568,5.164,0,0,0.000,0,0.000,0.000
gen/cluster-even-30/s3,cluster,even,30,3,G-STA,5,1,30,0,158.800,15.234,32.248,1371.900,11.301,0,5,4762,536777,12.899,946.185,0,0.000,3,0.063,0,0,159.808,3.099,0,0,0.000,0,0.000,0.000
gen/cluster-even-30/s3,cluster,even,30,3,G-CBBA,3,1,30,0,166.160,26.343,126.160,866.125,7.093,0,3,1616,281940,10.633,1741.380,0,0.000,0,1.950,0,0,167.168,1.750,0,0,0.000,0,0.000,0.000
gen/cluster-even-30/s3,cluster,even,30,3,G-CBBA,5,1,30,0,155.696,15.061,33.528,1500.055,11.149,0,5,2572,429342,4.710,2785.663,0,0.000,3,0.097,0,0,156.704,2.055,0,0,0.000,0,0.000,0.000
gen/cluster-even-30/s3,cluster,even,30,3,G-LDTA2,3,1,30,0,166.032,22.869,69.600,807.897,7.077,0,3,1780,267036,19.337,20087.927,0,0.000,0,3.133,0,0,167.040,2.337,0,0,0.000,0,0.000,0.000
gen/cluster-even-30/s3,cluster,even,30,3,G-STA,8,1,30,0,156.560,15.632,35.448,2560.737,17.989,0,7,10494,1026287,13.252,2101.772,0,0.000,12,0.055,0,0,157.568,5.224,0,0,0.000,0,0.000,0.000
gen/cluster-even-30/s3,cluster,even,30,3,G-CBBA,8,1,30,0,155.184,14.576,32.824,2704.036,17.944,0,5,4089,675371,4.247,3072.111,0,0.000,1,0.431,0,0,156.192,3.183,0,0,0.000,0,0.000,0.000
gen/cluster-even-30/s3,cluster,even,30,3,G-C,3,1,30,0,178.480,31.901,78.200,879.963,7.411,0,3,1401,251460,0.103,114.904,60,0.058,0,2.718,0,0,179.488,1.097,0,0,0.000,0,0.000,0.000
gen/cluster-even-30/s3,cluster,even,30,3,G-C,5,1,30,0,156.528,22.483,35.368,1028.209,8.666,0,4,2037,362135,0.105,35.895,60,0.188,0,2.484,0,0,157.536,1.635,0,0,0.000,0,0.000,0.000
gen/cluster-even-30/s3,cluster,even,30,3,G-LDTA2,5,1,30,0,158.800,15.234,32.248,1371.900,11.301,0,5,4762,536777,14.089,548.760,0,0.000,3,0.063,0,0,159.808,3.107,0,0,0.000,0,0.000,0.000
gen/cluster-even-30/s3,cluster,even,30,3,G-C,8,1,30,0,155.696,22.654,34.600,1021.518,9.277,0,4,3188,569776,0.083,56.692,60,0.055,0,3.531,0,0,156.704,2.181,0,0,0.000,0,0.000,0.000
gen/cluster-even-30/s3,cluster,even,30,3,G-LDTA2,8,1,30,0,156.560,15.632,35.448,2560.737,17.989,0,7,10494,1026287,15.450,2406.576,0,0.000,12,0.055,0,0,157.568,5.453,0,0,0.000,0,0.000,0.000
gen/cluster-even-30/s4,cluster,even,30,4,S1,1,1,30,0,391.488,134.134,326.488,510.172,5.512,0,1,958,184404,0.210,470.535,30,0.471,0,-1.000,0,0,392.496,0.798,0,0,0.000,0,0.000,0.000
gen/cluster-even-30/s4,cluster,even,30,4,G-RTA,3,1,30,0,177.808,25.338,67.808,863.957,7.556,0,3,1215,240330,18.319,15939.623,0,0.000,4,0.156,0,0,178.816,2.507,0,0,0.000,0,0.000,0.000
gen/cluster-even-30/s4,cluster,even,30,4,G-RTA,5,1,30,0,155.024,16.409,27.456,1390.489,11.032,0,5,1722,345222,13.990,1030.867,0,0.000,10,0.013,0,0,156.032,3.223,0,0,0.000,0,0.000,0.000
gen/cluster-even-30/s4,cluster,even,30,4,G-RTA-X,3,1,30,0,180.496,25.168,74.992,834.991,7.658,0,3,1739,277562,17.593,1072.570,0,0.000,0,2.472,0,0,181.504,2.469,0,0,0.000,0,0.000,0.000
gen/cluster-even-30/s4,cluster,even,30,4,G-RTA-X,5,1,30,0,160.016,16.574,31.200,1327.217,11.344,0,5,4207,505492,13.807,1262.574,0,0.000,3,0.043,0,0,161.024,3.263,0,0,0.000,0,0.000,0.000
gen/cluster-even-30/s4,cluster,even,30,4,G-RTA,8,1,30,0,158.576,18.075,40.472,2486.113,18.028,0,8,2756,556717,16.076,2158.802,0,0.000,31,0.015,0,0,159.584,6.120,0,0,0.000,0,0.000,0.000
gen/cluster-even-30/s4,cluster,even,30,4,G-STA,3,1,30,0,180.496,25.168,74.992,834.991,7.658,0,3,1739,277562,17.001,2488.845,0,0.000,0,2.472,0,0,181.504,2.391,0,0,0.000,0,0.000,0.000
gen/cluster-even-30/s4,cluster,even,30,4,G-RTA-X,8,1,30,0,155.472,16.921,33.816,2535.710,17.813,0,8,9589,965695,13.590,2434.006,0,0.000,9,0.160,0,0,156.480,5.083,0,0,0.000,0,0.000,0.000
gen/cluster-even-30/s4,cluster,even,30,4,G-CBBA,3,1,30,0,177.200,23.466,62.200,893.159,7.532,0,3,1687,293617,8.410,655.682,0,0.000,0,2.046,0,0,178.208,1.708,0,0,0.000,0,0.000,0.000
gen/cluster-even-30/s4,cluster,even,30,4,G-STA,5,1,30,0,160.016,16.574,31.200,1327.217,11.344,0,5,4207,505492,12.967,1319.382,0,0.000,3,0.043,0,0,161.024,3.032,0,0,0.000,0,0.000,0.000
gen/cluster-even-30/s4,cluster,even,30,4,G-CBBA,5,1,30,0,160.720,16.309,30.720,1526.713,11.482,0,5,2670,442785,5.212,1237.110,0,0.000,1,0.354,0,0,161.728,2.241,0,0,0.000,0,0.000,0.000
gen/cluster-even-30/s4,cluster,even,30,4,G-STA,8,1,30,0,155.472,16.921,33.816,2535.710,17.813,0,8,9589,965695,13.819,2384.713,0,0.000,9,0.160,0,0,156.480,5.143,0,0,0.000,0,0.000,0.000
gen/cluster-even-30/s4,cluster,even,30,4,G-CBBA,8,1,30,0,156.688,16.390,29.024,2803.688,18.107,0,5,4053,677199,4.836,1764.244,0,0.000,1,0.157,0,0,157.696,3.421,0,0,0.000,0,0.000,0.000
gen/cluster-even-30/s4,cluster,even,30,4,G-LDTA2,3,1,30,0,180.496,25.168,74.992,834.991,7.658,0,3,1739,277562,19.867,4148.915,0,0.000,0,2.472,0,0,181.504,2.630,0,0,0.000,0,0.000,0.000
gen/cluster-even-30/s4,cluster,even,30,4,G-C,3,1,30,0,190.608,29.389,65.608,841.895,7.766,0,3,1482,267674,0.109,168.168,60,0.050,0,4.264,0,0,191.616,1.206,0,0,0.000,0,0.000,0.000
gen/cluster-even-30/s4,cluster,even,30,4,G-C,5,1,30,0,165.968,23.378,36.184,1035.984,8.936,0,4,2139,381679,0.090,55.697,60,0.019,0,2.333,0,0,166.976,1.528,0,0,0.000,0,0.000,0.000
gen/cluster-even-30/s4,cluster,even,30,4,G-LDTA2,5,1,30,0,160.016,16.574,31.200,1327.217,11.344,0,5,4207,505492,15.442,2117.601,0,0.000,3,0.043,0,0,161.024,3.370,0,0,0.000,0,0.000,0.000
gen/cluster-even-30/s4,cluster,even,30,4,G-C,8,1,30,0,168.144,24.746,40.752,1063.053,9.705,0,4,3398,611236,0.081,477.042,60,0.036,0,2.400,0,0,169.152,2.292,0,0,0.000,0,0.000,0.000
gen/cluster-even-30/s4,cluster,even,30,4,G-LDTA2,8,1,30,0,155.472,16.921,33.816,2535.710,17.813,0,8,9589,965695,17.131,1520.832,0,0.000,9,0.160,0,0,156.480,5.839,0,0,0.000,0,0.000,0.000
gen/cluster-even-30/s5,cluster,even,30,5,S1,1,1,30,0,380.928,122.419,277.496,517.846,5.377,0,1,934,180440,0.272,1266.823,30,1.267,0,-1.000,0,0,381.936,0.821,0,0,0.000,0,0.000,0.000
gen/cluster-even-30/s5,cluster,even,30,5,G-RTA,3,1,30,0,180.720,29.364,88.392,955.441,7.702,0,3,1237,246781,19.286,2096.730,0,0.000,2,0.129,0,0,181.728,2.563,0,0,0.000,0,0.000,0.000
gen/cluster-even-30/s5,cluster,even,30,5,G-RTA,5,1,30,0,159.184,17.053,34.856,1588.846,11.335,0,5,1768,357211,14.037,758.858,0,0.000,15,0.081,0,0,160.192,3.296,0,0,0.000,0,0.000,0.000
gen/cluster-even-30/s5,cluster,even,30,5,G-RTA-X,3,1,30,0,173.840,28.043,80.552,950.844,7.416,0,3,1348,248157,18.100,447.918,0,0.000,0,1.438,0,0,174.848,2.281,0,0,0.000,0,0.000,0.000
gen/cluster-even-30/s5,cluster,even,30,5,G-RTA-X,5,1,30,0,159.920,15.787,26.784,1506.330,11.405,0,5,4106,501319,12.731,3813.968,0,0.000,2,0.139,0,0,160.928,3.048,0,0,0.000,0,0.000,0.000
gen/cluster-even-30/s5,cluster,even,30,5,G-RTA,8,1,30,0,158.832,17.323,35.048,2749.648,18.162,0,8,2764,560219,15.671,6247.296,0,0.000,32,0.012,0,0,159.840,6.034,0,0,0.000,0,0.000,0.000
gen/cluster-even-30/s5,cluster,even,30,5,G-STA,3,1,30,0,173.840,28.043,80.552,950.844,7.416,0,3,1348,248157,18.572,1467.040,0,0.000,0,1.438,0,0,174.848,2.332,0,0,0.000,0,0.000,0.000
gen/cluster-even-30/s5,cluster,even,30,5,G-RTA-X,8,1,30,0,159.472,16.764,29.600,2814.386,18.351,0,8,8549,916915,13.028,2980.459,0,0.000,4,0.141,0,0,160.480,5.004,0,0,0.000,0,0.000,0.000
gen/cluster-even-30/s5,cluster,even,30,5,G-STA,5,1,30,0,159.920,15.787,26.784,1506.330,11.405,0,5,4106,501319,12.982,1936.485,0,0.000,2,0.139,0,0,160.928,3.086,0,0,0.000,0,0.000,0.000
gen/cluster-even-30/s5,cluster,even,30,5,G-CBBA,3,1,30,0,182.416,27.294,79.544,1026.201,7.803,0,3,1705,303738,10.612,1224.013,0,0.000,0,2.823,0,0,183.424,1.972,0,0,0.000,0,0.000,0.000
gen/cluster-even-30/s5,cluster,even,30,5,G-CBBA,5,1,30,0,158.288,16.082,27.008,1576.288,11.320,0,5,2634,438022,5.281,11505.488,0,0.000,4,0.112,0,0,159.296,2.306,0,0,0.000,0,0.000,0.000
gen/cluster-even-30/s5,cluster,even,30,5,G-LDTA2,3,1,30,0,173.840,28.043,80.552,950.844,7.416,0,3,1348,248157,23.275,16315.286,0,0.000,0,1.438,0,0,174.848,2.819,0,0,0.000,0,0.000,0.000
gen/cluster-even-30/s5,cluster,even,30,5,G-CBBA,8,1,30,0,158.544,15.777,27.488,3151.492,18.371,0,5,4090,687347,4.924,6247.135,0,0.000,0,1.157,0,0,159.552,3.642,0,0,0.000,0,0.000,0.000
gen/cluster-even-30/s5,cluster,even,30,5,G-STA,8,1,30,0,159.472,16.764,29.600,2814.386,18.351,0,8,8549,916915,14.353,12854.537,0,0.000,4,0.141,0,0,160.480,5.536,0,0,0.000,0,0.000,0.000
gen/cluster-even-30/s5,cluster,even,30,5,G-C,3,1,30,0,176.752,31.083,64.136,923.722,7.226,0,3,1389,249068,0.121,371.269,60,0.029,0,1.385,0,0,177.760,1.166,0,0,0.000,0,0.000,0.000
gen/cluster-even-30/s5,cluster,even,30,5,G-C,5,1,30,0,157.072,22.756,55.168,1051.820,8.457,0,4,2042,362669,0.100,49.009,60,0.021,0,2.823,0,0,158.080,1.534,0,0,0.000,0,0.000,0.000
gen/cluster-even-30/s5,cluster,even,30,5,G-LDTA2,5,1,30,0,159.920,15.787,26.784,1506.330,11.405,0,5,4106,501319,16.480,16079.547,0,0.000,2,0.139,0,0,160.928,3.634,0,0,0.000,0,0.000,0.000
gen/cluster-even-30/s5,cluster,even,30,5,G-C,8,1,30,0,159.056,20.905,42.472,1118.796,10.610,0,5,3244,579814,0.088,51.230,60,0.028,0,2.756,0,0,160.064,2.479,0,0,0.000,0,0.000,0.000
gen/cluster-even-30/s5,cluster,even,30,5,G-LDTA2,8,1,30,0,159.472,16.764,29.600,2814.386,18.351,0,8,8549,916915,17.379,19691.452,0,0.000,4,0.141,0,0,160.480,6.072,0,0,0.000,0,0.000,0.000
gen/cluster-static-30/s1,cluster,static,30,1,S1,1,1,30,0,361.312,167.271,361.312,441.991,5.083,0,1,889,170921,0.211,5168.672,1,5.169,0,-1.000,0,0,362.320,0.667,0,0,0.000,0,0.000,0.000
gen/cluster-static-30/s1,cluster,static,30,1,G-RTA,3,1,30,0,153.232,70.320,153.232,689.623,6.503,0,3,1060,209790,48.439,40404.729,0,0.000,0,1.046,0,0,154.240,3.893,0,0,0.000,0,0.000,0.000
gen/cluster-static-30/s1,cluster,static,30,1,G-RTA,5,1,30,0,103.488,49.964,103.488,812.472,7.350,0,5,1176,234251,49.547,6847.058,0,0.000,4,0.015,0,0,104.496,4.588,0,0,0.000,0,0.000,0.000
gen/cluster-static-30/s1,cluster,static,30,1,G-RTA-X,3,1,30,0,157.584,69.515,157.584,633.248,6.680,0,3,1199,222740,46.466,8890.147,0,0.000,2,0.378,0,0,158.592,3.862,0,0,0.000,0,0.000,0.000
gen/cluster-static-30/s1,cluster,static,30,1,G-RTA,8,1,30,0,85.920,39.679,85.920,1201.885,9.780,0,8,1534,307440,51.491,13660.674,0,0.000,4,0.028,0,0,86.928,6.493,0,0,0.000,0,0.000,0.000
gen/cluster-static-30/s1,cluster,static,30,1,G-RTA-X,5,1,30,0,103.328,49.679,103.328,737.694,7.329,0,5,1305,243460,49.757,1801.838,0,0.000,1,0.443,0,0,104.336,4.491,0,0,0.000,0,0.000,0.000
gen/cluster-static-30/s1,cluster,static,30,1,G-STA,3,1,30,0,157.584,69.515,157.584,633.248,6.680,0,3,1199,222740,47.181,6326.352,0,0.000,2,0.378,0,0,158.592,3.940,0,0,0.000,0,0.000,0.000
gen/cluster-static-30/s1,cluster,static,30,1,G-RTA-X,8,1,30,0,78.464,40.446,78.464,907.444,8.905,0,8,1598,293136,57.035,3287.779,0,0.000,0,1.632,0,0,79.472,6.336,0,0,0.000,0,0.000,0.000
gen/cluster-static-30/s1,cluster,static,30,1,G-CBBA,3,1,30,0,153.360,69.041,153.360,674.674,6.511,0,3,1373,261721,3.470,641.586,0,0.000,0,2.366,0,0,154.368,1.104,0,0,0.000,0,0.000,0.000
gen/cluster-static-30/s1,cluster,static,30,1,G-STA,5,1,30,0,103.328,49.679,103.328,737.694,7.329,0,5,1305,243460,51.193,15107.248,0,0.000,1,0.443,0,0,104.336,4.599,0,0,0.000,0,0.000,0.000
gen/cluster-static-30/s1,cluster,static,30,1,G-CBBA,5,1,30,0,98.336,50.041,98.336,711.014,6.961,0,5,1603,311936,5.548,466.251,0,0.000,0,1.452,0,0,99.344,1.460,0,0,0.000,0,0.000,0.000
gen/cluster-static-30/s1,cluster,static,30,1,G-STA,8,1,30,0,78.464,40.446,78.464,907.444,8.905,0,8,1598,293136,56.466,4389.137,0,0.000,0,1.632,0,0,79.472,6.201,0,0,0.000,0,0.000,0.000
gen/cluster-static-30/s1,cluster,static,30,1,G-CBBA,8,1,30,0,89.952,45.602,89.952,1136.059,10.264,0,8,2538,524274,11.545,3180.787,0,0.000,6,0.245,0,0,90.960,2.934,0,0,0.000,0,0.000,0.000
gen/cluster-static-30/s1,cluster,static,30,1,G-C,3,1,30,0,146.288,69.627,146.288,640.131,6.205,0,3,1107,206232,0.105,24.841,31,1.963,0,2.867,0,0,147.296,0.911,0,0,0.000,0,0.000,0.000
gen/cluster-static-30/s1,cluster,static,30,1,G-LDTA2,3,1,30,0,157.584,69.515,157.584,633.248,6.680,0,3,1199,222740,47.605,7253.094,0,0.000,2,0.378,0,0,158.592,3.914,0,0,0.000,0,0.000,0.000
gen/cluster-static-30/s1,cluster,static,30,1,G-C,5,1,30,0,98.656,47.927,98.656,692.098,6.988,0,5,1275,229856,0.112,325.108,31,2.367,0,2.836,0,0,99.664,1.041,0,0,0.000,0,0.000,0.000
gen/cluster-static-30/s1,cluster,static,30,1,G-LDTA2,5,1,30,0,103.328,49.679,103.328,737.694,7.329,0,5,1305,243460,52.660,1624.006,0,0.000,1,0.443,0,0,104.336,4.677,0,0,0.000,0,0.000,0.000
gen/cluster-static-30/s1,cluster,static,30,1,G-C,8,1,30,0,78.656,40.765,78.656,930.903,8.945,0,8,1660,292752,0.141,1340.472,31,1.102,0,1.186,0,0,79.664,1.452,0,0,0.000,0,0.000,0.000
gen/cluster-static-30/s1,cluster,static,30,1,G-LDTA2,8,1,30,0,78.464,40.446,78.464,907.444,8.905,0,8,1598,293136,60.107,5248.053,0,0.000,0,1.632,0,0,79.472,6.611,0,0,0.000,0,0.000,0.000
gen/cluster-static-30/s2,cluster,static,30,2,S1,1,1,30,0,386.304,207.401,386.304,499.822,5.435,0,1,946,181933,0.140,1606.457,1,1.606,0,-1.000,0,0,387.312,0.787,0,0,0.000,0,0.000,0.000
gen/cluster-static-30/s2,cluster,static,30,2,G-RTA,3,1,30,0,173.616,80.851,173.616,875.779,7.363,0,3,1190,236071,47.261,5119.440,0,0.000,3,0.050,0,0,174.624,4.361,0,0,0.000,0,0.000,0.000
gen/cluster-static-30/s2,cluster,static,30,2,G-RTA,5,1,30,0,130.520,66.652,130.520,1127.359,9.219,0,5,1462,293220,55.340,2562.806,0,0.000,6,0.013,0,0,131.528,6.405,0,0,0.000,0,0.000,0.000
gen/cluster-static-30/s2,cluster,static,30,2,G-RTA,8,1,30,0,93.696,54.354,93.696,1412.515,10.657,0,8,1663,333747,66.239,4589.845,0,0.000,1,0.830,0,0,94.704,8.775,0,0,0.000,0,0.000,0.000
gen/cluster-static-30/s2,cluster,static,30,2,G-RTA-X,3,1,30,0,161.648,80.556,161.648,773.758,6.860,0,3,1226,229293,55.826,14018.172,0,0.000,2,0.372,0,0,162.656,4.737,0,0,0.000,0,0.000,0.000
gen/cluster-static-30/s2,cluster,static,30,2,G-STA,3,1,30,0,161.648,80.556,161.648,773.758,6.860,0,3,1226,229293,51.579,3123.923,0,0.000,2,0.372,0,0,162.656,4.351,0,0,0.000,0,0.000,0.000
gen/cluster-static-30/s2,cluster,static,30,2,G-RTA-X,5,1,30,0,120.448,64.081,120.448,1037.228,8.544,0,5,1530,283514,57.559,6879.658,0,0.000,0,1.052,0,0,121.456,6.072,0,0,0.000,0,0.000,0.000
gen/cluster-static-30/s2,cluster,static,30,2,G-RTA-X,8,1,30,0,110.272,58.610,110.272,1490.346,12.505,0,8,2153,407293,59.093,2015.794,0,0.000,2,0.562,0,0,111.280,9.257,0,0,0.000,0,0.000,0.000
gen/cluster-static-30/s2,cluster,static,30,2,G-STA,5,1,30,0,120.448,64.081,120.448,1037.228,8.544,0,5,1530,283514,57.970,2586.552,0,0.000,0,1.052,0,0,121.456,6.084,0,0,0.000,0,0.000,0.000
gen/cluster-static-30/s2,cluster,static,30,2,G-CBBA,3,1,30,0,165.552,80.636,165.552,808.748,7.033,0,3,1473,282446,2.260,2060.189,0,0.000,2,0.436,0,0,166.560,1.302,0,0,0.000,0,0.000,0.000
gen/cluster-static-30/s2,cluster,static,30,2,G-CBBA,5,1,30,0,120.736,64.509,120.736,1055.671,8.576,0,5,1923,384923,5.590,1344.731,0,0.000,4,0.390,0,0,121.744,1.894,0,0,0.000,0,0.000,0.000
gen/cluster-static-30/s2,cluster,static,30,2,G-CBBA,8,1,30,0,97.344,56.126,97.344,1408.171,11.063,0,8,2734,572230,11.130,2260.319,0,0.000,7,0.072,0,0,98.352,3.139,0,0,0.000,0,0.000,0.000
gen/cluster-static-30/s2,cluster,static,30,2,G-STA,8,1,30,0,110.272,58.610,110.272,1490.346,12.505,0,8,2153,407293,62.375,5138.771,0,0.000,2,0.562,0,0,111.280,9.738,0,0,0.000,0,0.000,0.000
gen/cluster-static-30/s2,cluster,static,30,2,G-LDTA2,3,1,30,0,161.648,80.556,161.648,773.758,6.860,0,3,1226,229293,54.667,4173.820,0,0.000,2,0.372,0,0,162.656,4.525,0,0,0.000,0,0.000,0.000
gen/cluster-static-30/s2,cluster,static,30,2,G-C,3,1,30,0,160.016,78.182,160.016,761.374,6.798,0,3,1197,225059,0.116,275.620,31,2.509,0,2.881,0,0,161.024,0.997,0,0,0.000,0,0.000,0.000
gen/cluster-static-30/s2,cluster,static,30,2,G-C,5,1,30,0,116.064,62.601,116.064,959.790,8.213,0,5,1464,268893,0.134,463.182,31,2.064,0,3.409,0,0,117.072,1.425,0,0,0.000,0,0.000,0.000
gen/cluster-static-30/s2,cluster,static,30,2,G-LDTA2,5,1,30,0,120.448,64.081,120.448,1037.228,8.544,0,5,1530,283514,58.007,7264.130,0,0.000,0,1.052,0,0,121.456,5.967,0,0,0.000,0,0.000,0.000
gen/cluster-static-30/s2,cluster,static,30,2,G-C,8,1,30,0,89.472,52.432,89.472,1229.382,10.155,0,8,1847,333706,0.122,76.021,31,1.301,0,1.188,0,0,90.480,1.729,0,0,0.000,0,0.000,0.000
gen/cluster-static-30/s2,cluster,static,30,2,G-LDTA2,8,1,30,0,110.272,58.610,110.272,1490.346,12.505,0,8,2153,407293,60.783,4062.125,0,0.000,2,0.562,0,0,111.280,9.360,0,0,0.000,0,0.000,0.000
gen/cluster-static-30/s3,cluster,static,30,3,S1,1,1,30,0,373.440,202.809,373.440,497.387,5.268,0,1,916,176058,0.124,1667.074,1,1.667,0,-1.000,0,0,374.448,0.661,0,0,0.000,0,0.000,0.000
gen/cluster-static-30/s3,cluster,static,30,3,G-RTA,3,1,30,0,163.792,78.239,163.792,793.207,6.934,0,3,1125,222738,45.495,1876.100,0,0.000,4,0.040,0,0,164.800,3.908,0,0,0.000,0,0.000,0.000
gen/cluster-static-30/s3,cluster,static,30,3,G-RTA,5,1,30,0,109.472,62.780,109.472,880.203,7.763,0,5,1243,248312,60.174,16104.182,0,0.000,2,0.028,0,0,110.480,5.621,0,0,0.000,0,0.000,0.000
gen/cluster-static-30/s3,cluster,static,30,3,G-RTA,8,1,30,0,91.648,54.862,91.648,1310.099,10.439,0,8,1631,327963,67.060,16152.627,0,0.000,4,0.107,0,0,92.656,8.516,0,0,0.000,0,0.000,0.000
gen/cluster-static-30/s3,cluster,static,30,3,G-RTA-X,3,1,30,0,164.400,78.267,164.400,688.152,6.964,0,3,1245,232374,49.275,8233.290,0,0.000,0,1.416,0,0,165.408,4.211,0,0,0.000,0,0.000,0.000
gen/cluster-static-30/s3,cluster,static,30,3,G-RTA-X,5,1,30,0,107.456,60.807,107.456,843.222,7.627,0,5,1377,252482,60.973,6034.898,0,0.000,0,1.675,0,0,108.464,5.555,0,0,0.000,0,0.000,0.000
gen/cluster-static-30/s3,cluster,static,30,3,G-STA,3,1,30,0,164.400,78.267,164.400,688.152,6.964,0,3,1245,232374,47.445,4430.012,0,0.000,0,1.416,0,0,165.408,4.042,0,0,0.000,0,0.000,0.000
gen/cluster-static-30/s3,cluster,static,30,3,G-RTA-X,8,1,30,0,98.464,53.865,98.464,1224.252,11.173,0,8,2833,412761,59.122,15775.227,0,0.000,0,2.191,0,0,99.472,8.161,0,0,0.000,0,0.000,0.000
gen/cluster-static-30/s3,cluster,static,30,3,G-CBBA,3,1,30,0,163.728,76.758,163.728,809.454,6.960,0,3,1447,276613,3.437,634.878,0,0.000,0,1.985,0,0,164.736,1.259,0,0,0.000,0,0.000,0.000
gen/cluster-static-30/s3,cluster,static,30,3,G-STA,5,1,30,0,107.456,60.807,107.456,843.222,7.627,0,5,1377,252482,58.463,1817.405,0,0.000,0,1.675,0,0,108.464,5.351,0,0,0.000,0,0.000,0.000
gen/cluster-static-30/s3,cluster,static,30,3,G-CBBA,5,1,30,0,115.744,60.355,115.744,952.680,8.217,0,5,1931,369989,5.901,1192.825,0,0.000,0,1.058,0,0,116.752,1.800,0,0,0.000,0,0.000,0.000
gen/cluster-static-30/s3,cluster,static,30,3,G-STA,8,1,30,0,98.464,53.865,98.464,1224.252,11.173,0,8,2833,412761,58.315,3477.746,0,0.000,0,2.191,0,0,99.472,8.061,0,0,0.000,0,0.000,0.000
gen/cluster-static-30/s3,cluster,static,30,3,G-CBBA,8,1,30,0,94.208,52.260,94.208,1255.918,10.711,0,8,2567,537995,12.062,4133.798,0,0.000,1,0.183,0,0,95.216,3.237,0,0,0.000,0,0.000,0.000
gen/cluster-static-30/s3,cluster,static,30,3,G-LDTA2,3,1,30,0,164.400,78.267,164.400,688.152,6.964,0,3,1245,232374,51.185,4568.874,0,0.000,0,1.416,0,0,165.408,4.352,0,0,0.000,0,0.000,0.000
gen/cluster-static-30/s3,cluster,static,30,3,G-C,3,1,30,0,159.856,77.743,159.856,741.542,6.794,0,3,1197,224794,0.108,63.465,31,1.559,0,2.645,0,0,160.864,0.968,0,0,0.000,0,0.000,0.000
gen/cluster-static-30/s3,cluster,static,30,3,G-C,5,1,30,0,105.056,58.645,105.056,874.118,7.453,0,5,1342,244790,0.114,113.801,30,1.694,0,1.419,0,0,106.064,1.119,0,0,0.000,0,0.000,0.000
gen/cluster-static-30/s3,cluster,static,30,3,G-LDTA2,5,1,30,0,107.456,60.807,107.456,843.222,7.627,0,5,1377,252482,60.635,8218.093,0,0.000,0,1.675,0,0,108.464,5.501,0,0,0.000,0,0.000,0.000
gen/cluster-static-30/s3,cluster,static,30,3,G-C,8,1,30,0,82.496,48.576,82.496,1098.468,9.393,0,8,1725,307497,0.127,261.185,31,1.215,0,2.075,0,0,83.504,1.625,0,0,0.000,0,0.000,0.000
gen/cluster-static-30/s3,cluster,static,30,3,G-LDTA2,8,1,30,0,98.464,53.865,98.464,1224.252,11.173,0,8,2833,412761,62.884,8200.397,0,0.000,0,2.191,0,0,99.472,8.633,0,0,0.000,0,0.000,0.000
gen/cluster-static-30/s4,cluster,static,30,4,S1,1,1,30,0,333.216,188.310,333.216,408.118,4.703,0,1,825,158789,0.161,2291.895,1,2.292,0,-1.000,0,0,334.224,0.631,0,0,0.000,0,0.000,0.000
gen/cluster-static-30/s4,cluster,static,30,4,G-RTA,3,1,30,0,131.888,63.307,131.888,550.256,5.599,0,3,921,182176,48.863,2221.638,0,0.000,1,0.219,0,0,132.896,3.311,0,0,0.000,0,0.000,0.000
gen/cluster-static-30/s4,cluster,static,30,4,G-RTA,5,1,30,0,94.272,46.355,94.272,697.226,6.710,0,5,1080,214962,51.948,1391.654,0,0.000,6,0.103,0,0,95.280,4.292,0,0,0.000,0,0.000,0.000
gen/cluster-static-30/s4,cluster,static,30,4,G-RTA,8,1,30,0,75.040,41.381,75.040,959.400,8.544,0,8,1348,270778,58.665,2242.195,0,0.000,2,0.030,0,0,76.048,6.243,0,0,0.000,0,0.000,0.000
gen/cluster-static-30/s4,cluster,static,30,4,G-RTA-X,3,1,30,0,135.376,64.267,135.376,518.267,5.744,0,3,1053,194256,50.050,1253.030,0,0.000,0,1.219,0,0,136.384,3.482,0,0,0.000,0,0.000,0.000
gen/cluster-static-30/s4,cluster,static,30,4,G-RTA-X,5,1,30,0,94.464,45.444,94.464,605.764,6.699,0,5,1199,223197,49.543,12828.942,0,0.000,1,0.822,0,0,95.472,4.048,0,0,0.000,0,0.000,0.000
gen/cluster-static-30/s4,cluster,static,30,4,G-RTA-X,8,1,30,0,77.568,41.476,77.568,918.155,8.826,0,8,1555,289347,58.964,4304.193,0,0.000,0,1.786,0,0,78.576,6.380,0,0,0.000,0,0.000,0.000
gen/cluster-static-30/s4,cluster,static,30,4,G-STA,3,1,30,0,135.376,64.267,135.376,518.267,5.744,0,3,1053,194256,47.613,3944.348,0,0.000,0,1.219,0,0,136.384,3.318,0,0,0.000,0,0.000,0.000
gen/cluster-static-30/s4,cluster,static,30,4,G-CBBA,3,1,30,0,146.448,71.089,146.448,604.782,6.224,0,3,1315,249763,2.184,546.024,0,0.000,0,3.970,0,0,147.456,1.011,0,0,0.000,0,0.000,0.000
gen/cluster-static-30/s4,cluster,static,30,4,G-STA,5,1,30,0,94.464,45.444,94.464,605.764,6.699,0,5,1199,223197,50.852,5244.204,0,0.000,1,0.822,0,0,95.472,4.167,0,0,0.000,0,0.000,0.000
gen/cluster-static-30/s4,cluster,static,30,4,G-CBBA,5,1,30,0,99.680,50.815,99.680,747.519,7.080,0,5,1701,322691,5.352,234.172,0,0.000,1,0.217,0,0,100.688,1.401,0,0,0.000,0,0.000,0.000
gen/cluster-static-30/s4,cluster,static,30,4,G-CBBA,8,1,30,0,81.120,43.975,81.120,1017.383,9.252,0,8,2509,495622,10.828,1395.369,0,0.000,3,0.014,0,0,82.128,2.518,0,0,0.000,0,0.000,0.000
gen/cluster-static-30/s4,cluster,static,30,4,G-STA,8,1,30,0,77.568,41.476,77.568,918.155,8.826,0,8,1555,289347,57.854,3858.508,0,0.000,0,1.786,0,0,78.576,6.282,0,0,0.000,0,0.000,0.000
gen/cluster-static-30/s4,cluster,static,30,4,G-LDTA2,3,1,30,0,135.376,64.267,135.376,518.267,5.744,0,3,1053,194256,51.279,2150.287,0,0.000,0,1.219,0,0,136.384,3.574,0,0,0.000,0,0.000,0.000
gen/cluster-static-30/s4,cluster,static,30,4,G-C,3,1,30,0,144.432,71.490,144.432,604.312,6.137,0,3,1095,204487,0.128,34.530,31,1.948,0,1.377,0,0,145.440,1.004,0,0,0.000,0,0.000,0.000
gen/cluster-static-30/s4,cluster,static,30,4,G-C,5,1,30,0,94.656,49.766,94.656,667.134,6.722,0,5,1235,223053,0.113,70.216,31,1.623,0,1.641,0,0,95.664,1.010,0,0,0.000,0,0.000,0.000
gen/cluster-static-30/s4,cluster,static,30,4,G-LDTA2,5,1,30,0,94.464,45.444,94.464,605.764,6.699,0,5,1199,223197,57.679,10461.138,0,0.000,1,0.822,0,0,95.472,4.708,0,0,0.000,0,0.000,0.000
gen/cluster-static-30/s4,cluster,static,30,4,G-C,8,1,30,0,76.192,41.342,76.192,881.082,8.670,0,8,1620,286466,0.106,28.109,31,1.588,0,1.252,0,0,77.200,1.301,0,0,0.000,0,0.000,0.000
gen/cluster-static-30/s4,cluster,static,30,4,G-LDTA2,8,1,30,0,77.568,41.476,77.568,918.155,8.826,0,8,1555,289347,63.544,4681.054,0,0.000,0,1.786,0,0,78.576,6.797,0,0,0.000,0,0.000,0.000
gen/cluster-static-30/s5,cluster,static,30,5,S1,1,1,30,0,348.672,185.703,348.672,422.293,4.908,0,1,859,165278,0.166,2250.414,1,2.250,0,-1.000,0,0,349.680,0.660,0,0,0.000,0,0.000,0.000
gen/cluster-static-30/s5,cluster,static,30,5,G-RTA,3,1,30,0,145.168,76.502,145.168,658.777,6.160,0,3,1008,199487,52.425,8087.857,0,0.000,0,1.504,0,0,146.176,3.895,0,0,0.000,0,0.000,0.000
gen/cluster-static-30/s5,cluster,static,30,5,G-RTA,5,1,30,0,101.216,57.853,101.216,785.714,7.183,0,5,1151,230038,61.930,4171.258,0,0.000,1,0.033,0,0,102.224,5.382,0,0,0.000,0,0.000,0.000
gen/cluster-static-30/s5,cluster,static,30,5,G-RTA,8,1,30,0,92.928,50.095,92.928,1311.413,10.589,0,8,1655,333907,58.699,17254.509,0,0.000,11,0.022,0,0,93.936,7.720,0,0,0.000,0,0.000,0.000
gen/cluster-static-30/s5,cluster,static,30,5,G-RTA-X,3,1,30,0,139.760,76.297,139.760,595.434,5.937,0,3,1121,203565,54.539,1949.820,0,0.000,0,1.571,0,0,140.768,3.837,0,0,0.000,0,0.000,0.000
gen/cluster-static-30/s5,cluster,static,30,5,G-RTA-X,5,1,30,0,101.216,57.884,101.216,757.920,7.177,0,5,1318,241599,59.106,2095.882,0,0.000,2,0.573,0,0,102.224,5.098,0,0,0.000,0,0.000,0.000
gen/cluster-static-30/s5,cluster,static,30,5,G-STA,3,1,30,0,139.760,76.297,139.760,595.434,5.937,0,3,1121,203565,54.779,3388.163,0,0.000,0,1.571,0,0,140.768,3.865,0,0,0.000,0,0.000,0.000
gen/cluster-static-30/s5,cluster,static,30,5,G-RTA-X,8,1,30,0,89.920,50.437,89.920,1113.280,10.192,0,8,2060,354071,59.233,2563.853,0,0.000,1,0.589,0,0,90.928,7.412,0,0,0.000,0,0.000,0.000
gen/cluster-static-30/s5,cluster,static,30,5,G-CBBA,3,1,30,0,145.776,71.720,145.776,653.810,6.202,0,3,1311,251060,3.014,1438.569,0,0.000,0,3.296,0,0,146.784,1.109,0,0,0.000,0,0.000,0.000
gen/cluster-static-30/s5,cluster,static,30,5,G-STA,5,1,30,0,101.216,57.884,101.216,757.920,7.177,0,5,1318,241599,60.686,1171.402,0,0.000,2,0.573,0,0,102.224,5.180,0,0,0.000,0,0.000,0.000
gen/cluster-static-30/s5,cluster,static,30,5,G-CBBA,5,1,30,0,111.232,57.529,111.232,889.469,7.900,0,5,1948,372045,5.979,1188.299,0,0.000,1,0.008,0,0,112.240,1.669,0,0,0.000,0,0.000,0.000
gen/cluster-static-30/s5,cluster,static,30,5,G-STA,8,1,30,0,89.920,50.437,89.920,1113.280,10.192,0,8,2060,354071,60.403,5355.376,0,0.000,1,0.589,0,0,90.928,7.566,0,0,0.000,0,0.000,0.000
gen/cluster-static-30/s5,cluster,static,30,5,G-CBBA,8,1,30,0,89.920,51.662,89.920,1224.536,10.239,0,8,2521,534666,12.975,3880.816,0,0.000,2,0.569,0,0,90.928,3.189,0,0,0.000,0,0.000,0.000
gen/cluster-static-30/s5,cluster,static,30,5,G-LDTA2,3,1,30,0,139.760,76.297,139.760,595.434,5.937,0,3,1121,203565,59.490,3166.523,0,0.000,0,1.571,0,0,140.768,4.177,0,0,0.000,0,0.000,0.000
gen/cluster-static-30/s5,cluster,static,30,5,G-C,3,1,30,0,145.968,72.549,145.968,638.898,6.204,0,3,1104,206148,0.105,135.828,31,1.283,0,2.241,0,0,146.976,0.852,0,0,0.000,0,0.000,0.000
gen/cluster-static-30/s5,cluster,static,30,5,G-C,5,1,30,0,96.160,55.824,96.160,742.426,6.822,0,5,1250,225960,0.111,34.692,31,1.916,0,2.449,0,0,97.168,1.007,0,0,0.000,0,0.000,0.000
gen/cluster-static-30/s5,cluster,static,30,5,G-C,8,1,30,0,81.280,46.826,81.280,990.123,9.248,0,8,1709,305983,0.117,62.968,31,0.766,0,2.834,0,0,82.288,1.444,0,0,0.000,0,0.000,0.000
gen/cluster-static-30/s5,cluster,static,30,5,G-LDTA2,5,1,30,0,101.216,57.884,101.216,757.920,7.177,0,5,1318,241599,65.008,3319.934,0,0.000,2,0.573,0,0,102.224,5.563,0,0,0.000,0,0.000,0.000
gen/cluster-static-30/s5,cluster,static,30,5,G-LDTA2,8,1,30,0,89.920,50.437,89.920,1113.280,10.192,0,8,2060,354071,65.756,7252.682,0,0.000,1,0.589,0,0,90.928,8.183,0,0,0.000,0,0.000,0.000
gen/multicluster-even-30/s1,multicluster,even,30,1,S1,1,1,30,0,410.016,135.003,365.016,639.209,5.800,0,1,1001,194071,0.225,562.796,30,0.563,0,-1.000,0,0,411.024,0.839,0,0,0.000,0,0.000,0.000
gen/multicluster-even-30/s1,multicluster,even,30,1,G-RTA,3,1,30,0,194.096,26.789,76.056,1088.282,8.252,0,3,1323,264461,15.861,157.514,0,0.000,3,0.005,0,0,195.104,2.404,0,0,0.000,0,0.000,0.000
gen/multicluster-even-30/s1,multicluster,even,30,1,G-RTA,5,1,30,0,162.160,17.535,30.720,1711.381,11.555,0,5,1798,363259,14.634,3147.913,0,0.000,17,0.039,0,0,163.168,3.507,0,0,0.000,0,0.000,0.000
gen/multicluster-even-30/s1,multicluster,even,30,1,G-RTA-X,3,1,30,0,191.408,26.411,76.056,995.390,8.139,0,3,1661,284201,16.513,1044.404,0,0.000,0,2.905,0,0,192.416,2.438,0,0,0.000,0,0.000,0.000
gen/multicluster-even-30/s1,multicluster,even,30,1,G-RTA-X,5,1,30,0,161.776,16.962,30.560,1723.063,11.544,0,5,3223,448958,12.926,602.951,0,0.000,0,2.453,0,0,162.784,3.010,0,0,0.000,0,0.000,0.000
gen/multicluster-even-30/s1,multicluster,even,30,1,G-RTA,8,1,30,0,167.408,18.311,32.760,2956.654,19.130,0,7,2910,591689,15.149,4675.244,0,0.000,35,0.014,0,0,168.416,6.170,0,0,0.000,0,0.000,0.000
gen/multicluster-even-30/s1,multicluster,even,30,1,G-STA,3,1,30,0,191.408,26.411,76.056,995.390,8.139,0,3,1661,284201,17.427,2125.872,0,0.000,0,2.905,0,0,192.416,2.562,0,0,0.000,0,0.000,0.000
gen/multicluster-even-30/s1,multicluster,even,30,1,G-RTA-X,8,1,30,0,162.768,18.494,39.416,3160.501,18.710,0,7,8711,932641,14.080,16088.276,0,0.000,2,0.066,0,0,163.776,5.378,0,0,0.000,0,0.000,0.000
gen/multicluster-even-30/s1,multicluster,even,30,1,G-STA,5,1,30,0,161.776,16.962,30.560,1723.063,11.544,0,5,3223,448958,13.443,7132.255,0,0.000,0,2.453,0,0,162.784,3.154,0,0,0.000,0,0.000,0.000
gen/multicluster-even-30/s1,multicluster,even,30,1,G-CBBA,3,1,30,0,191.760,27.101,84.096,1078.954,8.180,0,3,1743,313434,9.388,251.742,0,0.000,0,2.784,0,0,192.768,1.933,0,0,0.000,0,0.000,0.000
gen/multicluster-even-30/s1,multicluster,even,30,1,G-CBBA,5,1,30,0,159.760,16.899,34.864,1690.278,11.422,0,5,2535,433524,5.192,1509.636,0,0.000,0,1.205,0,0,160.768,2.157,0,0,0.000,0,0.000,0.000
gen/multicluster-even-30/s1,multicluster,even,30,1,G-STA,8,1,30,0,162.768,18.494,39.416,3160.501,18.710,0,7,8711,932641,13.751,3236.935,0,0.000,2,0.066,0,0,163.776,5.251,0,0,0.000,0,0.000,0.000
gen/multicluster-even-30/s1,multicluster,even,30,1,G-LDTA2,3,1,30,0,191.408,26.411,76.056,995.390,8.139,0,3,1661,284201,19.041,4940.761,0,0.000,0,2.905,0,0,192.416,2.683,0,0,0.000,0,0.000,0.000
gen/multicluster-even-30/s1,multicluster,even,30,1,G-CBBA,8,1,30,0,164.816,17.162,34.864,3482.552,19.080,0,5,4359,726501,4.982,8167.476,0,0.000,1,0.828,0,0,165.824,3.663,0,0,0.000,0,0.000,0.000
gen/multicluster-even-30/s1,multicluster,even,30,1,G-C,3,1,30,0,190.960,30.445,80.960,1075.533,7.950,0,3,1482,268832,0.121,46.453,60,0.076,0,4.803,0,0,191.968,1.330,0,0,0.000,0,0.000,0.000
gen/multicluster-even-30/s1,multicluster,even,30,1,G-LDTA2,5,1,30,0,161.776,16.962,30.560,1723.063,11.544,0,5,3223,448958,16.792,3988.022,0,0.000,0,2.453,0,0,162.784,3.686,0,0,0.000,0,0.000,0.000
gen/multicluster-even-30/s1,multicluster,even,30,1,G-C,5,1,30,0,169.296,22.400,44.344,1237.065,9.347,0,4,2175,392407,0.103,54.040,60,0.020,0,1.596,0,0,170.304,1.716,0,0,0.000,0,0.000,0.000
gen/multicluster-even-30/s1,multicluster,even,30,1,G-C,8,1,30,0,169.968,25.845,45.920,1195.428,9.717,0,4,3439,624603,0.093,184.216,60,0.040,0,4.030,0,0,170.976,2.619,0,0,0.000,0,0.000,0.000
gen/multicluster-even-30/s1,multicluster,even,30,1,G-LDTA2,8,1,30,0,162.768,18.494,39.416,3160.501,18.710,0,7,8711,932641,18.364,4025.020,0,0.000,2,0.066,0,0,163.776,6.417,0,0,0.000,0,0.000,0.000
gen/multicluster-even-30/s2,multicluster,even,30,2,S1,1,1,30,0,423.744,148.616,349.208,700.341,6.016,0,1,1031,199916,0.217,670.308,30,0.670,0,-1.000,0,0,424.752,0.907,0,0,0.000,0,0.000,0.000
gen/multicluster-even-30/s2,multicluster,even,30,2,G-RTA,3,1,30,0,179.888,27.552,68.864,1011.207,7.677,0,3,1231,246127,19.686,4478.677,0,0.000,3,0.072,0,0,180.896,2.658,0,0,0.000,0,0.000,0.000
gen/multicluster-even-30/s2,multicluster,even,30,2,G-RTA,5,1,30,0,166.000,18.805,39.792,1782.066,11.833,0,5,1839,371249,15.590,2668.793,0,0.000,14,0.014,0,0,167.008,3.750,0,0,0.000,0,0.000,0.000
gen/multicluster-even-30/s2,multicluster,even,30,2,G-RTA-X,3,1,30,0,188.592,26.525,73.592,1132.711,8.069,0,3,1830,290559,17.497,1166.968,0,0.000,0,2.364,0,0,189.600,2.591,0,0,0.000,0,0.000,0.000
gen/multicluster-even-30/s2,multicluster,even,30,2,G-RTA-X,5,1,30,0,164.848,16.495,39.536,1796.581,11.777,0,5,2777,425579,12.766,2546.048,0,0.000,2,0.368,0,0,165.856,3.116,0,0,0.000,0,0.000,0.000
gen/multicluster-even-30/s2,multicluster,even,30,2,G-STA,3,1,30,0,188.592,26.525,73.592,1132.711,8.069,0,3,1830,290559,17.056,3514.500,0,0.000,0,2.364,0,0,189.600,2.482,0,0,0.000,0,0.000,0.000
gen/multicluster-even-30/s2,multicluster,even,30,2,G-RTA,8,1,30,0,170.576,18.190,39.856,3245.336,19.519,0,8,2967,605573,14.741,1655.581,0,0.000,35,0.008,0,0,171.584,6.184,0,0,0.000,0,0.000,0.000
gen/multicluster-even-30/s2,multicluster,even,30,2,G-STA,5,1,30,0,164.848,16.495,39.536,1796.581,11.777,0,5,2777,425579,12.637,3838.200,0,0.000,2,0.368,0,0,165.856,3.067,0,0,0.000,0,0.000,0.000
gen/multicluster-even-30/s2,multicluster,even,30,2,G-RTA-X,8,1,30,0,163.440,17.010,27.232,3520.347,18.885,0,7,8728,935796,13.160,2105.024,0,0.000,1,0.170,0,0,164.448,5.221,0,0,0.000,0,0.000,0.000
gen/multicluster-even-30/s2,multicluster,even,30,2,G-CBBA,3,1,30,0,186.000,26.852,69.464,1168.044,7.961,0,3,1748,308503,9.264,3435.032,0,0.000,0,3.789,0,0,187.008,1.831,0,0,0.000,0,0.000,0.000
gen/multicluster-even-30/s2,multicluster,even,30,2,G-CBBA,5,1,30,0,167.632,17.169,31.552,1893.479,12.002,0,5,2778,463560,5.104,203.676,0,0.000,1,0.049,0,0,168.640,2.280,0,0,0.000,0,0.000,0.000
gen/multicluster-even-30/s2,multicluster,even,30,2,G-LDTA2,3,1,30,0,188.592,26.525,73.592,1132.711,8.069,0,3,1830,290559,19.435,2542.858,0,0.000,0,2.364,0,0,189.600,2.698,0,0,0.000,0,0.000,0.000
gen/multicluster-even-30/s2,multicluster,even,30,2,G-STA,8,1,30,0,163.440,17.010,27.232,3520.347,18.885,0,7,8728,935796,13.048,16231.271,0,0.000,1,0.170,0,0,164.448,5.170,0,0,0.000,0,0.000,0.000
gen/multicluster-even-30/s2,multicluster,even,30,2,G-CBBA,8,1,30,0,165.392,17.339,43.440,3955.117,19.223,0,5,4397,730276,5.044,8321.122,0,0.000,1,0.314,0,0,166.400,3.714,0,0,0.000,0,0.000,0.000
gen/multicluster-even-30/s2,multicluster,even,30,2,G-C,3,1,30,0,180.656,25.625,47.856,1055.636,7.525,0,3,1417,255552,0.117,49.645,60,0.031,0,4.277,0,0,181.664,1.218,0,0,0.000,0,0.000,0.000
gen/multicluster-even-30/s2,multicluster,even,30,2,G-LDTA2,5,1,30,0,164.848,16.495,39.536,1796.581,11.777,0,5,2777,425579,15.406,3384.491,0,0.000,2,0.368,0,0,165.856,3.469,0,0,0.000,0,0.000,0.000
gen/multicluster-even-30/s2,multicluster,even,30,2,G-C,5,1,30,0,178.128,24.847,47.856,1074.363,8.591,0,4,2266,409214,0.100,41.200,60,0.024,0,4.277,0,0,179.136,1.751,0,0,0.000,0,0.000,0.000
gen/multicluster-even-30/s2,multicluster,even,30,2,G-C,8,1,30,0,165.040,18.616,40.248,1168.672,10.306,0,5,3350,602606,0.083,148.780,60,0.349,0,3.020,0,0,166.048,2.306,0,0,0.000,0,0.000,0.000
gen/multicluster-even-30/s2,multicluster,even,30,2,G-LDTA2,8,1,30,0,163.440,17.010,27.232,3520.347,18.885,0,7,8728,935796,17.325,5381.502,0,0.000,1,0.170,0,0,164.448,6.272,0,0,0.000,0,0.000,0.000
gen/multicluster-even-30/s3,multicluster,even,30,3,S1,1,1,30,0,416.320,163.094,406.320,594.139,5.868,0,1,1015,195984,0.228,689.267,30,0.689,0,-1.000,0,0,417.328,0.831,0,0,0.000,0,0.000,0.000
gen/multicluster-even-30/s3,multicluster,even,30,3,G-RTA,3,1,30,0,177.776,30.251,92.344,910.752,7.566,0,3,1215,241016,20.227,2289.181,0,0.000,0,3.910,0,0,178.784,2.608,0,0,0.000,0,0.000,0.000
gen/multicluster-even-30/s3,multicluster,even,30,3,G-RTA,5,1,30,0,163.664,18.687,34.784,1714.749,11.661,0,5,1813,364787,15.969,2052.366,0,0.000,6,0.006,0,0,164.672,3.805,0,0,0.000,0,0.000,0.000
gen/multicluster-even-30/s3,multicluster,even,30,3,G-RTA-X,3,1,30,0,177.776,30.284,92.344,897.579,7.562,0,3,1350,250960,21.522,2808.656,0,0.000,0,3.824,0,0,178.784,2.779,0,0,0.000,0,0.000,0.000
gen/multicluster-even-30/s3,multicluster,even,30,3,G-RTA-X,5,1,30,0,157.712,17.633,37.000,1434.975,11.205,0,5,2744,411554,15.247,1923.167,0,0.000,3,0.043,0,0,158.720,3.426,0,0,0.000,0,0.000,0.000
gen/multicluster-even-30/s3,multicluster,even,30,3,G-STA,3,1,30,0,177.776,30.284,92.344,897.579,7.562,0,3,1350,250960,21.964,4230.412,0,0.000,0,3.824,0,0,178.784,2.813,0,0,0.000,0,0.000,0.000
gen/multicluster-even-30/s3,multicluster,even,30,3,G-RTA,8,1,30,0,170.960,20.932,39.136,2839.353,19.438,0,8,2975,605359,18.091,4425.570,0,0.000,41,0.005,0,0,171.968,7.228,0,0,0.000,0,0.000,0.000
gen/multicluster-even-30/s3,multicluster,even,30,3,G-STA,5,1,30,0,157.712,17.633,37.000,1434.975,11.205,0,5,2744,411554,16.026,2287.978,0,0.000,3,0.043,0,0,158.720,3.625,0,0,0.000,0,0.000,0.000
gen/multicluster-even-30/s3,multicluster,even,30,3,G-RTA-X,8,1,30,0,168.432,18.002,42.472,3099.898,19.317,0,8,7131,846386,14.061,3731.087,0,0.000,9,0.170,0,0,169.440,5.727,0,0,0.000,0,0.000,0.000
gen/multicluster-even-30/s3,multicluster,even,30,3,G-CBBA,3,1,30,0,193.328,34.237,129.392,1195.525,8.259,0,3,1803,325333,10.761,1527.459,0,0.000,0,3.608,0,0,194.336,2.095,0,0,0.000,0,0.000,0.000
gen/multicluster-even-30/s3,multicluster,even,30,3,G-CBBA,5,1,30,0,162.416,18.051,36.064,1682.601,11.580,0,5,2614,445646,6.499,777.673,0,0.000,1,0.753,0,0,163.424,2.646,0,0,0.000,0,0.000,0.000
gen/multicluster-even-30/s3,multicluster,even,30,3,G-CBBA,8,1,30,0,162.800,17.682,31.176,3291.510,18.778,0,6,4247,714983,5.065,2714.646,0,0.000,2,0.638,0,0,163.808,3.637,0,0,0.000,0,0.000,0.000
gen/multicluster-even-30/s3,multicluster,even,30,3,G-STA,8,1,30,0,168.432,18.002,42.472,3099.898,19.317,0,8,7131,846386,13.421,1703.386,0,0.000,9,0.170,0,0,169.440,5.461,0,0,0.000,0,0.000,0.000
gen/multicluster-even-30/s3,multicluster,even,30,3,G-LDTA2,3,1,30,0,177.776,30.284,92.344,897.579,7.562,0,3,1350,250960,27.437,11028.194,0,0.000,0,3.824,0,0,178.784,3.398,0,0,0.000,0,0.000,0.000
gen/multicluster-even-30/s3,multicluster,even,30,3,G-C,3,1,30,0,189.072,35.919,110.920,1079.264,7.869,0,3,1469,264775,0.124,62.299,60,0.046,0,3.321,0,0,190.080,1.310,0,0,0.000,0,0.000,0.000
gen/multicluster-even-30/s3,multicluster,even,30,3,G-C,5,1,30,0,161.072,22.157,39.728,1275.784,10.647,0,5,2088,372405,0.121,67.144,60,0.031,1,0.858,0,0,162.080,1.926,0,0,0.000,0,0.000,0.000
gen/multicluster-even-30/s3,multicluster,even,30,3,G-LDTA2,5,1,30,0,157.712,17.633,37.000,1434.975,11.205,0,5,2744,411554,19.474,5015.277,0,0.000,3,0.043,0,0,158.720,4.139,0,0,0.000,0,0.000,0.000
gen/multicluster-even-30/s3,multicluster,even,30,3,G-C,8,1,30,0,168.688,21.122,50.176,1346.575,11.886,0,5,3406,611446,0.090,95.623,60,0.047,0,2.294,0,0,169.696,2.650,0,0,0.000,0,0.000,0.000
gen/multicluster-even-30/s3,multicluster,even,30,3,G-LDTA2,8,1,30,0,168.432,18.002,42.472,3099.898,19.317,0,8,7131,846386,17.151,10870.231,0,0.000,9,0.170,0,0,169.440,6.305,0,0,0.000,0,0.000,0.000
gen/multicluster-even-30/s4,multicluster,even,30,4,S1,1,1,30,0,406.656,140.136,333.112,656.458,5.762,0,1,992,191311,0.241,1073.051,30,1.073,0,-1.000,0,0,407.664,0.756,0,0,0.000,0,0.000,0.000
gen/multicluster-even-30/s4,multicluster,even,30,4,G-RTA,3,1,30,0,186.320,30.172,96.320,1029.718,7.938,0,3,1271,252642,18.690,6172.023,0,0.000,0,3.768,0,0,187.328,2.579,0,0,0.000,0,0.000,0.000
gen/multicluster-even-30/s4,multicluster,even,30,4,G-RTA,5,1,30,0,164.560,18.527,29.928,1690.680,11.725,0,5,1824,367122,16.245,1898.827,0,0.000,8,0.070,0,0,165.568,3.892,0,0,0.000,0,0.000,0.000
gen/multicluster-even-30/s4,multicluster,even,30,4,G-RTA-X,3,1,30,0,185.040,30.071,95.040,1015.972,7.878,0,3,1811,286177,19.633,1650.839,0,0.000,0,3.739,0,0,186.048,2.674,0,0,0.000,0,0.000,0.000
gen/multicluster-even-30/s4,multicluster,even,30,4,G-RTA-X,5,1,30,0,165.872,17.309,31.848,1539.720,11.787,0,5,2944,436611,15.202,7230.528,0,0.000,1,0.874,0,0,166.880,3.697,0,0,0.000,0,0.000,0.000
gen/multicluster-even-30/s4,multicluster,even,30,4,G-RTA,8,1,30,0,165.008,17.588,30.440,2651.827,18.814,0,8,2870,582604,15.651,5670.597,0,0.000,29,0.007,0,0,166.016,6.414,0,0,0.000,0,0.000,0.000
gen/multicluster-even-30/s4,multicluster,even,30,4,G-STA,3,1,30,0,185.040,30.071,95.040,1015.972,7.878,0,3,1811,286177,20.639,1928.875,0,0.000,0,3.739,0,0,186.048,2.848,0,0,0.000,0,0.000,0.000
gen/multicluster-even-30/s4,multicluster,even,30,4,G-RTA-X,8,1,30,0,162.352,16.585,27.728,3113.239,18.682,0,6,9381,973294,13.853,3894.957,0,0.000,5,0.107,0,0,163.360,5.635,0,0,0.000,0,0.000,0.000
gen/multicluster-even-30/s4,multicluster,even,30,4,G-CBBA,3,1,30,0,191.824,29.305,99.968,1136.958,8.196,0,3,1845,323681,10.376,9272.159,0,0.000,0,3.749,0,0,192.832,2.181,0,0,0.000,0,0.000,0.000
gen/multicluster-even-30/s4,multicluster,even,30,4,G-STA,5,1,30,0,165.872,17.309,31.848,1539.720,11.787,0,5,2944,436611,14.878,1707.901,0,0.000,1,0.874,0,0,166.880,3.649,0,0,0.000,0,0.000,0.000
gen/multicluster-even-30/s4,multicluster,even,30,4,G-CBBA,5,1,30,0,167.376,17.249,27.016,1728.953,11.954,0,5,2809,465110,5.385,1661.656,0,0.000,0,1.134,0,0,168.384,2.399,0,0,0.000,0,0.000,0.000
gen/multicluster-even-30/s4,multicluster,even,30,4,G-STA,8,1,30,0,162.352,16.585,27.728,3113.239,18.682,0,6,9381,973294,13.835,7176.150,0,0.000,5,0.107,0,0,163.360,5.568,0,0,0.000,0,0.000,0.000
gen/multicluster-even-30/s4,multicluster,even,30,4,G-CBBA,8,1,30,0,163.024,16.583,37.120,3337.291,18.819,0,6,4281,713643,5.276,2495.478,0,0.000,2,0.151,0,0,164.032,3.932,0,0,0.000,0,0.000,0.000
gen/multicluster-even-30/s4,multicluster,even,30,4,G-LDTA2,3,1,30,0,185.040,30.071,95.040,1015.972,7.878,0,3,1811,286177,21.856,2242.183,0,0.000,0,3.739,0,0,186.048,2.897,0,0,0.000,0,0.000,0.000
gen/multicluster-even-30/s4,multicluster,even,30,4,G-C,3,1,30,0,189.136,31.939,87.744,1057.970,7.795,0,3,1473,266698,0.130,51.672,60,0.073,0,5.089,0,0,190.144,1.369,0,0,0.000,0,0.000,0.000
gen/multicluster-even-30/s4,multicluster,even,30,4,G-C,5,1,30,0,166.160,24.357,38.168,1270.666,10.052,0,5,2139,382243,0.124,55.999,60,0.041,0,2.087,0,0,167.168,1.996,0,0,0.000,0,0.000,0.000
gen/multicluster-even-30/s4,multicluster,even,30,4,G-LDTA2,5,1,30,0,165.872,17.309,31.848,1539.720,11.787,0,5,2944,436611,16.485,1967.366,0,0.000,1,0.874,0,0,166.880,3.708,0,0,0.000,0,0.000,0.000
gen/multicluster-even-30/s4,multicluster,even,30,4,G-C,8,1,30,0,161.456,24.533,43.840,1216.113,10.147,0,5,3293,592545,0.096,298.938,60,0.021,0,1.319,0,0,162.464,2.493,0,0,0.000,0,0.000,0.000
gen/multicluster-even-30/s4,multicluster,even,30,4,G-LDTA2,8,1,30,0,162.352,16.585,27.728,3113.239,18.682,0,6,9381,973294,17.943,3841.295,0,0.000,5,0.107,0,0,163.360,6.551,0,0,0.000,0,0.000,0.000
gen/multicluster-even-30/s5,multicluster,even,30,5,S1,1,1,30,0,392.448,136.432,368.376,531.392,5.534,0,1,960,186204,0.207,566.289,30,0.566,0,-1.000,0,0,393.456,0.743,0,0,0.000,0,0.000,0.000
gen/multicluster-even-30/s5,multicluster,even,30,5,G-RTA,3,1,30,0,186.480,25.076,83.344,955.802,7.926,0,3,1271,253935,17.008,2123.996,0,0.000,4,0.029,0,0,187.488,2.489,0,0,0.000,0,0.000,0.000
gen/multicluster-even-30/s5,multicluster,even,30,5,G-RTA,5,1,30,0,161.936,16.061,28.264,1570.054,11.552,0,5,1798,363953,14.082,5631.642,0,0.000,13,0.013,0,0,162.944,3.472,0,0,0.000,0,0.000,0.000
gen/multicluster-even-30/s5,multicluster,even,30,5,G-RTA-X,3,1,30,0,176.688,24.757,83.344,851.747,7.517,0,3,1356,251904,17.733,7242.035,0,0.000,0,1.893,0,0,177.696,2.430,0,0,0.000,0,0.000,0.000
gen/multicluster-even-30/s5,multicluster,even,30,5,G-RTA-X,5,1,30,0,156.976,14.516,29.008,1403.042,11.193,0,5,3635,466328,12.527,5157.017,0,0.000,2,0.281,0,0,157.984,3.010,0,0,0.000,0,0.000,0.000
gen/multicluster-even-30/s5,multicluster,even,30,5,G-STA,3,1,30,0,176.688,24.757,83.344,851.747,7.517,0,3,1356,251904,17.710,1895.100,0,0.000,0,1.893,0,0,177.696,2.399,0,0,0.000,0,0.000,0.000
gen/multicluster-even-30/s5,multicluster,even,30,5,G-RTA,8,1,30,0,158.512,16.936,36.584,2542.599,18.092,0,7,2756,560767,14.888,2797.399,0,0.000,23,0.008,0,0,159.520,5.838,0,0,0.000,0,0.000,0.000
gen/multicluster-even-30/s5,multicluster,even,30,5,G-STA,5,1,30,0,156.976,14.516,29.008,1403.042,11.193,0,5,3635,466328,11.333,912.631,0,0.000,2,0.281,0,0,157.984,2.712,0,0,0.000,0,0.000,0.000
gen/multicluster-even-30/s5,multicluster,even,30,5,G-RTA-X,8,1,30,0,162.704,16.033,32.280,2718.742,18.674,0,7,8996,951314,12.098,4200.992,0,0.000,11,0.139,0,0,163.712,4.912,0,0,0.000,0,0.000,0.000
gen/multicluster-even-30/s5,multicluster,even,30,5,G-CBBA,3,1,30,0,174.928,26.075,94.928,886.762,7.450,0,3,1644,292113,10.774,928.958,0,0.000,0,1.066,0,0,175.936,1.924,0,0,0.000,0,0.000,0.000
gen/multicluster-even-30/s5,multicluster,even,30,5,G-CBBA,5,1,30,0,159.024,15.309,24.312,1622.119,11.388,0,5,2609,435989,4.689,497.053,0,0.000,1,0.621,0,0,160.032,2.122,0,0,0.000,0,0.000,0.000
gen/multicluster-even-30/s5,multicluster,even,30,5,G-LDTA2,3,1,30,0,176.688,24.757,83.344,851.747,7.517,0,3,1356,251904,20.627,1899.828,0,0.000,0,1.893,0,0,177.696,2.699,0,0,0.000,0,0.000,0.000
gen/multicluster-even-30/s5,multicluster,even,30,5,G-STA,8,1,30,0,162.704,16.033,32.280,2718.742,18.674,0,7,8996,951314,12.372,2646.752,0,0.000,11,0.139,0,0,163.712,5.039,0,0,0.000,0,0.000,0.000
gen/multicluster-even-30/s5,multicluster,even,30,5,G-CBBA,8,1,30,0,160.336,15.795,27.024,3046.020,18.500,0,5,4404,723393,5.012,2268.564,0,0.000,7,0.042,0,0,161.344,3.747,0,0,0.000,0,0.000,0.000
gen/multicluster-even-30/s5,multicluster,even,30,5,G-C,3,1,30,0,179.184,29.732,114.184,864.341,7.368,0,3,1408,254522,0.124,496.695,60,0.049,0,3.669,0,0,180.192,1.170,0,0,0.000,0,0.000,0.000
gen/multicluster-even-30/s5,multicluster,even,30,5,G-LDTA2,5,1,30,0,156.976,14.516,29.008,1403.042,11.193,0,5,3635,466328,14.699,1005.670,0,0.000,2,0.281,0,0,157.984,3.199,0,0,0.000,0,0.000,0.000
gen/multicluster-even-30/s5,multicluster,even,30,5,G-C,5,1,30,0,156.112,20.529,34.048,1029.724,9.171,0,5,2032,361543,0.116,68.153,60,0.044,0,2.324,0,0,157.120,1.726,0,0,0.000,0,0.000,0.000
gen/multicluster-even-30/s5,multicluster,even,30,5,G-C,8,1,30,0,157.456,21.279,38.184,1250.312,11.300,0,6,3220,576185,0.089,178.234,60,0.022,0,1.514,0,0,158.464,2.400,0,0,0.000,0,0.000,0.000
gen/multicluster-even-30/s5,multicluster,even,30,5,G-LDTA2,8,1,30,0,162.704,16.033,32.280,2718.742,18.674,0,7,8996,951314,15.522,8284.016,0,0.000,11,0.139,0,0,163.712,5.682,0,0,0.000,0,0.000,0.000
gen/multicluster-static-30/s1,multicluster,static,30,1,S1,1,1,30,0,395.488,211.399,395.488,603.241,5.595,0,1,967,186835,0.126,910.368,1,0.910,0,-1.000,0,0,396.496,0.783,0,0,0.000,0,0.000,0.000
gen/multicluster-static-30/s1,multicluster,static,30,1,G-RTA,3,1,30,0,177.328,89.603,177.328,1070.668,7.569,0,3,1212,240915,53.617,11351.853,0,0.000,0,2.823,0,0,178.336,5.041,0,0,0.000,0,0.000,0.000
gen/multicluster-static-30/s1,multicluster,static,30,1,G-RTA,5,1,30,0,124.096,65.588,124.096,1265.294,8.827,0,5,1395,279759,59.711,10882.430,0,0.000,1,0.131,0,0,125.104,6.480,0,0,0.000,0,0.000,0.000
gen/multicluster-static-30/s1,multicluster,static,30,1,G-RTA-X,3,1,30,0,167.728,86.244,167.728,928.448,7.135,0,3,1281,238179,55.198,26448.242,0,0.000,0,2.883,0,0,168.736,4.775,0,0,0.000,0,0.000,0.000
gen/multicluster-static-30/s1,multicluster,static,30,1,G-RTA,8,1,30,0,98.208,55.712,98.208,1599.210,11.169,0,8,1736,348690,64.893,17706.636,0,0.000,1,0.222,0,0,99.216,8.955,0,0,0.000,0,0.000,0.000
gen/multicluster-static-30/s1,multicluster,static,30,1,G-RTA-X,5,1,30,0,132.880,67.361,132.880,1247.883,9.426,0,5,1661,311453,54.097,2648.059,0,0.000,0,1.623,0,0,133.888,6.305,0,0,0.000,0,0.000,0.000
gen/multicluster-static-30/s1,multicluster,static,30,1,G-STA,3,1,30,0,167.728,86.244,167.728,928.448,7.135,0,3,1281,238179,53.114,3840.935,0,0.000,0,2.883,0,0,168.736,4.607,0,0,0.000,0,0.000,0.000
gen/multicluster-static-30/s1,multicluster,static,30,1,G-CBBA,3,1,30,0,180.976,89.781,180.976,1012.888,7.711,0,3,1601,311175,3.082,1977.154,0,0.000,0,1.272,0,0,181.984,1.388,0,0,0.000,0,0.000,0.000
gen/multicluster-static-30/s1,multicluster,static,30,1,G-CBBA,5,1,30,0,129.112,66.025,129.112,1211.591,9.175,0,5,2128,416160,7.021,458.687,0,0.000,0,1.231,0,0,130.120,2.064,0,0,0.000,0,0.000,0.000
gen/multicluster-static-30/s1,multicluster,static,30,1,G-RTA-X,8,1,30,0,105.376,57.081,105.376,1435.767,11.953,0,8,2066,390127,61.518,10268.356,0,0.000,0,1.660,0,0,106.384,9.071,0,0,0.000,0,0.000,0.000
gen/multicluster-static-30/s1,multicluster,static,30,1,G-STA,5,1,30,0,132.880,67.361,132.880,1247.883,9.426,0,5,1661,311453,53.001,3472.577,0,0.000,0,1.623,0,0,133.888,6.142,0,0,0.000,0,0.000,0.000
gen/multicluster-static-30/s1,multicluster,static,30,1,G-CBBA,8,1,30,0,100.256,55.484,100.256,1509.391,11.423,0,8,2880,579552,11.867,838.558,0,0.000,1,0.030,0,0,101.264,3.286,0,0,0.000,0,0.000,0.000
gen/multicluster-static-30/s1,multicluster,static,30,1,G-STA,8,1,30,0,105.376,57.081,105.376,1435.767,11.953,0,8,2066,390127,60.472,2243.708,0,0.000,0,1.660,0,0,106.384,9.009,0,0,0.000,0,0.000,0.000
gen/multicluster-static-30/s1,multicluster,static,30,1,G-LDTA2,3,1,30,0,167.728,86.244,167.728,928.448,7.135,0,3,1281,238179,55.573,13927.731,0,0.000,0,2.883,0,0,168.736,4.794,0,0,0.000,0,0.000,0.000
gen/multicluster-static-30/s1,multicluster,static,30,1,G-C,3,1,30,0,159.664,81.658,159.664,827.099,6.792,0,3,1194,225562,0.110,75.712,31,2.013,0,2.251,0,0,160.672,1.016,0,0,0.000,0,0.000,0.000
gen/multicluster-static-30/s1,multicluster,static,30,1,G-C,5,1,30,0,120.224,63.840,120.224,1046.338,8.537,0,5,1510,280344,0.127,42.344,31,1.780,0,2.345,0,0,121.232,1.439,0,0,0.000,0,0.000,0.000
gen/multicluster-static-30/s1,multicluster,static,30,1,G-C,8,1,30,0,89.920,53.758,89.920,1336.570,10.238,0,8,1855,336812,0.147,228.458,31,1.543,0,2.327,0,0,90.928,1.895,0,0,0.000,0,0.000,0.000
gen/multicluster-static-30/s1,multicluster,static,30,1,G-LDTA2,5,1,30,0,132.880,67.361,132.880,1247.883,9.426,0,5,1661,311453,59.108,1402.376,0,0.000,0,1.623,0,0,133.888,6.910,0,0,0.000,0,0.000,0.000
gen/multicluster-static-30/s1,multicluster,static,30,1,G-LDTA2,8,1,30,0,105.376,57.081,105.376,1435.767,11.953,0,8,2066,390127,64.242,6983.608,0,0.000,0,1.660,0,0,106.384,9.485,0,0,0.000,0,0.000,0.000
gen/multicluster-static-30/s2,multicluster,static,30,2,S1,1,1,30,0,391.264,200.271,391.264,590.539,5.534,0,1,958,184826,0.146,1553.689,1,1.554,0,-1.000,0,0,392.272,0.842,0,0,0.000,0,0.000,0.000
gen/multicluster-static-30/s2,multicluster,static,30,2,G-RTA,3,1,30,0,170.416,94.789,170.416,956.829,7.253,0,3,1172,233223,55.936,1945.600,0,0.000,1,0.954,0,0,171.424,4.870,0,0,0.000,0,0.000,0.000
gen/multicluster-static-30/s2,multicluster,static,30,2,G-RTA,5,1,30,0,129.112,70.269,129.112,1304.674,9.194,0,5,1451,291441,59.371,3344.427,0,0.000,3,0.035,0,0,130.120,6.657,0,0,0.000,0,0.000,0.000
gen/multicluster-static-30/s2,multicluster,static,30,2,G-RTA,8,1,30,0,114.272,62.719,114.272,1998.664,12.981,0,8,2012,405848,60.999,6329.637,0,0.000,8,0.030,0,0,115.280,9.916,0,0,0.000,0,0.000,0.000
gen/multicluster-static-30/s2,multicluster,static,30,2,G-RTA-X,3,1,30,0,174.864,95.008,174.864,966.398,7.444,0,3,1329,247595,60.135,5217.715,0,0.000,0,2.546,0,0,175.872,5.352,0,0,0.000,0,0.000,0.000
gen/multicluster-static-30/s2,multicluster,static,30,2,G-RTA-X,5,1,30,0,132.464,65.375,132.464,1179.919,9.388,0,5,1654,309229,54.610,14691.916,0,0.000,0,3.150,0,0,133.472,6.416,0,0,0.000,0,0.000,0.000
gen/multicluster-static-30/s2,multicluster,static,30,2,G-STA,3,1,30,0,174.864,95.008,174.864,966.398,7.444,0,3,1329,247595,58.191,7212.627,0,0.000,0,2.546,0,0,175.872,5.231,0,0,0.000,0,0.000,0.000
gen/multicluster-static-30/s2,multicluster,static,30,2,G-RTA-X,8,1,30,0,109.632,60.398,109.632,1739.137,12.470,0,8,2430,422884,65.578,16133.793,0,0.000,0,1.256,0,0,110.640,10.120,0,0,0.000,0,0.000,0.000
gen/multicluster-static-30/s2,multicluster,static,30,2,G-CBBA,3,1,30,0,166.704,84.570,166.704,879.907,7.091,0,3,1481,285500,2.773,629.562,0,0.000,0,3.882,0,0,167.712,1.219,0,0,0.000,0,0.000,0.000
gen/multicluster-static-30/s2,multicluster,static,30,2,G-STA,5,1,30,0,132.464,65.375,132.464,1179.919,9.388,0,5,1654,309229,54.660,6952.495,0,0.000,0,3.150,0,0,133.472,6.353,0,0,0.000,0,0.000,0.000
gen/multicluster-static-30/s2,multicluster,static,30,2,G-CBBA,5,1,30,0,124.800,66.419,124.800,1113.650,8.863,0,5,2014,391560,5.601,1779.040,0,0.000,0,1.042,0,0,125.808,1.920,0,0,0.000,0,0.000,0.000
gen/multicluster-static-30/s2,multicluster,static,30,2,G-CBBA,8,1,30,0,101.536,56.752,101.536,1506.947,11.550,0,8,2715,566220,11.347,4342.426,0,0.000,0,1.838,0,0,102.544,3.190,0,0,0.000,0,0.000,0.000
gen/multicluster-static-30/s2,multicluster,static,30,2,G-STA,8,1,30,0,109.632,60.398,109.632,1739.137,12.470,0,8,2430,422884,60.778,2804.919,0,0.000,0,1.256,0,0,110.640,9.319,0,0,0.000,0,0.000,0.000
gen/multicluster-static-30/s2,multicluster,static,30,2,G-C,3,1,30,0,169.648,83.448,169.648,904.801,7.220,0,3,1259,237917,0.111,35.914,31,1.251,0,2.707,0,0,170.656,1.079,0,0,0.000,0,0.000,0.000
gen/multicluster-static-30/s2,multicluster,static,30,2,G-LDTA2,3,1,30,0,174.864,95.008,174.864,966.398,7.444,0,3,1329,247595,56.320,2428.254,0,0.000,0,2.546,0,0,175.872,4.977,0,0,0.000,0,0.000,0.000
gen/multicluster-static-30/s2,multicluster,static,30,2,G-C,5,1,30,0,127.552,64.091,127.552,1103.859,9.048,0,5,1586,293830,0.111,142.464,31,0.966,0,3.531,0,0,128.560,1.397,0,0,0.000,0,0.000,0.000
gen/multicluster-static-30/s2,multicluster,static,30,2,G-C,8,1,30,0,96.320,55.911,96.320,1472.746,10.967,0,8,1960,354741,0.115,308.594,31,1.254,0,3.043,0,0,97.328,1.825,0,0,0.000,0,0.000,0.000
gen/multicluster-static-30/s2,multicluster,static,30,2,G-LDTA2,5,1,30,0,132.464,65.375,132.464,1179.919,9.388,0,5,1654,309229,54.466,2163.039,0,0.000,0,3.150,0,0,133.472,6.275,0,0,0.000,0,0.000,0.000
gen/multicluster-static-30/s2,multicluster,static,30,2,G-LDTA2,8,1,30,0,109.632,60.398,109.632,1739.137,12.470,0,8,2430,422884,63.288,4606.067,0,0.000,0,1.256,0,0,110.640,9.652,0,0,0.000,0,0.000,0.000
gen/multicluster-static-30/s3,multicluster,static,30,3,S1,1,1,30,0,402.752,195.916,402.752,606.418,5.694,0,1,984,190428,0.129,1808.629,1,1.809,0,-1.000,0,0,403.760,0.747,0,0,0.000,0,0.000,0.000
gen/multicluster-static-30/s3,multicluster,static,30,3,G-RTA,3,1,30,0,160.144,80.843,160.144,799.984,6.818,0,3,1104,219832,51.532,2824.392,0,0.000,0,2.791,0,0,161.152,4.315,0,0,0.000,0,0.000,0.000
gen/multicluster-static-30/s3,multicluster,static,30,3,G-RTA,5,1,30,0,134.736,65.994,134.736,1299.679,9.529,0,5,1508,302876,53.941,1303.603,0,0.000,8,0.024,0,0,135.744,6.456,0,0,0.000,0,0.000,0.000
gen/multicluster-static-30/s3,multicluster,static,30,3,G-RTA,8,1,30,0,105.440,57.547,105.440,1750.960,11.988,0,8,1866,376427,63.338,5431.868,0,0.000,4,0.154,0,0,106.448,9.551,0,0,0.000,0,0.000,0.000
gen/multicluster-static-30/s3,multicluster,static,30,3,G-RTA-X,3,1,30,0,160.144,79.865,160.144,795.547,6.818,0,3,1243,229978,51.670,3837.264,0,0.000,0,2.769,0,0,161.152,4.298,0,0,0.000,0,0.000,0.000
gen/multicluster-static-30/s3,multicluster,static,30,3,G-STA,3,1,30,0,160.144,79.865,160.144,795.547,6.818,0,3,1243,229978,55.861,5199.985,0,0.000,0,2.769,0,0,161.152,4.642,0,0,0.000,0,0.000,0.000
gen/multicluster-static-30/s3,multicluster,static,30,3,G-RTA-X,5,1,30,0,124.000,64.748,124.000,1166.293,8.811,0,5,1856,308621,58.921,5171.030,0,0.000,0,1.619,0,0,125.008,6.398,0,0,0.000,0,0.000,0.000
gen/multicluster-static-30/s3,multicluster,static,30,3,G-RTA-X,8,1,30,0,95.872,55.042,95.872,1397.907,10.886,0,8,2469,389328,68.439,15363.923,0,0.000,0,2.606,0,0,96.880,9.172,0,0,0.000,0,0.000,0.000
gen/multicluster-static-30/s3,multicluster,static,30,3,G-CBBA,3,1,30,0,168.080,79.681,168.080,866.855,7.155,0,3,1473,284299,3.336,860.485,0,0.000,0,1.671,0,0,169.088,1.396,0,0,0.000,0,0.000,0.000
gen/multicluster-static-30/s3,multicluster,static,30,3,G-STA,5,1,30,0,124.000,64.748,124.000,1166.293,8.811,0,5,1856,308621,59.750,2655.392,0,0.000,0,1.619,0,0,125.008,6.517,0,0,0.000,0,0.000,0.000
gen/multicluster-static-30/s3,multicluster,static,30,3,G-CBBA,5,1,30,0,119.488,62.219,119.488,1090.384,8.480,0,5,1862,373198,7.149,980.586,0,0.000,0,3.614,0,0,120.496,2.005,0,0,0.000,0,0.000,0.000
gen/multicluster-static-30/s3,multicluster,static,30,3,G-STA,8,1,30,0,95.872,55.042,95.872,1397.907,10.886,0,8,2469,389328,66.892,4283.175,0,0.000,0,2.606,0,0,96.880,8.984,0,0,0.000,0,0.000,0.000
gen/multicluster-static-30/s3,multicluster,static,30,3,G-CBBA,8,1,30,0,99.744,54.182,99.744,1511.266,11.365,0,8,2675,558854,11.978,2152.150,0,0.000,0,1.653,0,0,100.752,3.422,0,0,0.000,0,0.000,0.000
gen/multicluster-static-30/s3,multicluster,static,30,3,G-LDTA2,3,1,30,0,160.144,79.865,160.144,795.547,6.818,0,3,1243,229978,53.804,16166.048,0,0.000,0,2.769,0,0,161.152,4.425,0,0,0.000,0,0.000,0.000
gen/multicluster-static-30/s3,multicluster,static,30,3,G-C,3,1,30,0,183.184,83.069,183.184,985.772,7.794,0,3,1345,255752,0.117,73.786,31,2.026,0,3.110,0,0,184.192,1.220,0,0,0.000,0,0.000,0.000
gen/multicluster-static-30/s3,multicluster,static,30,3,G-C,5,1,30,0,124.992,62.176,124.992,1154.085,8.871,0,5,1556,289058,0.129,50.820,31,1.325,0,2.714,0,0,126.000,1.518,0,0,0.000,0,0.000,0.000
gen/multicluster-static-30/s3,multicluster,static,30,3,G-C,8,1,30,0,86.336,51.968,86.336,1243.408,9.820,0,8,1790,321223,0.137,83.864,31,1.271,0,2.522,0,0,87.344,1.791,0,0,0.000,0,0.000,0.000
gen/multicluster-static-30/s3,multicluster,static,30,3,G-LDTA2,5,1,30,0,124.000,64.748,124.000,1166.293,8.811,0,5,1856,308621,60.015,10125.997,0,0.000,0,1.619,0,0,125.008,6.520,0,0,0.000,0,0.000,0.000
gen/multicluster-static-30/s3,multicluster,static,30,3,G-LDTA2,8,1,30,0,95.872,55.042,95.872,1397.907,10.886,0,8,2469,389328,68.353,10348.514,0,0.000,0,2.606,0,0,96.880,9.137,0,0,0.000,0,0.000,0.000
gen/multicluster-static-30/s4,multicluster,static,30,4,S1,1,1,30,0,375.936,189.338,375.936,498.860,5.298,0,1,922,178152,0.136,1535.786,1,1.536,0,-1.000,0,0,376.944,0.743,0,0,0.000,0,0.000,0.000
gen/multicluster-static-30/s4,multicluster,static,30,4,G-RTA,3,1,30,0,159.056,80.112,159.056,767.221,6.748,0,3,1094,217199,50.466,12109.640,0,0.000,3,0.053,0,0,160.064,4.146,0,0,0.000,0,0.000,0.000
gen/multicluster-static-30/s4,multicluster,static,30,4,G-RTA,5,1,30,0,110.624,56.650,110.624,920.201,7.841,0,5,1253,251626,57.536,5079.357,0,0.000,1,0.255,0,0,111.632,5.631,0,0,0.000,0,0.000,0.000
gen/multicluster-static-30/s4,multicluster,static,30,4,G-RTA,8,1,30,0,91.712,47.090,91.712,1385.115,10.419,0,8,1631,330135,59.270,6527.018,0,0.000,5,0.166,0,0,92.720,7.878,0,0,0.000,0,0.000,0.000
gen/multicluster-static-30/s4,multicluster,static,30,4,G-RTA-X,3,1,30,0,157.712,78.875,157.712,744.562,6.703,0,3,1196,223834,53.103,2180.449,0,0.000,2,0.483,0,0,158.720,4.368,0,0,0.000,0,0.000,0.000
gen/multicluster-static-30/s4,multicluster,static,30,4,G-RTA-X,5,1,30,0,110.624,56.233,110.624,805.656,7.839,0,5,1382,260724,56.725,3347.640,0,0.000,1,0.607,0,0,111.632,5.492,0,0,0.000,0,0.000,0.000
gen/multicluster-static-30/s4,multicluster,static,30,4,G-STA,3,1,30,0,157.712,78.875,157.712,744.562,6.703,0,3,1196,223834,52.783,4979.371,0,0.000,2,0.483,0,0,158.720,4.371,0,0,0.000,0,0.000,0.000
gen/multicluster-static-30/s4,multicluster,static,30,4,G-RTA-X,8,1,30,0,88.544,46.078,88.544,1138.939,10.066,0,8,1755,328358,59.332,3305.912,0,0.000,0,1.062,0,0,89.552,7.476,0,0,0.000,0,0.000,0.000
gen/multicluster-static-30/s4,multicluster,static,30,4,G-CBBA,3,1,30,0,155.408,76.657,155.408,784.428,6.618,0,3,1405,268985,3.717,229.727,0,0.000,0,1.449,0,0,156.416,1.216,0,0,0.000,0,0.000,0.000
gen/multicluster-static-30/s4,multicluster,static,30,4,G-STA,5,1,30,0,110.624,56.233,110.624,805.656,7.839,0,5,1382,260724,57.337,5376.345,0,0.000,1,0.607,0,0,111.632,5.494,0,0,0.000,0,0.000,0.000
gen/multicluster-static-30/s4,multicluster,static,30,4,G-CBBA,5,1,30,0,108.960,56.408,108.960,834.076,7.722,0,5,1780,345139,6.470,1144.324,0,0.000,1,0.724,0,0,109.968,1.706,0,0,0.000,0,0.000,0.000
gen/multicluster-static-30/s4,multicluster,static,30,4,G-STA,8,1,30,0,88.544,46.078,88.544,1138.939,10.066,0,8,1755,328358,59.985,4816.207,0,0.000,0,1.062,0,0,89.552,7.537,0,0,0.000,0,0.000,0.000
gen/multicluster-static-30/s4,multicluster,static,30,4,G-CBBA,8,1,30,0,86.368,47.550,86.368,1273.490,9.838,0,8,2447,498074,11.502,1833.717,0,0.000,2,0.320,0,0,87.376,2.794,0,0,0.000,0,0.000,0.000
gen/multicluster-static-30/s4,multicluster,static,30,4,G-LDTA2,3,1,30,0,157.712,78.875,157.712,744.562,6.703,0,3,1196,223834,54.212,3825.944,0,0.000,2,0.483,0,0,158.720,4.396,0,0,0.000,0,0.000,0.000
gen/multicluster-static-30/s4,multicluster,static,30,4,G-C,3,1,30,0,152.912,75.294,152.912,767.055,6.505,0,3,1150,216304,0.119,64.038,31,1.412,0,3.145,0,0,153.920,0.991,0,0,0.000,0,0.000,0.000
gen/multicluster-static-30/s4,multicluster,static,30,4,G-C,5,1,30,0,101.024,55.085,101.024,861.588,7.180,0,5,1306,238872,0.135,43.019,31,1.553,0,3.474,0,0,102.032,1.249,0,0,0.000,0,0.000,0.000
gen/multicluster-static-30/s4,multicluster,static,30,4,G-LDTA2,5,1,30,0,110.624,56.233,110.624,805.656,7.839,0,5,1382,260724,60.788,4160.036,0,0.000,1,0.607,0,0,111.632,5.825,0,0,0.000,0,0.000,0.000
gen/multicluster-static-30/s4,multicluster,static,30,4,G-C,8,1,30,0,78.208,44.606,78.208,1069.201,8.906,0,8,1636,291792,0.156,195.941,29,1.387,0,2.116,0,0,79.216,1.721,0,0,0.000,0,0.000,0.000
gen/multicluster-static-30/s4,multicluster,static,30,4,G-LDTA2,8,1,30,0,88.544,46.078,88.544,1138.939,10.066,0,8,1755,328358,66.736,12116.137,0,0.000,0,1.062,0,0,89.552,8.343,0,0,0.000,0,0.000,0.000
gen/multicluster-static-30/s5,multicluster,static,30,5,S1,1,1,30,0,386.080,208.366,386.080,588.959,5.461,0,1,946,182695,0.179,3072.711,1,3.073,0,-1.000,0,0,387.088,0.823,0,0,0.000,0,0.000,0.000
gen/multicluster-static-30/s5,multicluster,static,30,5,G-RTA,3,1,30,0,174.800,91.367,174.800,966.903,7.434,0,3,1197,238302,54.814,8914.210,0,0.000,4,0.057,0,0,175.808,5.013,0,0,0.000,0,0.000,0.000
gen/multicluster-static-30/s5,multicluster,static,30,5,G-RTA,5,1,30,0,126.624,70.109,126.624,1324.812,8.974,0,5,1421,284401,62.913,6448.923,0,0.000,1,0.300,0,0,127.632,6.974,0,0,0.000,0,0.000,0.000
gen/multicluster-static-30/s5,multicluster,static,30,5,G-RTA,8,1,30,0,102.560,60.181,102.560,1684.940,11.664,0,8,1817,367388,68.018,4756.008,0,0.000,2,0.038,0,0,103.568,9.792,0,0,0.000,0,0.000,0.000
gen/multicluster-static-30/s5,multicluster,static,30,5,G-RTA-X,3,1,30,0,179.728,91.514,179.728,928.487,7.642,0,3,1352,254835,53.529,7571.028,0,0.000,0,2.154,0,0,180.736,4.958,0,0,0.000,0,0.000,0.000
gen/multicluster-static-30/s5,multicluster,static,30,5,G-STA,3,1,30,0,179.728,91.514,179.728,928.487,7.642,0,3,1352,254835,54.162,5548.155,0,0.000,0,2.154,0,0,180.736,5.079,0,0,0.000,0,0.000,0.000
gen/multicluster-static-30/s5,multicluster,static,30,5,G-RTA-X,5,1,30,0,127.840,70.743,127.840,1264.680,9.081,0,5,1604,298624,64.875,5522.798,0,0.000,0,2.440,0,0,128.848,7.237,0,0,0.000,0,0.000,0.000
gen/multicluster-static-30/s5,multicluster,static,30,5,G-RTA-X,8,1,30,0,97.952,59.628,97.952,1640.831,11.166,0,8,1944,363779,72.646,14238.950,0,0.000,0,1.675,0,0,98.960,10.003,0,0,0.000,0,0.000,0.000
gen/multicluster-static-30/s5,multicluster,static,30,5,G-CBBA,3,1,30,0,171.440,85.151,171.440,924.577,7.302,0,3,1499,290942,1.761,580.893,0,0.000,0,2.143,0,0,172.448,1.210,0,0,0.000,0,0.000,0.000
gen/multicluster-static-30/s5,multicluster,static,30,5,G-CBBA,5,1,30,0,120.960,65.518,120.960,1107.010,8.598,0,5,1871,374140,5.207,4192.252,0,0.000,0,3.131,0,0,121.968,1.790,0,0,0.000,0,0.000,0.000
gen/multicluster-static-30/s5,multicluster,static,30,5,G-STA,5,1,30,0,127.840,70.743,127.840,1264.680,9.081,0,5,1604,298624,61.307,3212.606,0,0.000,0,2.440,0,0,128.848,6.784,0,0,0.000,0,0.000,0.000
gen/multicluster-static-30/s5,multicluster,static,30,5,G-CBBA,8,1,30,0,97.952,55.867,97.952,1440.527,11.157,0,8,2603,546663,11.247,2763.638,0,0.000,0,1.963,0,0,98.960,3.354,0,0,0.000,0,0.000,0.000
gen/multicluster-static-30/s5,multicluster,static,30,5,G-STA,8,1,30,0,97.952,59.628,97.952,1640.831,11.166,0,8,1944,363779,70.258,3135.105,0,0.000,0,1.675,0,0,98.960,9.490,0,0,0.000,0,0.000,0.000
gen/multicluster-static-30/s5,multicluster,static,30,5,G-LDTA2,3,1,30,0,179.728,91.514,179.728,928.487,7.642,0,3,1352,254835,57.911,4252.995,0,0.000,0,2.154,0,0,180.736,5.326,0,0,0.000,0,0.000,0.000
gen/multicluster-static-30/s5,multicluster,static,30,5,G-C,3,1,30,0,165.712,85.829,165.712,912.153,7.061,0,3,1231,232250,0.131,54.370,31,1.998,0,2.237,0,0,166.720,1.265,0,0,0.000,0,0.000,0.000
gen/multicluster-static-30/s5,multicluster,static,30,5,G-C,5,1,30,0,113.952,63.411,113.952,1030.603,8.089,0,5,1443,266029,0.154,113.734,31,1.936,0,2.322,0,0,114.960,1.580,0,0,0.000,0,0.000,0.000
gen/multicluster-static-30/s5,multicluster,static,30,5,G-C,8,1,30,0,98.048,55.257,98.048,1407.513,11.147,0,8,1984,360116,0.146,142.690,31,2.872,0,1.939,0,0,99.056,2.136,0,0,0.000,0,0.000,0.000
gen/multicluster-static-30/s5,multicluster,static,30,5,G-LDTA2,5,1,30,0,127.840,70.743,127.840,1264.680,9.081,0,5,1604,298624,67.602,6536.812,0,0.000,0,2.440,0,0,128.848,7.424,0,0,0.000,0,0.000,0.000
gen/multicluster-static-30/s5,multicluster,static,30,5,G-LDTA2,8,1,30,0,97.952,59.628,97.952,1640.831,11.166,0,8,1944,363779,75.341,8252.853,0,0.000,0,1.675,0,0,98.960,10.168,0,0,0.000,0,0.000,0.000
tree/mixed-3x6/s1,mixed,even,3,1,S1,1,1,3,0,308.008,166.920,268.008,1195.422,4.538,0,1,713,161694,0.096,131.103,3,0.131,0,-1.000,0,0,309.016,0.656,96,0,0.000,0,0.000,0.000
tree/mixed-3x6/s1,mixed,even,3,1,G-RTA,3,1,3,0,126.240,70.955,86.240,1324.773,5.577,0,3,941,195055,154.534,20902.903,0,0.000,0,4.014,0,0,127.248,8.837,96,0,0.000,0,0.000,0.000
tree/mixed-3x6/s1,mixed,even,3,1,G-RTA-X,3,1,3,0,126.240,70.880,86.240,1255.417,5.558,0,3,1031,201898,151.904,5401.965,0,0.000,0,4.014,0,0,127.248,8.666,96,0,0.000,0,0.000,0.000
tree/mixed-3x6/s1,mixed,even,3,1,G-RTA,5,1,3,0,111.008,55.093,71.008,1911.889,8.113,0,5,1315,273409,144.221,16281.201,0,0.000,2,0.772,0,0,112.016,12.535,96,0,0.000,0,0.000,0.000
tree/mixed-3x6/s1,mixed,even,3,1,G-RTA,8,1,3,0,97.632,47.232,57.632,2512.205,11.388,0,8,1785,368875,131.717,16722.317,0,0.000,1,0.282,0,0,98.640,16.883,96,0,0.000,0,0.000,0.000
tree/mixed-3x6/s1,mixed,even,3,1,G-RTA-X,5,1,3,0,98.464,50.912,59.360,1454.441,7.179,0,5,1291,251678,141.565,8766.045,0,0.000,1,0.893,0,0,99.472,10.872,96,0,0.000,0,0.000,0.000
tree/mixed-3x6/s1,mixed,even,3,1,G-STA,3,1,3,0,128.192,71.531,88.192,1267.987,5.643,0,3,1041,203965,150.179,27327.240,0,0.000,0,4.014,0,0,129.200,8.707,96,0,0.000,0,0.000,0.000
tree/mixed-3x6/s1,mixed,even,3,1,G-CBBA,3,1,3,0,133.824,89.077,110.336,1416.651,5.900,0,3,1278,252897,36.078,6849.957,0,0.000,0,3.503,0,0,134.832,2.974,96,0,0.000,0,0.000,0.000
tree/mixed-3x6/s1,mixed,even,3,1,G-RTA-X,8,1,3,0,85.888,43.979,45.888,1828.584,9.978,0,8,2390,378165,135.722,3695.128,0,0.000,0,3.476,0,0,86.896,14.958,96,0,0.000,0,0.000,0.000
tree/mixed-3x6/s1,mixed,even,3,1,G-STA,5,1,3,0,98.464,50.912,59.360,1460.989,7.181,0,5,1292,251791,140.628,5773.433,0,0.000,0,3.653,0,0,99.472,10.763,96,0,0.000,0,0.000,0.000
tree/mixed-3x6/s1,mixed,even,3,1,G-CBBA,5,1,3,0,101.312,74.219,83.200,1580.494,7.406,0,5,1636,322844,116.805,16970.732,0,0.000,1,0.464,0,0,102.320,10.022,96,0,0.000,0,0.000,0.000
tree/mixed-3x6/s1,mixed,even,3,1,G-LDTA2,3,1,3,0,142.144,107.819,113.440,1421.594,6.238,0,3,1144,224642,91.548,7471.735,0,0.000,0,1.772,0,0,143.152,6.671,96,0,0.000,0,0.000,0.000
tree/mixed-3x6/s1,mixed,even,3,1,G-CBBA,8,1,3,0,86.144,43.051,46.144,1793.692,10.001,0,8,2217,423886,94.546,10083.011,0,0.000,0,1.964,0,0,87.152,11.800,96,0,0.000,0,0.000,0.000
tree/mixed-3x6/s1,mixed,even,3,1,G-STA,8,1,3,0,89.728,43.563,49.728,1770.615,10.397,0,8,2387,390189,145.465,16235.212,0,0.000,0,3.314,0,0,90.736,17.169,96,0,0.000,0,0.000,0.000
tree/mixed-3x6/s1,mixed,even,3,1,G-LDTA2,5,1,3,0,106.944,80.491,91.200,1745.096,7.832,0,5,1446,275290,89.362,16969.665,0,0.000,0,1.317,0,0,107.952,8.218,96,0,0.000,0,0.000,0.000
tree/mixed-3x6/s1,mixed,even,3,1,G-LDTA2,8,1,3,0,84.864,55.989,62.528,2028.739,9.878,0,8,2338,373685,109.714,10101.284,0,0.000,1,0.415,0,0,85.872,12.652,96,0,0.000,0,0.000,0.000
tree/mixed-3x6/s2,mixed,even,3,2,S1,1,1,3,0,313.192,187.677,293.192,1196.741,4.595,0,1,725,162823,0.110,236.860,3,0.237,0,-1.000,0,0,314.200,0.693,90,0,0.000,0,0.000,0.000
tree/mixed-3x6/s2,mixed,even,3,2,G-RTA,3,1,3,0,141.728,76.832,101.728,1432.619,6.212,0,3,1036,214803,141.234,8292.615,0,0.000,1,0.581,0,0,142.736,9.229,90,0,0.000,0,0.000,0.000
tree/mixed-3x6/s2,mixed,even,3,2,G-RTA,5,1,3,0,105.632,55.264,65.632,1777.620,7.722,0,5,1247,258003,148.349,10930.294,0,0.000,2,0.054,0,0,106.640,12.313,90,0,0.000,0,0.000,0.000
tree/mixed-3x6/s2,mixed,even,3,2,G-RTA-X,3,1,3,0,133.088,73.952,93.088,1249.878,5.825,0,3,1077,210287,136.585,14379.652,0,0.000,1,0.754,0,0,134.096,8.266,90,0,0.000,0,0.000,0.000
tree/mixed-3x6/s2,mixed,even,3,2,G-RTA,8,1,3,0,90.144,41.131,50.144,2258.089,10.506,0,8,1657,344651,128.347,11896.322,0,0.000,0,3.063,0,0,91.152,15.161,90,0,0.000,0,0.000,0.000
tree/mixed-3x6/s2,mixed,even,3,2,G-RTA-X,5,1,3,0,99.808,51.403,59.808,1529.351,7.270,0,5,1354,258814,128.554,13309.637,0,0.000,0,1.098,0,0,100.816,10.092,90,0,0.000,0,0.000,0.000
tree/mixed-3x6/s2,mixed,even,3,2,G-STA,3,1,3,0,129.088,71.552,89.088,1266.848,5.668,0,3,1054,206106,147.458,16280.252,0,0.000,0,2.710,0,0,130.096,8.652,90,0,0.000,0,0.000,0.000
tree/mixed-3x6/s2,mixed,even,3,2,G-RTA-X,8,1,3,0,86.464,42.859,46.464,1892.299,10.036,0,8,2602,390804,135.577,8094.375,0,0.000,1,0.484,0,0,87.472,15.111,90,0,0.000,0,0.000,0.000
tree/mixed-3x6/s2,mixed,even,3,2,G-STA,5,1,3,0,108.800,50.357,68.800,1549.441,7.884,0,5,1413,273119,125.399,7745.905,0,0.000,0,2.969,0,0,109.808,10.763,90,0,0.000,0,0.000,0.000
tree/mixed-3x6/s2,mixed,even,3,2,G-CBBA,3,1,3,0,131.808,99.403,123.584,1350.551,5.790,0,3,1241,245728,32.334,506.958,0,0.000,0,2.710,0,0,132.816,2.692,90,0,0.000,0,0.000,0.000
tree/mixed-3x6/s2,mixed,even,3,2,G-CBBA,5,1,3,0,98.656,50.517,58.656,1517.334,7.188,0,5,1732,321946,89.549,8816.066,0,0.000,1,0.764,0,0,99.664,7.433,90,0,0.000,0,0.000,0.000
tree/mixed-3x6/s2,mixed,even,3,2,G-CBBA,8,1,3,0,87.968,40.544,47.968,1726.442,10.180,0,8,2287,430091,70.169,3965.845,0,0.000,0,2.479,0,0,88.976,8.930,90,0,0.000,0,0.000,0.000
tree/mixed-3x6/s2,mixed,even,3,2,G-LDTA2,3,1,3,0,146.080,109.045,111.264,1488.582,6.407,0,3,1160,227041,80.327,8256.759,0,0.000,0,2.710,0,0,147.088,5.938,90,0,0.000,0,0.000,0.000
tree/mixed-3x6/s2,mixed,even,3,2,G-STA,8,1,3,0,86.432,42.848,46.432,1889.832,10.032,0,8,2602,390767,147.777,16245.253,0,0.000,1,0.897,0,0,87.440,16.509,90,0,0.000,0,0.000,0.000
tree/mixed-3x6/s2,mixed,even,3,2,G-LDTA2,5,1,3,0,107.904,75.691,90.560,1692.950,7.861,0,5,1448,274864,89.666,4313.743,0,0.000,0,2.515,0,0,108.912,8.262,90,0,0.000,0,0.000,0.000
tree/mixed-3x6/s2,mixed,even,3,2,G-LDTA2,8,1,3,0,88.704,42.165,48.704,1812.098,10.265,0,8,2662,397937,105.200,8672.514,0,0.000,0,1.764,0,0,89.712,12.508,90,0,0.000,0,0.000,0.000
tree/mixed-3x6/s3,mixed,even,3,3,S1,1,1,3,0,309.032,162.227,269.032,1202.762,4.534,0,1,715,160015,0.087,130.923,3,0.131,0,-1.000,0,0,310.040,0.620,88,0,0.000,0,0.000,0.000
tree/mixed-3x6/s3,mixed,even,3,3,G-RTA,3,1,3,0,127.040,65.824,87.040,1266.144,5.577,0,3,938,193654,138.881,16369.295,0,0.000,0,1.194,0,0,128.048,8.061,88,0,0.000,0,0.000,0.000
tree/mixed-3x6/s3,mixed,even,3,3,G-RTA,5,1,3,0,99.424,52.149,59.424,1608.458,7.252,0,5,1185,245848,131.908,18003.848,0,0.000,7,0.335,0,0,100.432,10.465,88,1,0.000,0,0.000,0.000
tree/mixed-3x6/s3,mixed,even,3,3,G-RTA,8,1,3,0,88.064,46.293,54.144,2119.330,10.255,0,8,1615,332900,130.250,16290.206,0,0.000,2,0.010,0,0,89.072,14.900,88,1,0.000,0,0.000,0.000
tree/mixed-3x6/s3,mixed,even,3,3,G-RTA-X,3,1,3,0,121.056,60.491,81.056,1155.425,5.313,0,3,983,193093,132.731,2936.301,0,0.000,0,3.920,0,0,122.064,7.293,88,0,0.000,0,0.000,0.000
tree/mixed-3x6/s3,mixed,even,3,3,G-RTA-X,5,1,3,0,97.248,48.501,57.248,1353.577,7.074,0,5,1993,289388,119.623,13767.969,0,0.000,0,2.033,0,0,98.256,9.258,88,0,0.000,0,0.000,0.000
tree/mixed-3x6/s3,mixed,even,3,3,G-STA,3,1,3,0,121.056,60.491,81.056,1155.425,5.313,0,3,983,193084,142.143,8096.455,0,0.000,0,3.920,0,0,122.064,7.844,88,0,0.000,0,0.000,0.000
tree/mixed-3x6/s3,mixed,even,3,3,G-RTA-X,8,1,3,0,89.056,43.488,49.536,1689.958,10.287,0,8,3260,437525,116.578,12300.303,0,0.000,0,3.267,0,0,90.064,13.979,88,0,0.000,0,0.000,0.000
tree/mixed-3x6/s3,mixed,even,3,3,G-STA,5,1,3,0,100.960,51.104,60.960,1497.293,7.347,0,5,1745,282825,135.314,3919.611,0,0.000,0,3.392,0,0,101.968,10.866,88,0,0.000,0,0.000,0.000
tree/mixed-3x6/s3,mixed,even,3,3,G-CBBA,3,1,3,0,139.136,104.789,113.504,1330.290,6.102,0,3,1280,255327,34.481,4021.938,0,0.000,0,3.920,0,0,140.144,3.112,88,0,0.000,0,0.000,0.000
tree/mixed-3x6/s3,mixed,even,3,3,G-STA,8,1,3,0,84.448,41.952,49.536,1634.638,9.761,0,8,2410,373523,125.701,7082.696,0,0.000,0,2.546,0,0,85.456,14.041,88,0,0.000,0,0.000,0.000
tree/mixed-3x6/s3,mixed,even,3,3,G-CBBA,5,1,3,0,106.720,73.621,97.696,1635.632,7.771,0,5,1780,337054,81.703,6177.960,0,0.000,0,3.035,0,0,107.728,7.513,88,0,0.000,0,0.000,0.000
tree/mixed-3x6/s3,mixed,even,3,3,G-CBBA,8,1,3,0,77.056,36.779,37.248,1618.417,8.958,0,8,1959,375508,65.540,4670.019,0,0.000,0,3.228,0,0,78.064,7.430,88,0,0.000,0,0.000,0.000
tree/mixed-3x6/s3,mixed,even,3,3,G-LDTA2,3,1,3,0,135.648,99.435,101.664,1253.676,5.931,0,3,1083,211992,79.271,3484.435,0,0.000,0,3.920,0,0,136.656,5.388,88,0,0.000,0,0.000,0.000
tree/mixed-3x6/s3,mixed,even,3,3,G-LDTA2,5,1,3,0,112.608,76.139,89.120,1692.727,8.183,0,5,2196,327147,73.137,2411.319,0,0.000,0,3.171,0,0,113.616,7.181,88,0,0.000,0,0.000,0.000
tree/mixed-3x6/s3,mixed,even,3,3,G-LDTA2,8,1,3,0,86.880,50.037,74.528,1727.065,10.058,0,8,3607,451166,90.569,16248.455,0,0.000,0,2.788,0,0,87.888,10.826,88,0,0.000,0,0.000,0.000
tree/mixed-3x6/s4,mixed,even,3,4,S1,1,1,3,0,355.880,200.531,315.880,1315.678,5.189,0,1,823,181892,0.112,123.348,3,0.123,0,-1.000,0,0,356.888,0.852,90,0,0.000,0,0.000,0.000
tree/mixed-3x6/s4,mixed,even,3,4,G-RTA,3,1,3,0,142.464,85.771,102.464,1388.206,6.228,0,3,1040,215278,145.810,8562.839,0,0.000,0,3.123,0,0,143.472,9.480,90,0,0.000,0,0.000,0.000
tree/mixed-3x6/s4,mixed,even,3,4,G-RTA,5,1,3,0,103.456,54.603,63.456,1652.916,7.532,0,5,1227,253955,136.729,16134.217,0,0.000,0,1.632,0,0,104.464,11.192,90,0,0.000,0,0.000,0.000
tree/mixed-3x6/s4,mixed,even,3,4,G-RTA-X,3,1,3,0,139.552,87.712,99.552,1330.043,6.089,0,3,1388,235168,148.547,3446.258,0,0.000,0,3.123,0,0,140.560,9.468,90,0,0.000,0,0.000,0.000
tree/mixed-3x6/s4,mixed,even,3,4,G-RTA,8,1,3,0,97.344,47.851,57.344,2403.520,11.308,0,8,1779,366875,147.880,19422.431,0,0.000,2,0.085,0,0,98.352,19.201,90,0,0.000,0,0.000,0.000
tree/mixed-3x6/s4,mixed,even,3,4,G-RTA-X,5,1,3,0,111.904,57.973,71.904,1573.612,8.091,0,5,1848,306088,137.048,6477.257,0,0.000,0,3.096,0,0,112.912,12.176,90,0,0.000,0,0.000,0.000
tree/mixed-3x6/s4,mixed,even,3,4,G-STA,3,1,3,0,147.552,88.117,107.552,1452.294,6.450,0,3,1191,230018,162.312,4404.589,0,0.000,0,1.345,0,0,148.560,10.820,90,0,0.000,0,0.000,0.000
tree/mixed-3x6/s4,mixed,even,3,4,G-RTA-X,8,1,3,0,95.232,44.725,55.232,1797.649,10.967,0,8,2876,426788,118.107,3573.823,0,0.000,0,2.677,0,0,96.240,14.916,90,0,0.000,0,0.000,0.000
tree/mixed-3x6/s4,mixed,even,3,4,G-CBBA,3,1,3,0,151.072,101.227,139.296,1462.983,6.584,0,3,1387,275334,33.865,8228.390,0,0.000,0,3.387,0,0,152.080,3.288,90,0,0.000,0,0.000,0.000
tree/mixed-3x6/s4,mixed,even,3,4,G-STA,5,1,3,0,119.072,57.152,79.072,1632.576,8.603,0,5,1542,299657,133.127,5332.905,0,0.000,0,3.096,0,0,120.080,12.423,90,0,0.000,0,0.000,0.000
tree/mixed-3x6/s4,mixed,even,3,4,G-CBBA,5,1,3,0,109.632,83.232,108.768,1584.934,7.958,0,5,1825,352169,92.673,2957.868,0,0.000,0,3.650,0,0,110.640,8.469,90,0,0.000,0,0.000,0.000
tree/mixed-3x6/s4,mixed,even,3,4,G-STA,8,1,3,0,98.848,45.781,58.848,1826.732,11.375,0,8,2184,394939,118.217,20721.232,0,0.000,0,2.677,0,0,99.856,15.306,90,0,0.000,0,0.000,0.000
tree/mixed-3x6/s4,mixed,even,3,4,G-CBBA,8,1,3,0,93.280,56.459,86.624,1791.731,10.776,0,8,2525,468913,69.139,6348.970,0,0.000,1,0.507,0,0,94.288,9.398,90,0,0.000,0,0.000,0.000
tree/mixed-3x6/s4,mixed,even,3,4,G-LDTA2,3,1,3,0,172.480,132.064,137.920,1562.899,7.497,0,3,1616,279355,69.958,3580.628,0,0.000,0,3.123,0,0,173.488,6.193,90,0,0.000,0,0.000,0.000
tree/mixed-3x6/s4,mixed,even,3,4,G-LDTA2,5,1,3,0,130.624,92.011,105.376,1826.764,9.444,0,5,2061,348465,77.821,4610.454,0,0.000,0,1.053,0,0,131.632,8.957,90,0,0.000,0,0.000,0.000
tree/mixed-3x6/s4,mixed,even,3,4,G-LDTA2,8,1,3,0,96.640,56.171,82.688,1893.331,11.122,0,8,2920,432724,96.219,12148.553,0,0.000,0,2.677,0,0,97.648,12.846,90,0,0.000,0,0.000,0.000
tree/mixed-3x6/s5,mixed,even,3,5,S1,1,1,3,0,341.256,185.608,301.256,1347.597,4.999,0,1,790,176226,0.099,131.833,3,0.132,0,-1.000,0,0,342.264,0.703,92,0,0.000,0,0.000,0.000
tree/mixed-3x6/s5,mixed,even,3,5,G-RTA,3,1,3,0,146.208,92.437,110.080,1551.420,6.411,0,3,1067,220588,150.163,3156.593,0,0.000,1,0.641,0,0,147.216,9.970,92,0,0.000,0,0.000,0.000
tree/mixed-3x6/s5,mixed,even,3,5,G-RTA,5,1,3,0,119.840,66.272,79.840,1985.053,8.719,0,5,1403,291484,140.355,5088.136,0,0.000,5,0.016,0,0,120.848,13.347,92,0,0.000,0,0.000,0.000
tree/mixed-3x6/s5,mixed,even,3,5,G-RTA-X,3,1,3,0,145.312,91.307,110.080,1452.865,6.360,0,3,1163,227274,153.177,4450.043,0,0.000,0,1.746,0,0,146.320,10.195,92,0,0.000,0,0.000,0.000
tree/mixed-3x6/s5,mixed,even,3,5,G-RTA,8,1,3,0,96.800,43.531,56.800,2426.679,11.266,0,8,1773,365947,146.592,6359.250,0,0.000,0,2.010,0,0,97.808,18.893,92,0,0.000,0,0.000,0.000
tree/mixed-3x6/s5,mixed,even,3,5,G-RTA-X,5,1,3,0,107.712,62.603,67.712,1601.872,7.825,0,5,1399,271777,147.325,14470.040,0,0.000,2,0.921,0,0,108.720,12.516,92,0,0.000,0,0.000,0.000
tree/mixed-3x6/s5,mixed,even,3,5,G-STA,3,1,3,0,135.968,78.805,95.968,1324.396,5.951,0,3,1095,214075,162.522,5554.983,0,0.000,0,3.325,0,0,136.976,10.073,92,0,0.000,0,0.000,0.000
tree/mixed-3x6/s5,mixed,even,3,5,G-RTA-X,8,1,3,0,90.720,44.085,50.720,1941.922,10.517,0,8,2631,404439,143.817,5888.213,0,0.000,0,1.658,0,0,91.728,17.453,92,0,0.000,0,0.000,0.000
tree/mixed-3x6/s5,mixed,even,3,5,G-CBBA,3,1,3,0,136.736,88.533,96.736,1405.599,5.998,0,3,1270,252873,34.417,2320.037,0,0.000,0,3.038,0,0,137.744,2.961,92,0,0.000,0,0.000,0.000
tree/mixed-3x6/s5,mixed,even,3,5,G-STA,5,1,3,0,117.664,60.352,77.664,1635.986,8.525,0,5,1508,293757,153.090,16308.385,0,0.000,1,0.942,0,0,118.672,14.308,92,0,0.000,0,0.000,0.000
tree/mixed-3x6/s5,mixed,even,3,5,G-CBBA,5,1,3,0,103.200,73.728,83.584,1618.079,7.523,0,5,1617,324608,100.228,5398.090,0,0.000,0,2.156,0,0,104.208,9.011,92,0,0.000,0,0.000,0.000
tree/mixed-3x6/s5,mixed,even,3,5,G-STA,8,1,3,0,93.280,43.264,53.280,1997.995,10.795,0,8,2275,388531,151.962,19911.102,0,0.000,0,2.441,0,0,94.288,18.895,92,0,0.000,0,0.000,0.000
tree/mixed-3x6/s5,mixed,even,3,5,G-LDTA2,3,1,3,0,151.008,118.773,123.584,1568.637,6.607,0,3,1200,235516,81.585,2282.326,0,0.000,0,3.325,0,0,152.016,6.225,92,0,0.000,0,0.000,0.000
tree/mixed-3x6/s5,mixed,even,3,5,G-CBBA,8,1,3,0,92.608,45.205,52.608,1914.755,10.727,0,8,2471,459224,98.650,8423.297,0,0.000,0,1.914,0,0,93.616,13.729,92,0,0.000,0,0.000,0.000
tree/mixed-3x6/s5,mixed,even,3,5,G-LDTA2,5,1,3,0,116.512,84.811,96.512,1742.112,8.457,0,5,1895,316987,102.790,3176.421,0,0.000,1,0.936,0,0,117.520,10.510,92,0,0.000,0,0.000,0.000
tree/mixed-3x6/s5,mixed,even,3,5,G-LDTA2,8,1,3,0,82.272,43.232,46.016,1845.605,9.553,0,8,2525,377600,115.340,4638.118,0,0.000,0,2.491,0,0,83.280,13.186,92,0,0.000,0,0.000,0.000
tree/mixed-6x4-i5/s1,mixed,even,6,1,S1,1,1,6,0,540.840,285.023,525.840,2184.673,7.944,0,1,1252,282628,0.120,279.749,6,0.280,0,-1.000,0,0,541.848,1.187,156,0,0.000,0,0.000,0.000
tree/mixed-6x4-i5/s1,mixed,even,6,1,G-RTA,3,1,6,0,221.536,146.572,206.536,2508.194,9.740,0,3,1626,339811,263.672,6927.587,0,0.000,0,1.152,0,0,222.544,26.141,156,0,0.000,0,0.000,0.000
tree/mixed-6x4-i5/s1,mixed,even,6,1,G-RTA-X,3,1,6,0,215.040,132.695,200.040,2319.887,9.425,0,3,1743,342803,284.689,33214.127,0,0.000,0,3.622,0,0,216.048,27.164,156,0,0.000,0,0.000,0.000
tree/mixed-6x4-i5/s1,mixed,even,6,1,G-RTA,5,1,6,0,169.952,102.455,154.952,2993.316,12.404,0,5,2011,421015,299.508,21178.560,0,0.000,16,0.113,0,0,170.960,39.478,156,0,0.000,0,0.000,0.000
tree/mixed-6x4-i5/s1,mixed,even,6,1,G-RTA,8,1,6,0,136.224,82.945,121.224,3697.837,15.872,0,8,2510,522659,294.232,7819.150,0,0.000,0,1.172,0,0,137.232,51.664,156,0,0.000,0,0.000,0.000
tree/mixed-6x4-i5/s1,mixed,even,6,1,G-STA,3,1,6,0,217.088,133.335,202.088,2401.458,9.522,0,3,1758,345299,284.655,8489.740,0,0.000,1,0.165,0,0,218.096,27.116,156,0,0.000,0,0.000,0.000
tree/mixed-6x4-i5/s1,mixed,even,6,1,G-RTA-X,5,1,6,0,154.976,100.487,139.976,2552.194,11.290,0,5,2400,422883,318.992,16753.025,0,0.000,1,0.657,0,0,155.984,38.073,156,0,0.000,0,0.000,0.000
tree/mixed-6x4-i5/s1,mixed,even,6,1,G-CBBA,3,1,6,0,229.888,146.668,209.888,2542.426,10.089,0,3,2021,419678,21.147,1888.511,0,0.000,2,0.037,0,0,230.896,3.992,156,0,0.000,0,0.000,0.000
tree/mixed-6x4-i5/s1,mixed,even,6,1,G-CBBA,5,1,6,0,144.640,99.543,129.640,2522.092,10.568,0,5,2261,476058,50.872,3472.317,0,0.000,1,0.575,0,0,145.648,7.488,156,0,0.000,0,0.000,0.000
tree/mixed-6x4-i5/s1,mixed,even,6,1,G-STA,5,1,6,0,154.784,95.820,139.784,2521.206,11.261,0,5,2035,399909,293.529,24273.731,0,0.000,0,3.280,0,0,155.792,34.546,156,0,0.000,0,0.000,0.000
tree/mixed-6x4-i5/s1,mixed,even,6,1,G-RTA-X,8,1,6,0,131.968,82.583,106.968,2867.763,15.267,0,8,3380,569577,310.506,11298.792,0,0.000,1,0.940,0,0,132.976,51.817,156,0,0.000,0,0.000,0.000
tree/mixed-6x4-i5/s1,mixed,even,6,1,G-LDTA2,3,1,6,0,247.360,208.236,226.624,2796.308,10.825,0,3,1962,386095,83.113,8617.787,0,0.000,0,1.092,0,0,248.368,10.768,156,0,0.000,0,0.000,0.000
tree/mixed-6x4-i5/s1,mixed,even,6,1,G-LDTA2,5,1,6,0,160.800,130.151,145.800,2821.830,11.704,0,5,2115,415592,88.962,6289.791,0,0.000,0,2.184,0,0,161.808,13.414,156,0,0.000,0,0.000,0.000
tree/mixed-6x4-i5/s1,mixed,even,6,1,G-STA,8,1,6,0,111.008,72.764,96.008,2771.077,12.902,0,8,2953,492774,326.330,22929.737,0,0.000,1,0.938,0,0,112.016,45.840,156,0,0.000,0,0.000,0.000
tree/mixed-6x4-i5/s1,mixed,even,6,1,G-CBBA,8,1,6,0,128.480,72.113,113.480,2769.724,14.861,0,8,3394,677706,172.926,6619.613,0,0.000,0,2.871,0,0,129.488,30.855,156,0,0.000,0,0.000,0.000
tree/mixed-6x4-i5/s1,mixed,even,6,1,G-LDTA2,8,1,6,0,122.432,92.284,122.432,2929.772,14.202,0,8,2862,513436,104.134,20197.803,0,0.000,0,2.584,0,0,123.440,19.934,156,0,0.000,0,0.000,0.000
tree/mixed-6x4-i5/s2,mixed,even,6,2,S1,1,1,6,0,494.248,258.959,469.248,1994.108,7.254,0,1,1144,257494,0.109,212.893,6,0.213,0,-1.000,0,0,495.256,1.030,142,0,0.000,0,0.000,0.000
tree/mixed-6x4-i5/s2,mixed,even,6,2,G-RTA,3,1,6,0,191.680,130.449,166.680,2073.598,8.420,0,3,1420,296366,250.198,10530.317,0,0.000,1,0.598,0,0,192.688,21.264,142,0,0.000,0,0.000,0.000
tree/mixed-6x4-i5/s2,mixed,even,6,2,G-RTA,5,1,6,0,152.352,98.705,142.352,2684.614,11.118,0,5,1808,377313,268.793,11478.371,0,0.000,1,0.627,0,0,153.360,31.431,142,0,0.000,0,0.000,0.000
tree/mixed-6x4-i5/s2,mixed,even,6,2,G-RTA-X,3,1,6,0,191.680,130.449,166.680,1997.415,8.409,0,3,1558,306897,244.970,11533.686,0,0.000,1,0.598,0,0,192.688,20.601,142,0,0.000,0,0.000,0.000
tree/mixed-6x4-i5/s2,mixed,even,6,2,G-RTA,8,1,6,0,115.136,84.796,105.136,3017.586,13.402,0,8,2140,445439,271.882,27351.918,0,0.000,3,0.231,0,0,116.144,40.024,142,0,0.000,0,0.000,0.000
tree/mixed-6x4-i5/s2,mixed,even,6,2,G-RTA-X,5,1,6,0,139.104,82.668,114.104,2111.402,10.109,0,5,2866,422113,247.193,6469.590,0,0.000,0,1.399,0,0,140.112,26.496,142,0,0.000,0,0.000,0.000
tree/mixed-6x4-i5/s2,mixed,even,6,2,G-STA,3,1,6,0,203.712,125.468,178.712,2055.544,8.916,0,3,1632,322351,249.020,16598.922,0,0.000,0,1.924,0,0,204.720,22.228,142,0,0.000,0,0.000,0.000
tree/mixed-6x4-i5/s2,mixed,even,6,2,G-CBBA,3,1,6,0,222.688,173.820,201.008,2471.981,9.763,0,3,2013,409103,24.536,2262.950,0,0.000,0,2.750,0,0,223.696,4.040,142,0,0.000,0,0.000,0.000
tree/mixed-6x4-i5/s2,mixed,even,6,2,G-RTA-X,8,1,6,0,114.112,73.553,91.464,2626.551,13.245,0,8,3909,552763,271.685,8417.596,0,0.000,0,2.237,0,0,115.120,39.088,142,0,0.000,0,0.000,0.000
tree/mixed-6x4-i5/s2,mixed,even,6,2,G-STA,5,1,6,0,140.672,88.791,115.672,2236.202,10.232,0,5,2376,395289,265.059,9984.379,0,0.000,0,3.297,0,0,141.680,28.011,142,0,0.000,0,0.000,0.000
tree/mixed-6x4-i5/s2,mixed,even,6,2,G-CBBA,5,1,6,0,154.848,107.255,132.752,2697.812,11.295,0,5,2614,516383,74.574,9912.929,0,0.000,2,0.270,0,0,155.856,10.439,142,0,0.000,0,0.000,0.000
tree/mixed-6x4-i5/s2,mixed,even,6,2,G-LDTA2,3,1,6,0,222.176,191.233,207.176,2625.920,9.756,0,3,1765,348118,69.478,3209.372,0,0.000,0,2.509,0,0,223.184,8.178,142,0,0.000,0,0.000,0.000
tree/mixed-6x4-i5/s2,mixed,even,6,2,G-STA,8,1,6,0,106.464,70.796,87.336,2613.011,12.393,0,8,3020,477604,285.746,5736.279,0,0.000,0,1.556,0,0,107.472,38.458,142,0,0.000,0,0.000,0.000
tree/mixed-6x4-i5/s2,mixed,even,6,2,G-LDTA2,5,1,6,0,158.944,123.324,138.944,2552.126,11.543,0,5,3079,463617,75.931,11081.379,0,0.000,0,1.811,0,0,159.952,11.408,142,0,0.000,0,0.000,0.000
tree/mixed-6x4-i5/s2,mixed,even,6,2,G-CBBA,8,1,6,0,106.240,77.393,105.248,2517.841,12.352,0,8,2765,573636,151.231,12975.063,0,0.000,0,2.478,0,0,107.248,22.300,142,0,0.000,0,0.000,0.000
tree/mixed-6x4-i5/s2,mixed,even,6,2,G-LDTA2,8,1,6,0,115.552,81.500,100.928,2599.509,13.378,0,8,3426,525123,81.735,15931.107,0,0.000,0,1.335,0,0,116.560,14.598,142,0,0.000,0,0.000,0.000
tree/mixed-6x4-i5/s3,mixed,even,6,3,S1,1,1,6,0,497.928,268.191,487.928,2032.918,7.318,0,1,1152,259779,0.104,210.872,6,0.211,0,-1.000,0,0,498.936,1.022,146,0,0.000,0,0.000,0.000
tree/mixed-6x4-i5/s3,mixed,even,6,3,G-RTA,3,1,6,0,199.104,138.497,174.104,2217.521,8.759,0,3,1474,307832,256.906,16463.189,0,0.000,2,0.391,0,0,200.112,22.208,146,1,0.000,0,0.000,0.000
tree/mixed-6x4-i5/s3,mixed,even,6,3,G-RTA,5,1,6,0,143.264,90.647,123.264,2405.964,10.445,0,5,1715,358166,259.767,11928.919,0,0.000,0,3.260,0,0,144.272,27.633,146,0,0.000,0,0.000,0.000
tree/mixed-6x4-i5/s3,mixed,even,6,3,G-RTA-X,3,1,6,0,194.368,136.924,169.368,2006.077,8.518,0,3,1572,310352,258.527,5992.714,0,0.000,0,3.920,0,0,195.376,21.816,146,0,0.000,0,0.000,0.000
tree/mixed-6x4-i5/s3,mixed,even,6,3,G-RTA,8,1,6,0,119.552,79.953,99.552,3006.998,13.898,0,8,2225,465144,268.368,12608.358,0,0.000,0,1.299,0,0,120.560,39.982,146,0,0.000,0,0.000,0.000
tree/mixed-6x4-i5/s3,mixed,even,6,3,G-RTA-X,5,1,6,0,141.056,89.703,121.056,2286.799,10.266,0,5,2385,396965,276.066,16627.407,0,0.000,1,0.982,0,0,142.064,29.277,146,0,0.000,0,0.000,0.000
tree/mixed-6x4-i5/s3,mixed,even,6,3,G-STA,3,1,6,0,193.280,126.417,173.280,2077.409,8.480,0,3,1568,309535,281.884,21717.722,0,0.000,0,2.502,0,0,194.288,23.683,146,0,0.000,0,0.000,0.000
tree/mixed-6x4-i5/s3,mixed,even,6,3,G-CBBA,3,1,6,0,206.112,145.772,186.112,2160.481,9.036,0,3,1797,375608,24.657,1993.202,0,0.000,0,2.591,0,0,207.120,3.800,146,0,0.000,0,0.000,0.000
tree/mixed-6x4-i5/s3,mixed,even,6,3,G-STA,5,1,6,0,144.864,89.564,129.864,2265.421,10.537,0,5,2270,396589,283.215,10091.407,0,0.000,0,3.346,0,0,145.872,31.006,146,0,0.000,0,0.000,0.000
tree/mixed-6x4-i5/s3,mixed,even,6,3,G-RTA-X,8,1,6,0,105.280,71.825,87.024,2583.612,12.238,0,8,3445,500704,298.647,8570.325,0,0.000,0,1.604,0,0,106.288,39.563,146,0,0.000,0,0.000,0.000
tree/mixed-6x4-i5/s3,mixed,even,6,3,G-CBBA,5,1,6,0,146.368,111.020,146.368,2539.267,10.701,0,5,2308,481472,47.661,2892.508,0,0.000,0,2.712,0,0,147.376,6.995,146,0,0.000,0,0.000,0.000
tree/mixed-6x4-i5/s3,mixed,even,6,3,G-LDTA2,3,1,6,0,224.000,188.705,204.000,2449.266,9.817,0,3,1790,351865,73.233,16139.124,0,0.000,0,2.783,0,0,225.008,8.598,146,0,0.000,0,0.000,0.000
tree/mixed-6x4-i5/s3,mixed,even,6,3,G-LDTA2,5,1,6,0,153.088,125.511,135.696,2577.200,11.149,0,5,2512,422336,78.288,4156.893,0,0.000,1,0.961,0,0,154.096,11.062,146,0,0.000,0,0.000,0.000
tree/mixed-6x4-i5/s3,mixed,even,6,3,G-CBBA,8,1,6,0,110.880,80.519,108.864,2736.270,12.903,0,8,2965,610774,140.255,9416.968,0,0.000,0,2.452,0,0,111.888,21.312,146,0,0.000,0,0.000,0.000
tree/mixed-6x4-i5/s3,mixed,even,6,3,G-STA,8,1,6,0,121.152,72.327,106.152,2676.327,14.021,0,8,2883,510345,281.150,16643.668,0,0.000,0,2.472,0,0,122.160,42.582,146,0,0.000,0,0.000,0.000
tree/mixed-6x4-i5/s3,mixed,even,6,3,G-LDTA2,8,1,6,0,112.832,93.975,111.936,2824.208,13.105,0,8,3781,541229,91.098,22172.825,0,0.000,1,0.335,0,0,113.840,15.793,146,0,0.000,0,0.000,0.000
tree/mixed-6x4-i5/s4,mixed,even,6,4,S1,1,1,6,0,592.072,317.535,567.072,2285.098,8.658,0,1,1368,305396,0.105,264.160,6,0.264,0,-1.000,0,0,593.080,1.231,156,0,0.000,0,0.000,0.000
tree/mixed-6x4-i5/s4,mixed,even,6,4,G-RTA,3,1,6,0,245.600,171.815,230.600,2724.603,10.750,0,3,1781,371115,276.788,11297.149,0,0.000,0,1.665,0,0,246.608,29.464,156,0,0.000,0,0.000,0.000
tree/mixed-6x4-i5/s4,mixed,even,6,4,G-RTA,5,1,6,0,166.496,121.025,151.496,2948.664,12.127,0,5,1970,411148,312.359,11567.163,0,0.000,2,0.435,0,0,167.504,39.603,156,0,0.000,0,0.000,0.000
tree/mixed-6x4-i5/s4,mixed,even,6,4,G-RTA-X,3,1,6,0,245.600,166.060,230.600,2508.718,10.717,0,3,1958,384629,282.296,16401.010,0,0.000,0,1.667,0,0,246.608,30.340,156,0,0.000,0,0.000,0.000
tree/mixed-6x4-i5/s4,mixed,even,6,4,G-RTA,8,1,6,0,143.296,101.548,128.296,3934.053,16.611,0,8,2631,548956,294.584,17128.380,0,0.000,4,0.041,0,0,144.304,52.949,156,0,0.000,0,0.000,0.000
tree/mixed-6x4-i5/s4,mixed,even,6,4,G-RTA-X,5,1,6,0,164.128,111.959,139.128,2626.185,11.910,0,5,2530,443847,294.531,16838.991,0,0.000,0,1.934,0,0,165.136,36.267,156,0,0.000,0,0.000,0.000
tree/mixed-6x4-i5/s4,mixed,even,6,4,G-STA,3,1,6,0,234.528,149.777,209.528,2402.382,10.246,0,3,1878,369451,312.652,16896.260,0,0.000,0,3.039,0,0,235.536,31.459,156,0,0.000,0,0.000,0.000
tree/mixed-6x4-i5/s4,mixed,even,6,4,G-CBBA,3,1,6,0,249.024,185.836,244.024,2663.489,10.875,0,3,2154,447303,27.283,2496.759,0,0.000,0,3.114,0,0,250.032,4.944,156,0,0.000,0,0.000,0.000
tree/mixed-6x4-i5/s4,mixed,even,6,4,G-RTA-X,8,1,6,0,119.168,91.996,119.168,2960.758,13.825,0,8,2978,515670,325.806,16607.829,0,0.000,0,2.490,0,0,120.176,48.186,156,0,0.000,0,0.000,0.000
tree/mixed-6x4-i5/s4,mixed,even,6,4,G-CBBA,5,1,6,0,176.640,119.239,156.640,2905.560,12.823,0,5,2591,550357,100.768,5727.075,0,0.000,1,0.859,0,0,177.648,15.213,156,0,0.000,0,0.000,0.000
tree/mixed-6x4-i5/s4,mixed,even,6,4,G-STA,5,1,6,0,168.576,108.124,148.576,2733.481,12.243,0,5,2580,452859,316.636,13407.729,0,0.000,1,0.629,0,0,169.584,39.682,156,0,0.000,0,0.000,0.000
tree/mixed-6x4-i5/s4,mixed,even,6,4,G-LDTA2,3,1,6,0,277.184,231.852,257.184,3043.425,12.073,0,3,2173,426790,85.506,3193.660,0,0.000,0,2.959,0,0,278.192,12.474,156,0,0.000,0,0.000,0.000
tree/mixed-6x4-i5/s4,mixed,even,6,4,G-LDTA2,5,1,6,0,183.808,135.596,168.808,2831.079,13.293,0,5,2738,486501,80.070,4502.698,0,0.000,0,1.444,0,0,184.816,13.630,156,0,0.000,0,0.000,0.000
tree/mixed-6x4-i5/s4,mixed,even,6,4,G-CBBA,8,1,6,0,130.208,84.289,110.784,3018.773,15.074,0,8,3337,692946,207.911,18510.594,0,0.000,0,2.254,0,0,131.216,35.958,156,0,0.000,0,0.000,0.000
tree/mixed-6x4-i5/s4,mixed,even,6,4,G-STA,8,1,6,0,129.120,75.969,109.120,3079.751,14.935,0,8,2970,539096,330.204,13669.754,0,0.000,0,2.171,0,0,130.128,53.090,156,0,0.000,0,0.000,0.000
tree/mixed-6x4-i5/s4,mixed,even,6,4,G-LDTA2,8,1,6,0,128.288,97.633,123.072,3113.506,14.848,0,8,2970,532501,92.297,5562.510,0,0.000,1,0.860,0,0,129.296,17.796,156,0,0.000,0,0.000,0.000
tree/mixed-6x4-i5/s5,mixed,even,6,5,S1,1,1,6,0,537.800,301.993,527.800,2192.668,7.885,0,1,1244,279157,0.103,201.287,6,0.201,0,-1.000,0,0,538.808,1.079,150,0,0.000,0,0.000,0.000
tree/mixed-6x4-i5/s5,mixed,even,6,5,G-RTA,3,1,6,0,212.576,151.777,210.272,2357.358,9.352,0,3,1561,326083,265.071,6319.427,0,0.000,0,1.949,0,0,213.584,24.220,150,0,0.000,0,0.000,0.000
tree/mixed-6x4-i5/s5,mixed,even,6,5,G-RTA,5,1,6,0,156.864,109.079,145.392,2754.260,11.461,0,5,1862,388208,279.099,18674.754,0,0.000,0,1.387,0,0,157.872,32.183,150,0,0.000,0,0.000,0.000
tree/mixed-6x4-i5/s5,mixed,even,6,5,G-RTA-X,3,1,6,0,210.368,147.239,200.368,2221.350,9.225,0,3,1696,334937,264.571,10405.396,0,0.000,0,1.949,0,0,211.376,23.963,150,0,0.000,0,0.000,0.000
tree/mixed-6x4-i5/s5,mixed,even,6,5,G-RTA,8,1,6,0,129.216,81.521,104.216,3480.847,15.045,0,8,2391,499955,269.822,21890.474,0,0.000,1,0.234,0,0,130.224,42.536,150,0,0.000,0,0.000,0.000
tree/mixed-6x4-i5/s5,mixed,even,6,5,G-RTA-X,5,1,6,0,166.720,108.476,141.720,2602.902,12.093,0,5,2669,453163,262.815,6457.260,0,0.000,1,0.896,0,0,167.728,32.244,150,0,0.000,0,0.000,0.000
tree/mixed-6x4-i5/s5,mixed,even,6,5,G-STA,3,1,6,0,208.320,144.988,188.496,2236.749,9.122,0,3,1677,330594,287.495,9645.398,0,0.000,0,1.949,0,0,209.328,25.642,150,0,0.000,0,0.000,0.000
tree/mixed-6x4-i5/s5,mixed,even,6,5,G-CBBA,3,1,6,0,233.824,184.316,223.824,2472.166,10.249,0,3,2027,424776,23.106,3897.020,0,0.000,0,1.949,0,0,234.832,4.010,150,0,0.000,0,0.000,0.000
tree/mixed-6x4-i5/s5,mixed,even,6,5,G-RTA-X,8,1,6,0,105.312,76.396,90.312,2540.722,12.241,0,8,3182,490167,308.319,9201.947,0,0.000,0,1.222,0,0,106.320,39.350,150,0,0.000,0,0.000,0.000
tree/mixed-6x4-i5/s5,mixed,even,6,5,G-STA,5,1,6,0,142.880,98.145,117.880,2340.923,10.402,0,5,2020,379723,301.608,17426.200,0,0.000,0,2.452,0,0,143.888,31.591,150,0,0.000,0,0.000,0.000
tree/mixed-6x4-i5/s5,mixed,even,6,5,G-CBBA,5,1,6,0,160.064,114.199,155.064,2731.978,11.665,0,5,2394,508269,51.721,2774.940,0,0.000,0,2.405,0,0,161.072,8.144,150,0,0.000,0,0.000,0.000
tree/mixed-6x4-i5/s5,mixed,even,6,5,G-LDTA2,3,1,6,0,235.808,199.820,210.808,2672.848,10.330,0,3,1866,368400,74.922,8886.813,0,0.000,0,2.356,0,0,236.816,9.145,150,0,0.000,0,0.000,0.000
tree/mixed-6x4-i5/s5,mixed,even,6,5,G-LDTA2,5,1,6,0,178.560,133.511,153.560,2785.325,12.931,0,5,2797,479073,71.903,9024.888,0,0.000,1,0.973,0,0,179.568,11.571,150,0,0.000,0,0.000,0.000
tree/mixed-6x4-i5/s5,mixed,even,6,5,G-LDTA2,8,1,6,0,125.760,93.740,112.032,3010.672,14.584,0,8,2921,522881,84.591,12619.469,0,0.000,0,2.192,0,0,126.768,15.704,150,0,0.000,0,0.000,0.000
tree/mixed-6x4-i5/s5,mixed,even,6,5,G-CBBA,8,1,6,0,124.672,82.423,110.488,2926.171,14.459,0,8,3216,658534,193.082,5373.988,0,0.000,2,0.677,0,0,125.680,30.378,150,0,0.000,0,0.000,0.000
tree/mixed-6x4-i5/s5,mixed,even,6,5,G-STA,8,1,6,0,133.088,73.841,108.088,2805.617,15.367,0,8,2670,526345,263.694,9957.157,0,0.000,0,2.983,0,0,134.096,42.791,150,0,0.000,0,0.000,0.000
gen/random-even-30/s1,random,even,30,1,S1,1,1,30,0,487.648,188.362,455.648,1093.403,6.949,0,1,951,188744,0.262,818.554,30,0.819,0,-1.000,0,0,488.656,1.088,0,0,9600.000,0,0.757,3.992
gen/random-even-30/s1,random,even,30,1,G-RTA,3,1,30,0,241.712,54.435,154.424,1966.509,10.299,0,3,569,130836,23.095,6562.346,0,0.000,5,0.051,0,0,242.720,3.667,0,0,9600.000,0,0.671,3.528
gen/random-even-30/s1,random,even,30,1,G-RTA-X,3,1,30,0,220.752,47.803,100.672,1578.358,9.407,0,3,752,135499,22.836,16101.851,0,0.000,1,0.158,0,0,221.760,3.328,0,0,9600.000,0,0.542,3.232
gen/random-even-30/s1,random,even,30,1,G-RTA,5,1,30,0,182.800,31.776,74.024,2494.720,12.908,0,5,484,124796,20.660,4982.836,0,0.000,5,0.010,0,0,183.808,4.595,0,0,9600.000,0,1.108,4.200
gen/random-even-30/s1,random,even,30,1,G-RTA-X,5,1,30,0,175.856,24.375,55.184,2362.150,12.428,0,5,925,148302,15.968,5622.303,0,0.000,1,0.650,0,0,177.104,3.765,0,0,9600.000,0,0.961,4.040
gen/random-even-30/s1,random,even,30,1,G-STA,3,1,30,0,220.752,47.803,100.672,1578.358,9.407,0,3,752,135499,25.016,52096.616,0,0.000,1,0.158,0,0,221.760,3.616,0,0,9600.000,0,0.542,3.232
gen/random-even-30/s1,random,even,30,1,G-RTA,8,1,30,0,195.568,40.552,94.832,4367.431,21.874,1,8,566,169334,24.091,3230.639,0,0.000,38,0.016,0,0,196.576,8.757,0,0,9600.000,42,1.683,5.504
gen/random-even-30/s1,random,even,30,1,G-CBBA,3,1,30,0,220.944,45.844,160.472,1739.542,9.435,0,3,860,171155,7.285,2173.166,0,0.000,0,3.452,0,0,222.312,2.082,0,0,9600.000,0,0.610,3.312
gen/random-even-30/s1,random,even,30,1,G-RTA-X,8,1,30,0,172.336,25.678,60.592,3730.898,19.451,2,8,1309,194358,17.909,12077.821,0,0.000,5,0.020,0,0,174.456,6.468,0,0,9600.000,70,2.070,5.344
gen/random-even-30/s1,random,even,30,1,G-STA,5,1,30,0,175.856,24.375,55.184,2362.150,12.428,0,5,925,148302,16.428,14589.514,0,0.000,1,0.650,0,0,177.104,3.730,0,0,9600.000,0,0.961,4.040
gen/random-even-30/s1,random,even,30,1,G-CBBA,5,1,30,0,184.496,30.434,60.720,2501.140,13.024,0,5,930,189613,11.168,3928.210,0,0.000,8,0.015,0,0,185.504,3.473,0,0,9600.000,0,1.175,4.440
gen/random-even-30/s1,random,even,30,1,G-STA,8,1,30,0,172.336,25.678,60.592,3730.898,19.451,2,8,1309,194358,18.449,4363.770,0,0.000,5,0.020,0,0,174.456,6.678,0,0,9600.000,70,2.070,5.344
gen/random-even-30/s1,random,even,30,1,G-LDTA2,3,1,30,0,220.752,47.803,100.672,1578.358,9.407,0,3,752,135499,28.754,3916.233,0,0.000,1,0.158,0,0,221.760,4.036,0,0,9600.000,0,0.542,3.232
gen/random-even-30/s1,random,even,30,1,G-C,3,1,30,0,221.232,44.561,106.232,1549.393,9.222,0,3,695,127465,0.106,92.315,60,0.078,0,7.322,0,0,222.304,1.441,0,0,9600.000,0,0.565,3.208
gen/random-even-30/s1,random,even,30,1,G-CBBA,8,1,30,0,190.448,33.265,75.448,4255.376,21.786,3,7,962,227305,12.502,8298.044,0,0.000,30,0.010,0,0,194.784,6.332,0,0,9600.000,82,2.920,5.400
gen/random-even-30/s1,random,even,30,1,G-C,5,1,30,0,173.872,27.056,53.896,2065.346,11.649,0,5,755,130763,0.105,346.277,60,0.025,0,2.420,0,0,174.880,1.779,0,0,9600.000,0,1.019,4.072
gen/random-even-30/s1,random,even,30,1,G-LDTA2,5,1,30,0,175.856,24.375,55.184,2362.150,12.428,0,5,925,148302,19.836,2431.130,0,0.000,1,0.650,0,0,177.104,4.362,0,0,9600.000,0,0.961,4.040
gen/random-even-30/s2,random,even,30,2,S1,1,1,30,0,468.288,183.140,377.104,1028.076,6.678,0,1,917,180332,0.226,691.317,30,0.691,0,-1.000,0,0,469.296,0.962,0,0,9600.000,0,0.738,3.936
gen/random-even-30/s1,random,even,30,1,G-C,8,1,30,0,171.856,25.603,45.848,1964.884,13.367,0,6,963,168101,0.084,35.287,60,0.049,1,0.438,0,0,174.392,2.384,0,0,9600.000,33,1.695,5.232
gen/random-even-30/s2,random,even,30,2,G-RTA,3,1,30,0,206.224,40.065,140.176,1604.444,8.804,0,3,478,108753,21.543,2165.618,0,0.000,1,0.294,0,0,207.232,3.043,0,0,9600.000,0,0.603,3.240
gen/random-even-30/s1,random,even,30,1,G-LDTA2,8,1,30,0,172.336,25.678,60.592,3730.898,19.451,2,8,1309,194358,21.215,8103.614,0,0.000,5,0.020,0,0,174.456,7.136,0,0,9600.000,70,2.070,5.344
gen/random-even-30/s2,random,even,30,2,G-RTA,5,1,30,0,172.464,29.857,77.144,2370.777,12.225,0,5,464,118766,21.307,36072.983,0,0.000,7,0.127,0,0,173.600,4.483,0,0,9600.000,0,1.089,4.184
gen/random-even-30/s2,random,even,30,2,G-RTA-X,3,1,30,0,212.336,39.290,143.536,1593.551,9.051,0,3,657,124249,22.378,8103.606,0,0.000,0,2.583,0,0,213.344,3.345,0,0,9600.000,0,0.530,3.040
gen/random-even-30/s2,random,even,30,2,G-RTA-X,5,1,30,0,173.040,26.822,67.744,2301.651,12.196,0,5,942,148844,18.463,2100.977,0,0.000,2,0.123,0,0,174.048,4.004,0,0,9600.000,0,0.844,4.128
gen/random-even-30/s2,random,even,30,2,G-STA,3,1,30,0,212.336,39.290,143.536,1593.551,9.051,0,3,657,124249,20.585,2147.311,0,0.000,0,2.583,0,0,213.344,3.060,0,0,9600.000,0,0.530,3.040
gen/random-even-30/s2,random,even,30,2,G-RTA,8,1,30,0,189.744,39.242,107.672,4301.952,21.717,6,7,563,167017,23.751,8582.216,0,0.000,32,0.003,0,0,194.392,8.555,0,0,9600.000,42,1.656,5.480
gen/random-even-30/s2,random,even,30,2,G-RTA-X,8,1,30,0,171.088,24.015,45.872,3816.085,19.451,0,8,1174,191650,16.311,5138.679,0,0.000,5,0.041,0,0,174.456,6.032,0,0,9600.000,45,1.680,5.480
gen/random-even-30/s2,random,even,30,2,G-CBBA,3,1,30,0,210.608,39.375,98.184,1656.217,9.017,0,3,867,164651,6.803,197.298,0,0.000,0,2.708,0,0,212.288,1.781,0,0,9600.000,0,0.577,3.984
gen/random-even-30/s2,random,even,30,2,G-STA,5,1,30,0,173.040,26.822,67.744,2301.651,12.196,0,5,942,148844,18.500,3993.964,0,0.000,2,0.123,0,0,174.048,4.004,0,0,9600.000,0,0.844,4.128
gen/random-even-30/s2,random,even,30,2,G-CBBA,5,1,30,0,179.888,27.374,50.272,2691.394,12.987,0,5,913,184199,9.386,10864.219,0,0.000,4,0.036,0,0,183.640,3.074,0,0,9600.000,0,1.196,4.184
gen/random-even-30/s2,random,even,30,2,G-LDTA2,3,1,30,0,212.336,39.290,143.536,1593.551,9.051,0,3,657,124249,23.457,13515.547,0,0.000,0,2.583,0,0,213.344,3.343,0,0,9600.000,0,0.530,3.040
gen/random-even-30/s2,random,even,30,2,G-STA,8,1,30,0,171.088,24.015,45.872,3816.085,19.451,0,8,1174,191650,18.477,9126.572,0,0.000,5,0.041,0,0,174.456,6.950,0,0,9600.000,45,1.680,5.480
gen/random-even-30/s2,random,even,30,2,G-C,3,1,30,0,211.600,42.573,98.816,1582.146,8.834,0,3,671,121863,0.167,4038.958,60,0.068,0,8.250,0,0,212.608,2.697,0,0,9600.000,0,0.572,3.232
gen/random-even-30/s2,random,even,30,2,G-CBBA,8,1,30,0,213.328,44.193,147.248,4854.882,24.266,5,8,1060,253797,17.260,19389.025,0,0.000,44,0.009,0,0,216.272,9.968,0,0,9600.000,101,3.069,5.504
gen/random-even-30/s2,random,even,30,2,G-LDTA2,5,1,30,0,173.040,26.822,67.744,2301.651,12.196,0,5,942,148844,36.711,16101.527,0,0.000,2,0.123,0,0,174.048,7.594,0,0,9600.000,0,0.844,4.128
gen/random-even-30/s2,random,even,30,2,G-C,5,1,30,0,171.504,27.795,36.952,2072.966,11.307,0,5,755,130792,0.181,4037.840,60,0.031,0,4.108,0,0,173.576,3.157,0,0,9600.000,0,1.055,4.176
gen/random-even-30/s3,random,even,30,3,S1,1,1,30,0,518.000,203.809,418.064,1131.121,7.379,0,1,1010,199589,0.409,4831.292,30,4.831,0,-1.000,0,0,519.008,1.672,0,0,9600.000,0,0.743,4.120
gen/random-even-30/s2,random,even,30,2,G-C,8,1,30,0,171.312,26.538,40.864,2057.921,13.407,0,6,972,168989,0.121,4041.848,60,0.163,0,2.956,0,0,174.392,4.369,0,0,9600.000,31,1.809,5.144
gen/random-even-30/s2,random,even,30,2,G-LDTA2,8,1,30,0,171.088,24.015,45.872,3816.085,19.451,0,8,1174,191650,32.707,12098.955,0,0.000,5,0.041,0,0,174.456,11.302,0,0,9600.000,45,1.680,5.480
gen/random-even-30/s3,random,even,30,3,G-RTA,3,1,30,0,223.696,50.658,109.704,1686.665,9.543,0,3,534,121632,44.330,13753.951,0,0.000,1,0.763,0,0,224.992,6.496,0,0,9600.000,0,0.677,3.536
gen/random-even-30/s3,random,even,30,3,G-RTA-X,3,1,30,0,219.888,51.531,110.632,1594.305,9.387,0,3,689,133004,46.522,12133.300,0,0.000,0,3.747,0,0,221.752,6.705,0,0,9600.000,0,0.634,3.776
gen/random-even-30/s3,random,even,30,3,G-RTA,5,1,30,0,193.648,38.830,115.784,2561.880,13.625,3,5,523,133401,43.783,14804.122,0,0.000,10,0.012,0,0,194.656,10.069,0,0,9600.000,0,1.129,4.472
gen/random-even-30/s3,random,even,30,3,G-RTA-X,5,1,30,0,164.880,25.798,47.120,2105.541,11.619,0,5,889,141820,36.745,9774.867,0,0.000,0,3.653,0,0,165.888,8.011,0,0,9600.000,0,0.917,4.144
gen/random-even-30/s3,random,even,30,3,G-RTA,8,1,30,0,170.448,30.542,92.184,3504.935,19.379,5,8,516,151043,40.273,16165.825,0,0.000,15,0.016,0,0,174.392,13.764,0,0,9600.000,35,1.679,5.136
gen/random-even-30/s3,random,even,30,3,G-STA,3,1,30,0,219.888,51.531,110.632,1594.305,9.387,0,3,689,133004,51.720,25876.832,0,0.000,0,3.747,0,0,221.752,7.206,0,0,9600.000,0,0.634,3.776
gen/random-even-30/s3,random,even,30,3,G-STA,5,1,30,0,164.880,25.798,47.120,2105.541,11.619,0,5,889,141820,24.541,8092.405,0,0.000,0,3.653,0,0,165.888,5.370,0,0,9600.000,0,0.917,4.144
gen/random-even-30/s3,random,even,30,3,G-CBBA,3,1,30,0,229.424,51.069,150.264,1738.182,9.826,0,3,971,186914,5.787,4052.164,0,0.000,2,0.039,0,0,231.992,2.362,0,0,9600.000,0,0.609,3.496
gen/random-even-30/s3,random,even,30,3,G-RTA-X,8,1,30,0,163.536,25.199,54.096,3648.586,18.440,0,8,1132,183248,32.097,17973.154,0,0.000,2,0.157,0,0,165.792,10.663,0,0,9600.000,40,1.664,5.408
gen/random-even-30/s3,random,even,30,3,G-STA,8,1,30,0,163.536,25.199,54.096,3648.586,18.440,0,8,1132,183248,21.533,12145.607,0,0.000,2,0.157,0,0,165.792,7.293,0,0,9600.000,40,1.664,5.408
gen/random-even-30/s3,random,even,30,3,G-CBBA,5,1,30,0,178.448,32.567,72.600,2341.038,12.610,0,5,879,183978,16.311,8095.445,0,0.000,1,0.194,0,0,179.456,4.622,0,0,9600.000,0,1.403,4.168
gen/random-even-30/s3,random,even,30,3,G-LDTA2,3,1,30,0,219.888,51.531,110.632,1594.305,9.387,0,3,689,133004,32.986,8077.884,0,0.000,0,3.747,0,0,221.752,4.710,0,0,9600.000,0,0.634,3.776
gen/random-even-30/s3,random,even,30,3,G-C,3,1,30,0,221.872,50.466,113.816,1613.983,9.250,0,3,712,130539,0.104,47.096,60,1.388,0,7.073,0,0,222.880,2.032,0,0,9600.000,0,0.649,3.368
gen/random-even-30/s3,random,even,30,3,G-CBBA,8,1,30,0,197.648,40.124,87.384,4370.533,22.281,3,8,971,234130,15.830,8123.964,0,0.000,24,0.009,0,0,199.592,8.128,0,0,9600.000,97,3.010,5.504
gen/random-even-30/s3,random,even,30,3,G-LDTA2,5,1,30,0,164.880,25.798,47.120,2105.541,11.619,0,5,889,141820,28.162,20100.967,0,0.000,0,3.653,0,0,165.888,5.535,0,0,9600.000,0,0.917,4.144
gen/random-even-30/s3,random,even,30,3,G-C,5,1,30,0,177.168,31.598,46.920,2128.364,11.874,0,5,770,133847,0.139,4034.618,60,0.025,0,2.727,0,0,178.176,2.685,0,0,9600.000,0,1.027,4.336
gen/random-even-30/s4,random,even,30,4,S1,1,1,30,0,500.992,194.946,470.992,1063.746,7.117,0,1,979,194686,0.287,4039.892,30,4.040,0,-1.000,0,0,502.000,1.556,0,0,9600.000,0,0.756,3.992
gen/random-even-30/s3,random,even,30,3,G-C,8,1,30,0,174.416,32.583,63.920,2407.301,14.109,0,6,983,171966,0.146,4038.791,60,0.057,0,4.000,0,0,176.120,3.361,0,0,9600.000,37,1.703,5.160
gen/random-even-30/s3,random,even,30,3,G-LDTA2,8,1,30,0,163.536,25.199,54.096,3648.586,18.440,0,8,1132,183248,26.966,10717.502,0,0.000,2,0.157,0,0,165.792,8.788,0,0,9600.000,40,1.664,5.408
gen/random-even-30/s4,random,even,30,4,G-RTA,3,1,30,0,243.728,60.045,130.632,1952.268,10.373,1,3,581,133146,35.807,8195.384,0,0.000,6,0.019,0,0,244.736,5.697,0,0,9600.000,0,0.686,3.584
gen/random-even-30/s4,random,even,30,4,G-RTA-X,3,1,30,0,223.184,48.754,131.376,1632.041,9.492,0,3,691,132331,28.785,8131.162,0,0.000,0,2.568,0,0,224.192,4.416,0,0,9600.000,0,0.558,3.280
gen/random-even-30/s4,random,even,30,4,G-RTA,5,1,30,0,188.848,35.122,80.064,2485.027,13.284,1,5,501,127759,27.388,9805.946,0,0.000,11,0.007,0,0,189.856,6.226,0,0,9600.000,0,1.093,4.176
gen/random-even-30/s4,random,even,30,4,G-RTA-X,5,1,30,0,178.864,26.785,56.984,2323.482,12.579,0,5,889,147038,23.252,8072.859,0,0.000,3,0.022,0,0,179.872,5.357,0,0,9600.000,0,0.856,4.040
gen/random-even-30/s4,random,even,30,4,G-STA,3,1,30,0,223.184,48.754,131.376,1632.041,9.492,0,3,691,132331,32.877,10325.294,0,0.000,0,2.568,0,0,224.192,4.814,0,0,9600.000,0,0.558,3.280
gen/random-even-30/s4,random,even,30,4,G-RTA,8,1,30,0,186.128,30.313,67.360,4097.977,20.867,2,7,534,159267,27.690,8360.791,0,0.000,25,0.004,0,0,187.488,10.765,0,0,9600.000,36,1.696,5.144
gen/random-even-30/s4,random,even,30,4,G-RTA-X,8,1,30,0,169.040,23.973,40.864,3903.718,18.954,2,8,1114,183066,21.717,16093.542,0,0.000,3,0.039,0,0,170.048,7.782,0,0,9600.000,34,1.758,5.192
gen/random-even-30/s4,random,even,30,4,G-CBBA,3,1,30,0,224.592,49.158,199.240,1700.655,9.555,0,3,904,177480,9.927,8081.956,0,0.000,0,3.194,0,0,225.600,2.724,0,0,9600.000,0,0.607,3.376
gen/random-even-30/s4,random,even,30,4,G-STA,5,1,30,0,178.864,26.785,56.984,2323.482,12.579,0,5,889,147038,23.055,8074.910,0,0.000,3,0.022,0,0,179.872,5.122,0,0,9600.000,0,0.856,4.040
gen/random-even-30/s4,random,even,30,4,G-CBBA,5,1,30,0,187.568,32.850,72.560,2619.789,13.324,0,5,926,193707,16.438,5496.284,0,0.000,2,0.350,0,0,189.224,5.061,0,0,9600.000,0,1.372,4.440
gen/random-even-30/s4,random,even,30,4,G-LDTA2,3,1,30,0,223.184,48.754,131.376,1632.041,9.492,0,3,691,132331,29.836,12075.709,0,0.000,0,2.568,0,0,224.192,4.237,0,0,9600.000,0,0.558,3.280
gen/random-even-30/s4,random,even,30,4,G-STA,8,1,30,0,169.040,23.973,40.864,3903.718,18.954,2,8,1114,183066,23.563,5516.794,0,0.000,3,0.039,0,0,170.048,8.461,0,0,9600.000,34,1.758,5.192
gen/random-even-30/s4,random,even,30,4,G-C,3,1,30,0,219.376,52.603,189.376,1675.774,9.206,0,3,706,130222,0.154,4039.828,60,0.113,0,5.613,0,0,221.752,1.906,0,0,9600.000,0,0.642,3.408
gen/random-even-30/s4,random,even,30,4,G-CBBA,8,1,30,0,180.528,31.150,67.072,4008.440,20.648,4,8,924,217108,14.445,8082.958,0,0.000,19,0.014,0,0,185.512,7.086,0,0,9600.000,85,2.985,5.512
gen/random-even-30/s4,random,even,30,4,G-C,5,1,30,0,184.080,34.104,47.280,2165.009,12.145,0,5,790,140175,0.100,44.892,59,0.035,0,3.799,0,0,185.192,2.265,0,0,9600.000,0,1.035,4.184
gen/random-even-30/s4,random,even,30,4,G-LDTA2,5,1,30,0,178.864,26.785,56.984,2323.482,12.579,0,5,889,147038,26.892,14208.504,0,0.000,3,0.022,0,0,179.872,5.844,0,0,9600.000,0,0.856,4.040
gen/random-even-30/s4,random,even,30,4,G-C,8,1,30,0,174.608,36.052,78.912,2868.507,15.182,0,7,991,173348,0.122,4038.751,60,0.052,0,2.017,0,0,175.816,3.544,0,0,9600.000,40,1.751,5.328
gen/random-even-30/s5,random,even,30,5,S1,1,1,30,0,502.432,188.492,421.344,1133.539,7.152,0,1,963,190107,0.381,4044.919,30,4.045,0,-1.000,0,0,503.440,1.646,0,0,9600.000,0,0.689,3.928
gen/random-even-30/s4,random,even,30,4,G-LDTA2,8,1,30,0,169.040,23.973,40.864,3903.718,18.954,2,8,1114,183066,28.857,8427.935,0,0.000,3,0.039,0,0,170.048,9.882,0,0,9600.000,34,1.758,5.192
gen/random-even-30/s5,random,even,30,5,G-RTA,3,1,30,0,223.696,47.884,102.744,1818.861,9.544,0,3,524,120047,29.887,8127.612,0,0.000,0,1.180,0,0,224.984,4.521,0,0,9600.000,0,0.637,3.536
gen/random-even-30/s5,random,even,30,5,G-RTA,5,1,30,0,185.872,30.913,59.344,2580.822,13.127,2,5,490,125497,26.852,20094.708,0,0.000,10,0.059,0,0,186.880,6.153,0,0,9600.000,0,1.107,4.288
gen/random-even-30/s5,random,even,30,5,G-RTA-X,3,1,30,0,223.984,48.115,103.184,1680.511,9.536,0,3,739,135478,31.067,8046.307,0,0.000,0,2.661,0,0,224.992,4.623,0,0,9600.000,0,0.586,3.536
gen/random-even-30/s5,random,even,30,5,G-RTA-X,5,1,30,0,164.240,24.347,39.536,2072.501,11.577,0,5,845,138387,24.183,13621.326,0,0.000,0,2.969,0,0,165.336,5.155,0,0,9600.000,0,0.793,4.040
gen/random-even-30/s5,random,even,30,5,G-RTA,8,1,30,0,174.256,30.265,59.504,4091.864,19.575,1,8,509,151033,28.505,14136.198,0,0.000,25,0.006,0,0,175.824,10.016,0,0,9600.000,36,1.624,5.168
gen/random-even-30/s5,random,even,30,5,G-STA,3,1,30,0,223.984,48.115,103.184,1680.511,9.536,0,3,739,135478,29.580,8116.572,0,0.000,0,2.661,0,0,224.992,4.336,0,0,9600.000,0,0.586,3.536
gen/random-even-30/s5,random,even,30,5,G-STA,5,1,30,0,164.240,24.347,39.536,2072.501,11.577,0,5,845,138387,25.328,12107.046,0,0.000,0,2.969,0,0,165.336,5.065,0,0,9600.000,0,0.793,4.040
gen/random-even-30/s5,random,even,30,5,G-RTA-X,8,1,30,0,175.760,31.357,64.248,3867.124,19.748,7,8,1442,202639,27.099,8107.104,0,0.000,14,0.022,0,0,176.768,9.474,0,0,9600.000,117,2.763,5.416
gen/random-even-30/s5,random,even,30,5,G-CBBA,3,1,30,0,220.336,47.179,165.336,1732.685,9.418,0,3,874,173590,6.996,5525.391,0,0.000,0,2.680,0,0,221.752,2.420,0,0,9600.000,0,0.605,3.232
gen/random-even-30/s5,random,even,30,5,G-CBBA,5,1,30,0,186.480,35.978,108.952,2566.553,13.200,0,5,908,193045,16.322,4164.173,0,0.000,4,0.014,0,0,187.488,4.512,0,0,9600.000,0,1.380,4.616
gen/random-even-30/s5,random,even,30,5,G-STA,8,1,30,0,175.760,31.357,64.248,3867.124,19.748,7,8,1442,202639,28.872,8174.085,0,0.000,14,0.022,0,0,176.768,10.025,0,0,9600.000,117,2.763,5.416
gen/random-even-30/s5,random,even,30,5,G-LDTA2,3,1,30,0,223.984,48.115,103.184,1680.511,9.536,0,3,739,135478,39.314,8112.366,0,0.000,0,2.661,0,0,224.992,5.650,0,0,9600.000,0,0.586,3.536
gen/random-even-30/s5,random,even,30,5,G-C,3,1,30,0,210.544,47.611,155.544,1495.273,8.810,0,3,679,124589,0.111,498.599,60,0.442,0,6.834,0,0,212.504,1.520,0,0,9600.000,0,0.627,3.360
gen/random-even-30/s5,random,even,30,5,G-CBBA,8,1,30,0,194.736,36.879,119.736,4014.949,21.962,5,7,1005,230638,14.288,8088.112,0,0.000,35,0.010,0,0,197.040,7.481,0,0,9600.000,79,3.048,5.520
gen/random-even-30/s5,random,even,30,5,G-C,5,1,30,0,177.392,31.663,44.808,1965.114,11.521,0,5,770,134100,0.105,40.621,60,0.054,0,5.630,0,0,178.400,2.246,0,0,9600.000,0,1.078,4.384
gen/random-even-30/s5,random,even,30,5,G-LDTA2,5,1,30,0,164.240,24.347,39.536,2072.501,11.577,0,5,845,138387,30.238,8095.382,0,0.000,0,2.969,0,0,165.336,6.063,0,0,9600.000,0,0.793,4.040
gen/random-even-30/s5,random,even,30,5,G-C,8,1,30,0,173.296,29.837,45.776,1956.641,13.276,0,6,989,171796,0.085,33.666,60,0.031,1,0.462,0,0,175.912,2.910,0,0,9600.000,33,1.763,5.208
gen/random-static-30/s1,random,static,30,1,S1,1,1,30,0,466.816,243.682,466.816,849.495,6.625,0,1,1032,202448,0.414,2205.504,30,2.206,0,-1.000,0,0,467.824,1.362,0,0,9600.000,0,1.124,5.080
gen/random-static-30/s1,random,static,30,1,G-RTA,3,1,30,0,198.160,102.610,198.160,1195.126,8.388,0,3,575,126155,56.950,16162.723,0,0.000,2,0.115,0,0,199.168,5.933,0,0,9600.000,5,1.298,5.448
gen/random-even-30/s5,random,even,30,5,G-LDTA2,8,1,30,0,175.760,31.357,64.248,3867.124,19.748,7,8,1442,202639,32.874,8387.743,0,0.000,14,0.022,0,0,176.768,10.946,0,0,9600.000,117,2.763,5.416
gen/random-static-30/s1,random,static,30,1,G-RTA,5,1,30,0,154.224,87.603,154.224,1620.186,10.818,3,5,517,122429,71.192,10545.704,0,0.000,3,0.021,0,0,155.232,9.541,0,0,9600.000,21,1.685,5.504
gen/random-static-30/s1,random,static,30,1,G-RTA-X,3,1,30,0,198.224,98.840,198.224,1104.775,8.391,0,3,726,136395,72.232,8254.310,0,0.000,0,2.728,0,0,199.232,7.702,0,0,9600.000,5,1.264,5.288
gen/random-static-30/s1,random,static,30,1,G-RTA,8,1,30,0,127.232,75.719,127.232,2162.831,14.066,1,8,472,119898,73.358,9089.171,0,0.000,5,0.019,0,0,128.240,13.097,0,0,9600.000,49,2.168,5.464
gen/random-static-30/s1,random,static,30,1,G-RTA-X,5,1,30,0,147.376,80.994,147.376,1510.985,10.368,1,5,711,130304,66.471,8183.191,0,0.000,1,0.091,0,0,149.032,8.685,0,0,9600.000,23,1.597,5.080
gen/random-static-30/s1,random,static,30,1,G-RTA-X,8,1,30,0,124.736,75.358,124.736,2007.293,13.824,1,8,934,138590,58.198,11589.412,0,0.000,4,0.026,0,0,126.168,10.539,0,0,9600.000,198,2.825,5.512
gen/random-static-30/s1,random,static,30,1,G-STA,3,1,30,0,198.224,98.840,198.224,1104.775,8.391,0,3,726,136395,71.890,13045.975,0,0.000,0,2.728,0,0,199.232,7.724,0,0,9600.000,5,1.264,5.288
gen/random-static-30/s1,random,static,30,1,G-CBBA,3,1,30,0,211.888,100.906,211.888,1377.151,8.990,0,3,906,184806,3.739,4225.182,0,0.000,0,2.510,0,0,212.896,1.938,0,0,9600.000,8,1.228,5.352
gen/random-static-30/s1,random,static,30,1,G-STA,5,1,30,0,147.376,80.994,147.376,1510.985,10.368,1,5,711,130304,76.572,12040.283,0,0.000,1,0.091,0,0,149.032,9.942,0,0,9600.000,23,1.597,5.080
gen/random-static-30/s1,random,static,30,1,G-CBBA,5,1,30,0,173.200,92.302,173.200,1760.813,12.152,1,5,842,194383,5.411,4186.683,0,0.000,8,0.010,0,0,174.208,3.052,0,0,9600.000,40,2.260,5.320
gen/random-static-30/s1,random,static,30,1,G-STA,8,1,30,0,124.736,75.358,124.736,2007.293,13.824,1,8,934,138590,65.677,9264.013,0,0.000,4,0.026,0,0,126.168,12.169,0,0,9600.000,198,2.825,5.512
gen/random-static-30/s1,random,static,30,1,G-CBBA,8,1,30,0,157.680,91.655,157.680,2794.887,17.637,5,8,761,185135,8.458,8116.063,0,0.000,24,0.010,0,0,159.528,4.951,0,0,9600.000,172,3.104,5.496
gen/random-static-30/s1,random,static,30,1,G-C,3,1,30,0,231.792,116.370,231.792,1312.853,9.145,0,3,759,152630,0.193,4064.447,31,4.677,0,2.536,0,0,233.000,2.292,0,0,9600.000,9,1.211,5.360
gen/random-static-30/s1,random,static,30,1,G-LDTA2,3,1,30,0,198.224,98.840,198.224,1104.775,8.391,0,3,726,136395,63.239,18762.933,0,0.000,0,2.728,0,0,199.232,6.405,0,0,9600.000,5,1.264,5.288
gen/random-static-30/s1,random,static,30,1,G-C,5,1,30,0,159.984,93.371,159.984,1359.331,10.317,0,5,687,136314,0.106,28.809,31,1.579,0,2.485,0,0,163.576,2.189,0,0,9600.000,28,1.462,5.248
gen/random-static-30/s1,random,static,30,1,G-LDTA2,5,1,30,0,147.376,80.994,147.376,1510.985,10.368,1,5,711,130304,64.743,8159.330,0,0.000,1,0.091,0,0,149.032,8.332,0,0,9600.000,23,1.597,5.080
gen/random-static-30/s1,random,static,30,1,G-C,8,1,30,0,131.536,81.883,131.536,1771.988,13.331,0,8,726,135089,0.105,77.856,31,1.192,0,2.242,0,0,135.624,2.827,0,0,9600.000,75,2.020,5.392
gen/random-static-30/s2,random,static,30,2,S1,1,1,30,0,519.152,275.254,519.152,1024.965,7.363,0,1,1145,225398,0.318,1939.478,30,1.939,0,-1.000,0,0,520.160,1.853,0,0,9600.000,0,1.174,5.104
gen/random-static-30/s1,random,static,30,1,G-LDTA2,8,1,30,0,124.736,75.358,124.736,2007.293,13.824,1,8,934,138590,73.774,9002.729,0,0.000,4,0.026,0,0,126.168,13.196,0,0,9600.000,198,2.825,5.512
gen/random-static-30/s2,random,static,30,2,G-RTA,3,1,30,0,219.440,115.633,219.440,1453.371,9.361,0,3,640,142401,70.184,21089.609,0,0.000,1,0.164,0,0,221.752,8.129,0,0,9600.000,5,1.358,5.464
gen/random-static-30/s2,random,static,30,2,G-RTA,5,1,30,0,164.176,87.165,164.176,1958.779,11.525,0,5,536,128906,73.228,8203.908,0,0.000,2,0.165,0,0,165.368,10.787,0,0,9600.000,21,1.661,5.456
gen/random-static-30/s2,random,static,30,2,G-RTA-X,3,1,30,0,219.280,115.635,219.280,1448.853,9.363,0,3,848,157554,71.459,16180.619,0,0.000,1,0.195,0,0,221.752,8.039,0,0,9600.000,5,1.233,5.504
gen/random-static-30/s2,random,static,30,2,G-RTA,8,1,30,0,142.160,88.234,142.160,2656.790,15.887,4,8,531,135675,75.351,9276.884,0,0.000,9,0.009,0,0,144.424,15.321,0,0,9600.000,54,2.256,5.496
gen/random-static-30/s2,random,static,30,2,G-RTA-X,5,1,30,0,154.448,86.890,154.448,1720.034,10.827,0,5,775,140023,72.932,8703.852,0,0.000,0,2.975,0,0,155.456,9.810,0,0,9600.000,28,1.748,5.512
gen/random-static-30/s2,random,static,30,2,G-STA,3,1,30,0,219.280,115.635,219.280,1448.853,9.363,0,3,848,157554,73.592,29362.612,0,0.000,1,0.195,0,0,221.752,8.418,0,0,9600.000,5,1.233,5.504
gen/random-static-30/s2,random,static,30,2,G-RTA-X,8,1,30,0,142.704,82.654,142.704,2497.602,15.907,1,8,969,155443,70.097,14847.683,0,0.000,4,0.009,0,0,144.456,14.431,0,0,9600.000,127,2.306,5.432
gen/random-static-30/s2,random,static,30,2,G-CBBA,3,1,30,0,214.576,112.882,214.576,1496.726,9.102,0,3,902,190679,5.749,8080.371,0,0.000,0,3.093,0,0,215.584,2.497,0,0,9600.000,10,1.397,5.168
gen/random-static-30/s2,random,static,30,2,G-STA,5,1,30,0,154.448,86.890,154.448,1720.034,10.827,0,5,775,140023,74.615,10100.207,0,0.000,0,2.975,0,0,155.456,9.913,0,0,9600.000,28,1.748,5.512
gen/random-static-30/s2,random,static,30,2,G-CBBA,5,1,30,0,234.384,123.130,234.384,2803.060,16.519,3,5,1105,263695,5.287,8070.705,0,0.000,18,0.010,0,0,235.392,4.448,0,0,9600.000,55,2.196,5.496
gen/random-static-30/s2,random,static,30,2,G-STA,8,1,30,0,142.704,82.654,142.704,2497.602,15.907,1,8,969,155443,62.629,8300.885,0,0.000,4,0.009,0,0,144.456,13.148,0,0,9600.000,127,2.306,5.432
gen/random-static-30/s2,random,static,30,2,G-CBBA,8,1,30,0,165.040,92.859,165.040,3107.501,18.628,2,7,777,196378,11.353,8080.729,0,0.000,9,0.007,0,0,168.168,6.301,0,0,9600.000,184,3.260,5.560
gen/random-static-30/s2,random,static,30,2,G-LDTA2,3,1,30,0,219.280,115.635,219.280,1448.853,9.363,0,3,848,157554,72.191,8653.116,0,0.000,1,0.195,0,0,221.752,8.066,0,0,9600.000,5,1.233,5.504
gen/random-static-30/s2,random,static,30,2,G-C,3,1,30,0,237.808,126.577,237.808,1414.297,9.398,0,3,786,156794,0.106,156.820,31,1.930,0,2.799,0,0,238.816,2.218,0,0,9600.000,10,1.210,5.256
gen/random-static-30/s2,random,static,30,2,G-C,5,1,30,0,167.760,100.687,167.760,1694.874,10.719,0,5,718,141739,0.152,4043.227,31,5.132,0,2.447,0,0,169.064,2.403,0,0,9600.000,28,1.502,5.392
gen/random-static-30/s3,random,static,30,3,S1,1,1,30,0,482.112,250.374,482.112,910.467,6.836,0,1,1060,208288,0.238,930.227,30,0.930,0,-1.000,0,0,483.120,1.389,0,0,9600.000,0,1.115,5.056
gen/random-static-30/s2,random,static,30,2,G-C,8,1,30,0,150.320,93.998,150.320,2436.348,15.668,0,8,786,153041,0.151,4090.760,31,5.642,0,2.698,0,0,155.744,3.912,0,0,9600.000,91,2.328,5.512
gen/random-static-30/s2,random,static,30,2,G-LDTA2,5,1,30,0,154.448,86.890,154.448,1720.034,10.827,0,5,775,140023,76.798,8605.018,0,0.000,0,2.975,0,0,155.456,10.155,0,0,9600.000,28,1.748,5.512
gen/random-static-30/s2,random,static,30,2,G-LDTA2,8,1,30,0,142.704,82.654,142.704,2497.602,15.907,1,8,969,155443,69.588,9663.368,0,0.000,4,0.009,0,0,144.456,13.978,0,0,9600.000,127,2.306,5.432
gen/random-static-30/s3,random,static,30,3,G-RTA,3,1,30,0,205.488,107.185,205.488,1349.126,8.734,0,3,598,131053,70.563,16069.266,0,0.000,1,0.089,0,0,206.496,7.620,0,0,9600.000,5,1.318,5.408
gen/random-static-30/s3,random,static,30,3,G-RTA,5,1,30,0,172.400,100.342,172.400,1981.188,12.153,1,5,571,137192,75.373,19252.572,0,0.000,10,0.009,0,0,173.592,11.119,0,0,9600.000,21,1.640,5.408
gen/random-static-30/s3,random,static,30,3,G-RTA-X,3,1,30,0,213.264,103.798,213.264,1415.485,9.055,0,3,818,148578,57.188,8162.247,0,0.000,1,0.574,0,0,214.288,6.376,0,0,9600.000,6,1.156,5.408
gen/random-static-30/s3,random,static,30,3,G-RTA,8,1,30,0,136.528,82.035,136.528,2520.887,15.082,1,8,497,127425,77.338,14035.472,0,0.000,8,0.009,0,0,137.536,15.024,0,0,9600.000,53,2.208,5.520
gen/random-static-30/s3,random,static,30,3,G-RTA-X,5,1,30,0,156.976,85.363,156.976,1560.451,11.008,0,5,775,139898,69.481,12199.943,0,0.000,3,0.087,0,0,157.984,9.567,0,0,9600.000,28,1.632,5.408
gen/random-static-30/s3,random,static,30,3,G-STA,3,1,30,0,213.264,103.798,213.264,1415.485,9.055,0,3,818,148578,64.549,11266.273,0,0.000,1,0.574,0,0,214.288,7.304,0,0,9600.000,6,1.156,5.408
gen/random-static-30/s3,random,static,30,3,G-CBBA,3,1,30,0,208.400,100.107,208.400,1417.881,8.846,0,3,885,180389,2.965,4148.792,0,0.000,0,3.547,0,0,209.408,1.861,0,0,9600.000,7,1.183,5.288
gen/random-static-30/s3,random,static,30,3,G-CBBA,5,1,30,0,197.584,100.027,197.584,2366.300,13.915,1,5,941,221277,4.947,8706.417,0,0.000,14,0.026,0,0,198.592,3.782,0,0,9600.000,44,2.260,5.400
gen/random-static-30/s3,random,static,30,3,G-RTA-X,8,1,30,0,144.592,84.726,144.592,2684.715,16.078,2,8,1111,165875,68.092,8325.084,0,0.000,10,0.006,0,0,145.960,14.575,0,0,9600.000,130,2.443,5.496
gen/random-static-30/s3,random,static,30,3,G-STA,5,1,30,0,156.976,85.363,156.976,1560.451,11.008,0,5,775,139898,68.088,16382.562,0,0.000,3,0.087,0,0,157.984,9.402,0,0,9600.000,28,1.632,5.408
gen/random-static-30/s3,random,static,30,3,G-CBBA,8,1,30,0,164.816,95.030,164.816,3285.464,18.622,1,8,806,195206,7.406,8140.528,0,0.000,18,0.002,0,0,167.912,5.189,0,0,9600.000,164,3.094,5.616
gen/random-static-30/s3,random,static,30,3,G-STA,8,1,30,0,144.592,84.726,144.592,2684.715,16.078,2,8,1111,165875,73.727,12289.833,0,0.000,10,0.006,0,0,145.960,15.130,0,0,9600.000,130,2.443,5.496
gen/random-static-30/s3,random,static,30,3,G-LDTA2,3,1,30,0,213.264,103.798,213.264,1415.485,9.055,0,3,818,148578,68.038,9961.185,0,0.000,1,0.574,0,0,214.288,7.595,0,0,9600.000,6,1.156,5.408
gen/random-static-30/s3,random,static,30,3,G-C,3,1,30,0,229.680,120.703,229.680,1402.399,9.129,0,3,769,153164,0.131,2257.753,31,2.250,0,3.512,0,0,232.104,2.294,0,0,9600.000,10,1.286,5.296
gen/random-static-30/s3,random,static,30,3,G-C,5,1,30,0,161.072,96.101,161.072,1543.102,10.347,0,5,703,138324,0.105,45.775,31,4.974,0,2.189,0,0,163.568,2.136,0,0,9600.000,28,1.632,5.320
gen/random-static-30/s3,random,static,30,3,G-LDTA2,5,1,30,0,156.976,85.363,156.976,1560.451,11.008,0,5,775,139898,72.625,9897.813,0,0.000,3,0.087,0,0,157.984,9.797,0,0,9600.000,28,1.632,5.408
gen/random-static-30/s4,random,static,30,4,S1,1,1,30,0,474.560,245.243,474.560,963.618,6.750,0,1,1034,202589,0.902,6884.903,30,6.885,0,-1.000,0,0,475.568,1.324,0,0,9600.000,0,1.117,5.048
gen/random-static-30/s3,random,static,30,3,G-C,8,1,30,0,128.120,80.301,128.120,1787.960,12.590,0,8,704,128197,0.166,4039.426,31,0.955,0,2.484,0,0,129.128,2.697,0,0,9600.000,82,2.074,5.376
gen/random-static-30/s4,random,static,30,4,G-RTA,3,1,30,0,208.336,102.013,208.336,1536.593,8.864,0,3,589,129222,64.816,9254.628,0,0.000,0,3.405,0,0,209.344,7.143,0,0,9600.000,5,1.270,5.248
gen/random-static-30/s3,random,static,30,3,G-LDTA2,8,1,30,0,144.592,84.726,144.592,2684.715,16.078,2,8,1111,165875,69.624,16201.259,0,0.000,10,0.006,0,0,145.960,14.274,0,0,9600.000,130,2.443,5.496
gen/random-static-30/s4,random,static,30,4,G-RTA,5,1,30,0,152.688,89.354,152.688,1625.262,10.736,2,5,515,121477,75.866,13629.367,0,0.000,4,0.049,0,0,153.848,10.051,0,0,9600.000,22,1.666,5.480
gen/random-static-30/s4,random,static,30,4,G-RTA-X,3,1,30,0,205.552,102.536,205.552,1265.488,8.714,0,3,752,140988,61.413,14720.713,0,0.000,0,3.332,0,0,206.560,6.619,0,0,9600.000,5,1.224,5.248
gen/random-static-30/s4,random,static,30,4,G-RTA,8,1,30,0,122.784,73.893,122.784,2203.812,13.748,0,8,450,115254,74.963,20574.671,0,0.000,6,0.007,0,0,125.416,13.127,0,0,9600.000,51,2.123,5.504
gen/random-static-30/s4,random,static,30,4,G-RTA-X,5,1,30,0,154.640,84.551,154.640,1578.423,10.839,1,5,769,138635,69.890,13363.680,0,0.000,2,0.012,0,0,155.648,9.587,0,0,9600.000,22,1.642,5.504
gen/random-static-30/s4,random,static,30,4,G-RTA-X,8,1,30,0,119.072,72.927,119.072,2006.826,13.138,1,8,738,123825,59.381,17386.860,0,0.000,1,0.017,0,0,120.144,10.230,0,0,9600.000,123,2.533,5.296
gen/random-static-30/s4,random,static,30,4,G-STA,3,1,30,0,205.552,102.536,205.552,1265.488,8.714,0,3,752,140988,72.488,8204.848,0,0.000,0,3.332,0,0,206.560,7.748,0,0,9600.000,5,1.224,5.248
gen/random-static-30/s4,random,static,30,4,G-STA,5,1,30,0,154.640,84.551,154.640,1578.423,10.839,1,5,769,138635,66.377,9590.137,0,0.000,2,0.012,0,0,155.648,8.994,0,0,9600.000,22,1.642,5.504
gen/random-static-30/s4,random,static,30,4,G-CBBA,3,1,30,0,200.272,103.756,200.272,1406.484,8.565,0,3,862,179453,4.110,4182.224,0,0.000,0,3.579,0,0,202.280,2.481,0,0,9600.000,6,1.283,5.472
gen/random-static-30/s4,random,static,30,4,G-CBBA,5,1,30,0,170.480,90.451,170.480,1929.926,12.086,1,5,832,191503,7.444,8133.031,0,0.000,4,0.044,0,0,172.928,3.402,0,0,9600.000,41,2.228,5.456
gen/random-static-30/s4,random,static,30,4,G-CBBA,8,1,30,0,139.120,81.918,139.120,2787.848,15.469,1,8,671,163866,12.304,8128.140,0,0.000,8,0.004,0,0,140.176,5.595,0,0,9600.000,144,3.135,5.552
gen/random-static-30/s4,random,static,30,4,G-STA,8,1,30,0,119.072,72.927,119.072,2006.826,13.138,1,8,738,123825,64.878,10315.844,0,0.000,1,0.017,0,0,120.144,11.287,0,0,9600.000,123,2.533,5.296
gen/random-static-30/s4,random,static,30,4,G-LDTA2,3,1,30,0,205.552,102.536,205.552,1265.488,8.714,0,3,752,140988,68.665,8210.470,0,0.000,0,3.332,0,0,206.560,7.333,0,0,9600.000,5,1.224,5.248
gen/random-static-30/s4,random,static,30,4,G-C,3,1,30,0,214.032,119.112,214.032,1372.414,8.416,0,3,732,144474,0.211,4048.792,31,5.382,0,2.931,0,0,215.040,1.823,0,0,9600.000,10,1.297,5.216
gen/random-static-30/s4,random,static,30,4,G-C,5,1,30,0,160.784,94.376,160.784,1568.491,10.356,0,5,697,136580,0.108,210.779,30,1.286,0,2.967,0,0,163.584,2.256,0,0,9600.000,28,1.413,5.216
gen/random-static-30/s4,random,static,30,4,G-LDTA2,5,1,30,0,154.640,84.551,154.640,1578.423,10.839,1,5,769,138635,73.208,8191.032,0,0.000,2,0.012,0,0,155.648,9.829,0,0,9600.000,22,1.642,5.504
gen/random-static-30/s5,random,static,30,5,S1,1,1,30,0,526.672,262.071,526.672,1038.108,7.465,0,1,1125,221603,0.482,5155.527,30,5.156,0,-1.000,0,0,527.680,1.812,0,0,9600.000,0,1.062,5.040
gen/random-static-30/s4,random,static,30,4,G-C,8,1,30,0,130.840,83.546,130.840,1998.590,13.235,0,8,721,134094,0.176,4048.041,31,4.566,0,2.133,0,0,134.392,3.360,0,0,9600.000,82,2.086,5.376
gen/random-static-30/s4,random,static,30,4,G-LDTA2,8,1,30,0,119.072,72.927,119.072,2006.826,13.138,1,8,738,123825,75.639,8206.890,0,0.000,1,0.017,0,0,120.144,12.896,0,0,9600.000,123,2.533,5.296
gen/random-static-30/s5,random,static,30,5,G-RTA,3,1,30,0,221.392,114.531,221.392,1497.586,9.370,0,3,635,140525,65.835,8783.874,0,0.000,1,0.141,0,0,222.400,7.808,0,0,9600.000,5,1.270,5.248
gen/random-static-30/s5,random,static,30,5,G-RTA,5,1,30,0,186.480,97.414,186.480,2177.965,13.108,1,5,588,142261,62.467,8166.416,0,0.000,7,0.016,0,0,187.488,10.525,0,0,9600.000,21,1.560,5.408
gen/random-static-30/s5,random,static,30,5,G-RTA-X,3,1,30,0,221.136,114.455,221.136,1429.142,9.367,0,3,788,152215,57.429,16129.100,0,0.000,0,2.833,0,0,222.304,6.893,0,0,9600.000,5,1.174,5.248
gen/random-static-30/s5,random,static,30,5,G-RTA-X,5,1,30,0,155.472,85.600,155.472,1508.467,10.915,0,5,757,139108,74.812,33608.087,0,0.000,2,0.091,0,0,157.032,10.620,0,0,9600.000,23,1.665,5.408
gen/random-static-30/s5,random,static,30,5,G-RTA,8,1,30,0,163.088,94.784,163.088,3150.743,18.292,5,7,585,150276,75.001,30625.224,0,0.000,17,0.018,0,0,165.624,18.143,0,0,9600.000,60,2.114,5.464
gen/random-static-30/s5,random,static,30,5,G-STA,3,1,30,0,221.136,114.455,221.136,1429.142,9.367,0,3,788,152215,74.919,9765.035,0,0.000,0,2.833,0,0,222.304,8.600,0,0,9600.000,5,1.174,5.248
gen/random-static-30/s5,random,static,30,5,G-RTA-X,8,1,30,0,120.800,72.188,120.800,2046.034,13.723,0,8,783,132196,68.915,30857.450,0,0.000,1,0.367,0,0,125.464,12.704,0,0,9600.000,101,2.208,5.400
gen/random-static-30/s5,random,static,30,5,G-CBBA,3,1,30,0,254.832,124.136,254.832,1909.853,10.839,0,3,1056,225447,4.647,8137.649,0,0.000,3,0.344,0,0,255.840,2.892,0,0,9600.000,5,1.208,5.304
gen/random-static-30/s5,random,static,30,5,G-CBBA,5,1,30,0,167.088,86.562,167.088,1669.880,11.707,0,5,790,182720,9.215,5552.597,0,0.000,3,0.038,0,0,168.096,3.624,0,0,9600.000,45,2.182,5.504
gen/random-static-30/s5,random,static,30,5,G-STA,5,1,30,0,155.472,85.600,155.472,1508.467,10.915,0,5,757,139108,65.147,18279.811,0,0.000,2,0.091,0,0,157.032,8.890,0,0,9600.000,23,1.665,5.408
gen/random-static-30/s5,random,static,30,5,G-STA,8,1,30,0,120.800,72.188,120.800,2046.034,13.723,0,8,783,132196,58.376,12578.328,0,0.000,1,0.367,0,0,125.464,10.749,0,0,9600.000,101,2.208,5.400
gen/random-static-30/s5,random,static,30,5,G-CBBA,8,1,30,0,181.296,94.194,181.296,3519.704,20.617,3,7,885,216615,14.802,4727.803,0,0.000,19,0.009,0,0,186.128,8.174,0,0,9600.000,165,2.938,5.496
gen/random-static-30/s5,random,static,30,5,G-C,3,1,30,0,235.536,124.156,235.536,1402.190,9.292,0,3,790,156185,0.144,4040.556,31,4.425,0,1.875,0,0,236.544,1.731,0,0,9600.000,10,1.269,5.192
gen/random-static-30/s5,random,static,30,5,G-LDTA2,3,1,30,0,221.136,114.455,221.136,1429.142,9.367,0,3,788,152215,71.403,9787.298,0,0.000,0,2.833,0,0,222.304,8.325,0,0,9600.000,5,1.174,5.248
gen/random-static-30/s5,random,static,30,5,G-C,5,1,30,0,185.616,101.602,185.616,1801.042,11.958,0,5,766,152893,0.141,4036.455,31,1.614,0,2.632,0,0,186.624,2.783,0,0,9600.000,28,1.575,5.256
gen/random-static-30/s5,random,static,30,5,G-LDTA2,5,1,30,0,155.472,85.600,155.472,1508.467,10.915,0,5,757,139108,79.884,10132.351,0,0.000,2,0.091,0,0,157.032,10.800,0,0,9600.000,23,1.665,5.408
gen/random-static-30/s5,random,static,30,5,G-C,8,1,30,0,138.960,84.269,138.960,1816.735,13.779,0,8,737,138373,0.141,4034.895,31,4.394,0,1.801,0,0,139.968,3.111,0,0,9600.000,84,1.983,5.448
gen/cluster-even-30/s1,cluster,even,30,1,S1,1,1,30,0,368.128,113.626,298.360,484.753,5.193,0,1,679,133009,0.282,4037.126,30,4.037,0,-1.000,0,0,369.136,0.752,0,0,9600.000,0,0.550,3.304
gen/random-static-30/s5,random,static,30,5,G-LDTA2,8,1,30,0,120.800,72.188,120.800,2046.034,13.723,0,8,783,132196,64.919,14747.928,0,0.000,1,0.367,0,0,125.464,11.834,0,0,9600.000,101,2.208,5.400
gen/cluster-even-30/s1,cluster,even,30,1,G-RTA,3,1,30,0,177.360,23.343,93.856,867.425,7.509,0,3,394,89850,21.259,8053.648,0,0.000,1,0.045,0,0,178.368,3.022,0,0,9600.000,0,0.508,2.584
gen/cluster-even-30/s1,cluster,even,30,1,G-RTA,5,1,30,0,170.800,18.248,30.800,1499.508,12.019,2,5,436,113477,19.723,9463.774,0,0.000,15,0.024,0,0,172.808,4.859,0,0,9600.000,0,1.028,3.656
gen/cluster-even-30/s1,cluster,even,30,1,G-RTA-X,3,1,30,0,171.120,22.824,41.464,797.999,7.240,0,3,640,105426,18.968,9946.178,0,0.000,0,3.012,0,0,172.232,2.535,0,0,9600.000,0,0.428,2.608
gen/cluster-even-30/s1,cluster,even,30,1,G-RTA-X,5,1,30,0,169.584,17.996,29.584,1420.001,12.046,1,5,1165,159133,15.160,8078.029,0,0.000,7,0.030,0,0,172.808,3.838,0,0,9600.000,0,0.780,3.728
gen/cluster-even-30/s1,cluster,even,30,1,G-STA,3,1,30,0,171.120,22.824,41.464,797.999,7.240,0,3,640,105426,20.577,4173.683,0,0.000,0,3.012,0,0,172.232,2.709,0,0,9600.000,0,0.428,2.608
gen/cluster-even-30/s1,cluster,even,30,1,G-RTA,8,1,30,0,175.120,24.044,61.488,2551.904,19.392,7,8,511,150435,22.182,10040.569,0,0.000,58,0.006,0,0,176.128,8.542,0,0,9600.000,29,1.651,5.144
gen/cluster-even-30/s1,cluster,even,30,1,G-STA,5,1,30,0,169.584,17.996,29.584,1420.001,12.046,1,5,1165,159133,17.489,8077.394,0,0.000,7,0.030,0,0,172.808,4.205,0,0,9600.000,0,0.780,3.728
gen/cluster-even-30/s1,cluster,even,30,1,G-CBBA,3,1,30,0,174.928,22.332,71.552,851.696,7.416,0,3,756,131068,11.833,8941.997,0,0.000,0,1.817,0,0,175.936,2.350,0,0,9600.000,0,0.472,2.616
gen/cluster-even-30/s1,cluster,even,30,1,G-RTA-X,8,1,30,0,175.120,20.176,35.120,2395.798,19.539,8,8,1420,202836,18.581,9662.230,0,0.000,22,0.003,0,0,176.128,7.327,0,0,9600.000,92,2.079,5.376
gen/cluster-even-30/s1,cluster,even,30,1,G-CBBA,5,1,30,0,161.616,20.517,34.344,1492.857,11.477,0,5,821,160973,12.947,12093.440,0,0.000,8,0.075,0,0,163.696,4.329,0,0,9600.000,0,1.135,4.328
gen/cluster-even-30/s1,cluster,even,30,1,G-LDTA2,3,1,30,0,171.120,22.824,41.464,797.999,7.240,0,3,640,105426,22.667,8106.448,0,0.000,0,3.012,0,0,172.232,2.999,0,0,9600.000,0,0.428,2.608
gen/cluster-even-30/s1,cluster,even,30,1,G-STA,8,1,30,0,175.120,20.176,35.120,2395.798,19.539,8,8,1420,202836,20.577,8742.794,0,0.000,22,0.003,0,0,176.128,8.258,0,0,9600.000,92,2.079,5.376
gen/cluster-even-30/s1,cluster,even,30,1,G-C,3,1,30,0,175.280,25.287,73.792,824.976,7.243,0,3,573,98118,0.091,21.193,60,0.019,0,1.671,0,0,176.288,1.203,0,0,9600.000,0,0.527,2.528
gen/cluster-even-30/s1,cluster,even,30,1,G-CBBA,8,1,30,0,171.568,24.521,83.432,2663.361,19.485,3,7,933,205724,12.008,8110.142,0,0.000,33,0.002,0,0,175.568,6.255,0,0,9600.000,57,2.853,5.352
gen/cluster-even-30/s1,cluster,even,30,1,G-C,5,1,30,0,161.008,19.077,33.232,974.056,8.813,0,4,705,120042,0.093,50.072,60,0.028,2,0.124,0,0,163.624,1.970,0,0,9600.000,0,0.971,3.856
gen/cluster-even-30/s1,cluster,even,30,1,G-LDTA2,5,1,30,0,169.584,17.996,29.584,1420.001,12.046,1,5,1165,159133,22.061,8101.653,0,0.000,7,0.030,0,0,172.808,4.992,0,0,9600.000,0,0.780,3.728
gen/cluster-even-30/s2,cluster,even,30,2,S1,1,1,30,0,354.496,111.402,295.272,449.748,5.001,0,1,659,129262,0.203,481.402,30,0.481,0,-1.000,0,0,355.576,0.896,0,0,9600.000,0,0.561,3.352
gen/cluster-even-30/s1,cluster,even,30,1,G-C,8,1,30,0,163.824,21.615,35.576,1073.423,10.614,0,5,942,160429,0.128,4038.516,60,0.031,0,1.282,0,0,165.968,2.792,0,0,9600.000,28,1.718,5.144
gen/cluster-even-30/s2,cluster,even,30,2,G-RTA,3,1,30,0,174.608,20.476,49.608,898.430,7.394,1,3,388,88540,16.833,4153.178,0,0.000,3,0.186,0,0,175.616,2.478,0,0,9600.000,0,0.525,2.576
gen/cluster-even-30/s1,cluster,even,30,1,G-LDTA2,8,1,30,0,175.120,20.176,35.120,2395.798,19.539,8,8,1420,202836,22.673,8096.006,0,0.000,22,0.003,0,0,176.128,8.157,0,0,9600.000,92,2.079,5.376
gen/cluster-even-30/s2,cluster,even,30,2,G-RTA,5,1,30,0,174.544,18.961,49.544,1662.113,12.274,3,5,442,114698,19.685,8068.078,0,0.000,21,0.011,0,0,175.552,4.987,0,0,9600.000,0,1.008,3.712
gen/cluster-even-30/s2,cluster,even,30,2,G-RTA-X,3,1,30,0,165.552,17.883,36.536,800.215,7.013,0,3,645,102104,21.837,8071.871,0,0.000,0,2.115,0,0,166.560,3.122,0,0,9600.000,0,0.373,2.080
gen/cluster-even-30/s2,cluster,even,30,2,G-RTA-X,5,1,30,0,157.584,16.189,30.048,1352.665,11.070,1,5,1006,141380,16.871,6321.739,0,0.000,7,0.043,0,0,158.592,3.848,0,0,9600.000,0,0.840,3.704
gen/cluster-even-30/s2,cluster,even,30,2,G-RTA,8,1,30,0,165.840,26.706,75.840,2320.977,18.395,9,8,496,143515,22.176,8080.249,0,0.000,54,0.002,0,0,166.848,7.440,0,0,9600.000,31,1.681,5.184
gen/cluster-even-30/s2,cluster,even,30,2,G-STA,3,1,30,0,165.552,17.883,36.536,800.215,7.013,0,3,645,102104,18.165,6378.114,0,0.000,0,2.115,0,0,166.560,2.602,0,0,9600.000,0,0.373,2.080
gen/cluster-even-30/s2,cluster,even,30,2,G-CBBA,3,1,30,0,164.048,17.795,40.248,836.632,6.970,0,3,731,120232,6.123,4055.540,0,0.000,0,1.591,0,0,165.144,1.389,0,0,9600.000,0,0.420,2.336
gen/cluster-even-30/s2,cluster,even,30,2,G-STA,5,1,30,0,157.584,16.189,30.048,1352.665,11.070,1,5,1006,141380,17.477,8065.338,0,0.000,7,0.043,0,0,158.592,3.875,0,0,9600.000,0,0.840,3.704
gen/cluster-even-30/s2,cluster,even,30,2,G-RTA-X,8,1,30,0,166.576,17.503,35.288,2424.224,18.565,9,7,1178,185021,18.953,8089.281,0,0.000,19,0.005,0,0,167.584,7.297,0,0,9600.000,31,1.677,5.136
gen/cluster-even-30/s2,cluster,even,30,2,G-CBBA,5,1,30,0,166.096,17.546,37.208,1610.798,11.748,0,5,870,161268,8.009,8068.806,0,0.000,10,0.035,0,0,167.104,3.430,0,0,9600.000,0,1.010,3.648
gen/cluster-even-30/s2,cluster,even,30,2,G-STA,8,1,30,0,166.576,17.503,35.288,2424.224,18.565,9,7,1178,185021,16.442,8089.359,0,0.000,19,0.005,0,0,167.584,6.164,0,0,9600.000,31,1.677,5.136
gen/cluster-even-30/s2,cluster,even,30,2,G-LDTA2,3,1,30,0,165.552,17.883,36.536,800.215,7.013,0,3,645,102104,21.811,12122.896,0,0.000,0,2.115,0,0,166.560,2.941,0,0,9600.000,0,0.373,2.080
gen/cluster-even-30/s2,cluster,even,30,2,G-C,3,1,30,0,166.608,22.668,40.808,789.963,6.866,0,3,556,94173,0.093,24.292,60,0.033,0,1.938,0,0,167.616,1.097,0,0,9600.000,0,0.502,2.400
gen/cluster-even-30/s2,cluster,even,30,2,G-LDTA2,5,1,30,0,157.584,16.189,30.048,1352.665,11.070,1,5,1006,141380,16.350,8066.312,0,0.000,7,0.043,0,0,158.592,3.498,0,0,9600.000,0,0.840,3.704
gen/cluster-even-30/s2,cluster,even,30,2,G-CBBA,8,1,30,0,175.760,22.298,79.208,2666.818,19.736,3,7,963,207945,11.998,20099.263,0,0.000,50,0.006,0,0,177.600,6.553,0,0,9600.000,60,2.757,5.512
gen/cluster-even-30/s2,cluster,even,30,2,G-C,5,1,30,0,160.528,20.500,48.032,1013.397,8.785,0,4,716,121723,0.091,30.733,60,4.086,0,1.373,0,0,163.584,1.872,0,0,9600.000,0,1.026,4.216
gen/cluster-even-30/s3,cluster,even,30,3,S1,1,1,30,0,378.208,129.853,363.208,507.354,5.339,0,1,713,140439,0.222,597.285,30,0.597,0,-1.000,0,0,379.216,0.813,0,0,9600.000,0,0.620,3.816
gen/cluster-even-30/s2,cluster,even,30,2,G-C,8,1,30,0,165.088,19.007,36.544,981.311,9.830,0,4,945,160472,0.087,1286.161,60,0.032,1,0.125,0,0,166.288,2.934,0,0,9600.000,26,1.777,5.160
gen/cluster-even-30/s3,cluster,even,30,3,G-RTA,3,1,30,0,182.096,30.476,99.784,902.750,7.703,0,3,421,96084,26.510,8088.674,0,0.000,3,0.078,0,0,183.104,3.394,0,0,9600.000,0,0.545,2.704
gen/cluster-even-30/s2,cluster,even,30,2,G-LDTA2,8,1,30,0,166.576,17.503,35.288,2424.224,18.565,9,7,1178,185021,23.783,9555.419,0,0.000,19,0.005,0,0,167.584,8.308,0,0,9600.000,31,1.677,5.136
gen/cluster-even-30/s3,cluster,even,30,3,G-RTA,5,1,30,0,164.048,24.150,92.968,1482.077,11.535,1,5,436,111678,24.691,9150.100,0,0.000,22,0.011,0,0,165.216,5.239,0,0,9600.000,0,1.057,4.040
gen/cluster-even-30/s3,cluster,even,30,3,G-RTA-X,3,1,30,0,165.200,23.407,69.792,793.103,6.997,0,3,574,99244,23.773,8070.537,0,0.000,0,3.156,0,0,166.208,3.021,0,0,9600.000,0,0.453,2.616
gen/cluster-even-30/s3,cluster,even,30,3,G-RTA-X,5,1,30,0,157.552,18.298,44.208,1477.639,11.101,0,5,1082,146404,19.793,8779.599,0,0.000,4,0.072,0,0,158.560,4.213,0,0,9600.000,0,0.863,3.872
gen/cluster-even-30/s3,cluster,even,30,3,G-STA,3,1,30,0,165.200,23.407,69.792,793.103,6.997,0,3,574,99244,20.467,8080.294,0,0.000,0,3.156,0,0,166.208,2.518,0,0,9600.000,0,0.453,2.616
gen/cluster-even-30/s3,cluster,even,30,3,G-RTA,8,1,30,0,164.528,29.357,89.320,2470.723,18.355,6,8,505,145223,29.994,8082.403,0,0.000,63,0.003,0,0,166.224,9.636,0,0,9600.000,20,1.746,5.496
gen/cluster-even-30/s3,cluster,even,30,3,G-STA,5,1,30,0,157.552,18.298,44.208,1477.639,11.101,0,5,1082,146404,20.066,8710.209,0,0.000,4,0.072,0,0,158.560,4.296,0,0,9600.000,0,0.863,3.872
gen/cluster-even-30/s3,cluster,even,30,3,G-RTA-X,8,1,30,0,164.112,21.043,48.048,2522.118,18.434,1,8,1316,190331,19.960,8076.977,0,0.000,18,0.013,0,0,165.952,7.290,0,0,9600.000,82,1.931,5.360
gen/cluster-even-30/s3,cluster,even,30,3,G-CBBA,3,1,30,0,169.264,25.700,129.264,876.115,7.244,0,3,729,129467,14.744,8838.789,0,0.000,1,0.447,0,0,171.752,2.660,0,0,9600.000,0,0.481,2.448
gen/cluster-even-30/s3,cluster,even,30,3,G-LDTA2,3,1,30,0,165.200,23.407,69.792,793.103,6.997,0,3,574,99244,26.049,46816.538,0,0.000,0,3.156,0,0,166.208,2.980,0,0,9600.000,0,0.453,2.616
gen/cluster-even-30/s3,cluster,even,30,3,G-CBBA,5,1,30,0,157.968,21.647,63.072,1576.634,11.176,0,5,813,158313,13.807,8794.749,0,0.000,9,0.034,0,0,158.976,4.245,0,0,9600.000,0,1.081,3.936
gen/cluster-even-30/s3,cluster,even,30,3,G-STA,8,1,30,0,164.112,21.043,48.048,2522.118,18.434,1,8,1316,190331,21.605,6477.956,0,0.000,18,0.013,0,0,165.952,7.645,0,0,9600.000,82,1.931,5.360
gen/cluster-even-30/s3,cluster,even,30,3,G-C,3,1,30,0,171.440,30.015,93.024,802.297,7.072,0,3,578,99678,0.098,32.303,60,0.046,0,1.363,0,0,172.448,1.453,0,0,9600.000,0,0.535,2.712
gen/cluster-even-30/s3,cluster,even,30,3,G-CBBA,8,1,30,0,172.528,27.758,58.040,2772.603,19.484,2,6,896,205231,12.954,8085.270,0,0.000,35,0.005,0,0,175.112,6.231,0,0,9600.000,68,2.909,5.496
gen/cluster-even-30/s3,cluster,even,30,3,G-C,5,1,30,0,158.000,23.012,41.104,1097.767,9.970,0,5,711,118384,0.141,4037.675,60,0.043,0,2.423,0,0,159.008,2.181,0,0,9600.000,0,1.000,4.184
gen/cluster-even-30/s4,cluster,even,30,4,S1,1,1,30,0,400.288,139.512,335.288,546.935,5.641,0,1,762,148586,0.199,582.171,30,0.582,0,-1.000,0,0,401.296,0.716,0,0,9600.000,0,0.624,3.600
gen/cluster-even-30/s3,cluster,even,30,3,G-LDTA2,5,1,30,0,157.552,18.298,44.208,1477.639,11.101,0,5,1082,146404,23.341,10274.315,0,0.000,4,0.072,0,0,158.560,4.687,0,0,9600.000,0,0.863,3.872
gen/cluster-even-30/s3,cluster,even,30,3,G-C,8,1,30,0,156.048,25.454,50.184,1287.248,10.866,0,5,930,155135,0.136,4045.422,60,0.045,0,1.617,0,0,157.464,2.859,0,0,9600.000,32,1.693,5.152
gen/cluster-even-30/s4,cluster,even,30,4,G-RTA,3,1,30,0,180.560,27.334,70.560,894.849,7.646,0,3,414,94355,23.061,8077.391,0,0.000,0,1.948,0,0,182.024,3.108,0,0,9600.000,0,0.547,2.688
gen/cluster-even-30/s3,cluster,even,30,3,G-LDTA2,8,1,30,0,164.112,21.043,48.048,2522.118,18.434,1,8,1316,190331,24.521,8082.600,0,0.000,18,0.013,0,0,165.952,8.325,0,0,9600.000,82,1.931,5.360
gen/cluster-even-30/s4,cluster,even,30,4,G-RTA,5,1,30,0,173.456,26.121,63.952,1545.385,12.123,0,5,452,116336,25.489,8447.161,0,0.000,23,0.007,0,0,174.464,5.635,0,0,9600.000,0,1.050,4.016
gen/cluster-even-30/s4,cluster,even,30,4,G-RTA-X,3,1,30,0,183.856,27.237,73.856,867.599,7.759,0,3,665,111790,23.749,8739.838,0,0.000,1,0.464,0,0,184.896,3.328,0,0,9600.000,0,0.417,2.600
gen/cluster-even-30/s4,cluster,even,30,4,G-RTA-X,5,1,30,0,166.480,21.024,44.592,1493.148,11.700,0,5,1320,165360,24.985,8068.422,0,0.000,10,0.068,0,0,167.488,5.503,0,0,9600.000,1,1.229,5.272
gen/cluster-even-30/s4,cluster,even,30,4,G-RTA,8,1,30,0,166.608,29.109,70.448,2447.957,18.449,5,7,491,143400,26.692,10197.743,0,0.000,57,0.009,0,0,167.616,8.749,0,0,9600.000,31,1.704,5.152
gen/cluster-even-30/s4,cluster,even,30,4,G-STA,3,1,30,0,183.856,27.237,73.856,867.599,7.759,0,3,665,111790,24.886,8121.196,0,0.000,1,0.464,0,0,184.896,3.503,0,0,9600.000,0,0.417,2.600
gen/cluster-even-30/s4,cluster,even,30,4,G-CBBA,3,1,30,0,180.464,25.254,67.200,902.070,7.651,0,3,764,135406,11.414,4162.436,0,0.000,1,0.619,0,0,181.816,2.276,0,0,9600.000,0,0.469,2.976
gen/cluster-even-30/s4,cluster,even,30,4,G-RTA-X,8,1,30,0,160.464,21.034,40.448,2420.862,18.201,3,8,1504,191233,19.696,8663.415,0,0.000,23,0.008,0,0,164.496,7.167,0,0,9600.000,89,2.571,5.400
gen/cluster-even-30/s4,cluster,even,30,4,G-STA,5,1,30,0,166.480,21.024,44.592,1493.148,11.700,0,5,1320,165360,23.808,8091.172,0,0.000,10,0.068,0,0,167.488,5.450,0,0,9600.000,1,1.229,5.272
gen/cluster-even-30/s4,cluster,even,30,4,G-CBBA,5,1,30,0,164.144,20.505,31.488,1477.141,11.534,2,5,846,163419,9.990,6536.782,0,0.000,7,0.014,0,0,165.320,3.458,0,0,9600.000,0,1.100,3.864
gen/cluster-even-30/s4,cluster,even,30,4,G-STA,8,1,30,0,160.464,21.034,40.448,2420.862,18.201,3,8,1504,191233,22.483,8139.270,0,0.000,23,0.008,0,0,164.496,8.154,0,0,9600.000,89,2.571,5.400
gen/cluster-even-30/s4,cluster,even,30,4,G-LDTA2,3,1,30,0,183.856,27.237,73.856,867.599,7.759,0,3,665,111790,29.160,17755.629,0,0.000,1,0.464,0,0,184.896,3.690,0,0,9600.000,0,0.417,2.600
gen/cluster-even-30/s4,cluster,even,30,4,G-C,3,1,30,0,186.640,31.775,76.640,912.209,7.709,0,3,606,105471,0.101,28.900,60,0.047,0,2.827,0,0,187.648,1.164,0,0,9600.000,0,0.520,2.776
gen/cluster-even-30/s4,cluster,even,30,4,G-CBBA,8,1,30,0,182.608,30.451,68.384,2782.316,20.587,2,7,955,217434,14.323,8062.744,0,0.000,56,0.013,0,0,185.696,7.614,0,0,9600.000,74,2.892,5.496
gen/cluster-even-30/s4,cluster,even,30,4,G-LDTA2,5,1,30,0,166.480,21.024,44.592,1493.148,11.700,0,5,1320,165360,26.636,12077.651,0,0.000,10,0.068,0,0,167.488,5.591,0,0,9600.000,1,1.229,5.272
gen/cluster-even-30/s4,cluster,even,30,4,G-C,5,1,30,0,166.128,22.697,49.760,1046.127,9.081,0,4,732,123740,0.133,4042.375,60,0.024,0,1.515,0,0,167.136,1.950,0,0,9600.000,0,1.005,4.152
gen/cluster-even-30/s5,cluster,even,30,5,S1,1,1,30,0,380.928,122.487,277.496,517.845,5.376,0,1,706,138787,0.209,686.493,30,0.686,0,-1.000,0,0,381.936,1.071,0,0,9600.000,0,0.573,3.424
gen/cluster-even-30/s4,cluster,even,30,4,G-C,8,1,30,0,164.656,24.962,49.672,1144.772,10.847,0,5,949,161452,0.142,4074.427,60,4.068,0,1.962,0,0,166.312,3.369,0,0,9600.000,32,1.768,5.136
gen/cluster-even-30/s5,cluster,even,30,5,G-RTA,3,1,30,0,180.016,27.178,51.128,943.153,7.659,0,3,409,93770,22.799,8099.088,0,0.000,3,0.038,0,0,181.816,3.103,0,0,9600.000,0,0.523,2.520
gen/cluster-even-30/s4,cluster,even,30,4,G-LDTA2,8,1,30,0,160.464,21.034,40.448,2420.862,18.201,3,8,1504,191233,24.478,8183.761,0,0.000,23,0.008,0,0,164.496,8.140,0,0,9600.000,89,2.571,5.400
gen/cluster-even-30/s5,cluster,even,30,5,G-RTA,5,1,30,0,170.608,21.289,58.800,1619.629,12.053,0,5,438,114199,19.639,15039.359,0,0.000,21,0.008,0,0,172.808,4.555,0,0,9600.000,0,1.048,4.200
gen/cluster-even-30/s5,cluster,even,30,5,G-RTA-X,3,1,30,0,178.704,26.367,57.352,944.445,7.579,0,3,560,102695,24.173,8423.463,0,0.000,0,2.567,0,0,179.712,3.204,0,0,9600.000,0,0.449,2.432
gen/cluster-even-30/s5,cluster,even,30,5,G-RTA-X,5,1,30,0,163.440,19.476,42.112,1451.220,11.525,0,5,1026,147824,19.922,8076.119,0,0.000,12,0.048,0,0,165.048,4.636,0,0,9600.000,0,0.973,4.632
gen/cluster-even-30/s5,cluster,even,30,5,G-STA,3,1,30,0,178.704,26.367,57.352,944.445,7.579,0,3,560,102695,25.837,8095.791,0,0.000,0,2.567,0,0,179.712,3.437,0,0,9600.000,0,0.449,2.432
gen/cluster-even-30/s5,cluster,even,30,5,G-RTA,8,1,30,0,175.504,21.468,40.032,2842.138,19.496,8,8,505,149532,19.438,12602.533,0,0.000,48,0.009,0,0,176.512,7.834,0,0,9600.000,28,1.710,5.152
gen/cluster-even-30/s5,cluster,even,30,5,G-RTA-X,8,1,30,0,165.072,22.610,51.432,2619.481,18.637,4,8,1355,192501,20.770,8089.854,0,0.000,20,0.005,0,0,167.952,7.472,0,0,9600.000,53,1.881,5.512
gen/cluster-even-30/s5,cluster,even,30,5,G-CBBA,3,1,30,0,193.712,30.848,115.960,1052.597,8.255,0,3,814,148407,13.290,16091.322,0,0.000,0,1.390,0,0,194.720,2.609,0,0,9600.000,0,0.524,2.952
gen/cluster-even-30/s5,cluster,even,30,5,G-STA,5,1,30,0,163.440,19.476,42.112,1451.220,11.525,0,5,1026,147824,18.435,4100.857,0,0.000,12,0.048,0,0,165.048,4.229,0,0,9600.000,0,0.973,4.632
gen/cluster-even-30/s5,cluster,even,30,5,G-CBBA,5,1,30,0,162.224,18.355,29.472,1662.321,11.515,0,5,846,158978,8.540,4590.109,0,0.000,6,0.152,0,0,163.696,3.198,0,0,9600.000,0,1.054,3.976
gen/cluster-even-30/s5,cluster,even,30,5,G-LDTA2,3,1,30,0,178.704,26.367,57.352,944.445,7.579,0,3,560,102695,25.432,8076.909,0,0.000,0,2.567,0,0,179.712,3.252,0,0,9600.000,0,0.449,2.432
gen/cluster-even-30/s5,cluster,even,30,5,G-STA,8,1,30,0,165.072,22.610,51.432,2619.481,18.637,4,8,1355,192501,22.332,9350.167,0,0.000,20,0.005,0,0,167.952,7.689,0,0,9600.000,53,1.881,5.512
gen/cluster-even-30/s5,cluster,even,30,5,G-C,3,1,30,0,180.592,30.821,73.736,972.637,7.491,0,3,595,104290,0.107,146.570,60,0.049,0,2.637,0,0,181.816,1.434,0,0,9600.000,0,0.537,2.592
gen/cluster-even-30/s5,cluster,even,30,5,G-LDTA2,5,1,30,0,163.440,19.476,42.112,1451.220,11.525,0,5,1026,147824,19.670,16112.276,0,0.000,12,0.048,0,0,165.048,4.036,0,0,9600.000,0,0.973,4.632
gen/cluster-even-30/s5,cluster,even,30,5,G-CBBA,8,1,30,0,180.464,31.082,110.464,3163.772,20.796,4,7,925,216917,15.464,8116.509,0,0.000,32,0.006,0,0,185.832,7.460,0,0,9600.000,76,2.945,5.424
gen/cluster-static-30/s1,cluster,static,30,1,S1,1,1,30,0,361.792,167.566,361.792,443.175,5.090,0,1,767,148970,0.581,2928.358,30,2.928,0,-1.000,0,0,362.800,0.667,0,0,9600.000,0,1.016,4.848
gen/cluster-even-30/s5,cluster,even,30,5,G-C,5,1,30,0,159.024,22.259,57.088,1193.792,10.025,0,5,713,118695,0.118,3259.020,60,0.026,0,2.928,0,0,160.032,2.154,0,0,9600.000,0,1.029,4.200
gen/cluster-even-30/s5,cluster,even,30,5,G-C,8,1,30,0,162.864,25.154,48.664,1443.513,12.430,0,6,945,161131,0.081,51.699,60,0.045,0,2.711,0,0,165.976,3.366,0,0,9600.000,32,1.750,5.176
gen/cluster-even-30/s5,cluster,even,30,5,G-LDTA2,8,1,30,0,165.072,22.610,51.432,2619.481,18.637,4,8,1355,192501,26.235,8198.474,0,0.000,20,0.005,0,0,167.952,8.533,0,0,9600.000,53,1.881,5.512
gen/cluster-static-30/s1,cluster,static,30,1,G-RTA,3,1,30,0,164.240,81.740,164.240,706.737,6.913,0,3,484,104070,60.916,8127.498,0,0.000,4,0.018,0,0,165.272,5.436,0,0,9600.000,5,1.299,5.064
gen/cluster-static-30/s1,cluster,static,30,1,G-RTA,5,1,30,0,113.408,54.809,113.408,902.980,7.865,0,5,373,88196,53.518,9140.496,0,0.000,4,0.060,0,0,114.416,5.610,0,0,9600.000,16,1.600,5.280
gen/cluster-static-30/s1,cluster,static,30,1,G-RTA-X,3,1,30,0,151.952,76.623,151.952,645.488,6.407,0,3,585,107410,50.778,16103.472,0,0.000,2,0.244,0,0,152.960,4.039,0,0,9600.000,5,1.308,5.064
gen/cluster-static-30/s1,cluster,static,30,1,G-RTA-X,5,1,30,0,113.408,54.857,113.408,824.792,7.880,0,5,559,101075,54.195,11162.605,0,0.000,1,0.199,0,0,114.416,5.690,0,0,9600.000,16,1.608,5.280
gen/cluster-static-30/s1,cluster,static,30,1,G-RTA,8,1,30,0,118.496,63.027,118.496,1454.472,12.953,5,7,414,106271,61.884,9239.590,0,0.000,21,0.002,0,0,119.504,11.017,0,0,9600.000,49,1.959,5.472
gen/cluster-static-30/s1,cluster,static,30,1,G-STA,3,1,30,0,151.952,76.623,151.952,645.488,6.407,0,3,585,107410,69.574,12148.845,0,0.000,2,0.244,0,0,152.960,5.735,0,0,9600.000,5,1.308,5.064
gen/cluster-static-30/s1,cluster,static,30,1,G-RTA-X,8,1,30,0,100.032,57.545,100.032,1223.516,11.293,4,8,705,112468,57.078,12131.310,0,0.000,8,0.012,0,0,104.352,8.789,0,0,9600.000,88,2.492,5.512
gen/cluster-static-30/s1,cluster,static,30,1,G-CBBA,3,1,30,0,158.000,72.708,158.000,691.866,6.676,0,3,717,138438,3.701,4091.886,0,0.000,0,1.597,0,0,159.008,1.633,0,0,9600.000,5,1.192,5.112
gen/cluster-static-30/s1,cluster,static,30,1,G-STA,5,1,30,0,113.408,54.857,113.408,824.792,7.880,0,5,559,101075,56.904,8792.945,0,0.000,1,0.199,0,0,114.416,5.747,0,0,9600.000,16,1.608,5.280
gen/cluster-static-30/s1,cluster,static,30,1,G-CBBA,5,1,30,0,148.272,73.803,148.272,1178.013,10.365,3,5,737,163930,5.600,4158.567,0,0.000,14,0.009,0,0,149.280,2.486,0,0,9600.000,32,2.366,5.344
gen/cluster-static-30/s1,cluster,static,30,1,G-CBBA,8,1,30,0,154.320,77.626,154.320,2213.620,17.292,2,7,740,183722,8.157,8090.143,0,0.000,54,0.004,0,0,156.896,5.416,0,0,9600.000,164,3.163,5.456
gen/cluster-static-30/s1,cluster,static,30,1,G-LDTA2,3,1,30,0,151.952,76.623,151.952,645.488,6.407,0,3,585,107410,67.842,8067.561,0,0.000,2,0.244,0,0,152.960,5.287,0,0,9600.000,5,1.308,5.064
gen/cluster-static-30/s1,cluster,static,30,1,G-STA,8,1,30,0,100.032,57.545,100.032,1223.516,11.293,4,8,705,112468,58.668,9436.628,0,0.000,8,0.012,0,0,104.352,9.197,0,0,9600.000,88,2.492,5.512
gen/cluster-static-30/s1,cluster,static,30,1,G-LDTA2,5,1,30,0,113.408,54.857,113.408,824.792,7.880,0,5,559,101075,60.759,8129.022,0,0.000,1,0.199,0,0,114.416,6.057,0,0,9600.000,16,1.608,5.280
gen/cluster-static-30/s1,cluster,static,30,1,G-C,3,1,30,0,163.024,88.047,163.024,609.353,6.197,0,3,585,111781,0.105,63.378,31,6.000,0,2.477,0,0,164.032,1.314,0,0,9600.000,9,1.235,5.176
gen/cluster-static-30/s2,cluster,static,30,2,S1,1,1,30,0,386.304,207.401,386.304,499.831,5.435,0,1,870,170235,0.392,1641.990,30,1.642,0,-1.000,0,0,387.312,0.817,0,0,9600.000,0,1.194,5.104
gen/cluster-static-30/s1,cluster,static,30,1,G-C,5,1,30,0,122.496,69.377,122.496,723.088,7.480,0,5,563,105501,0.106,43.141,31,6.288,0,2.856,0,0,123.856,1.882,0,0,9600.000,26,1.598,5.224
gen/cluster-static-30/s1,cluster,static,30,1,G-C,8,1,30,0,104.224,62.926,104.224,987.073,10.005,1,8,619,108248,0.133,4042.463,30,0.955,2,0.830,0,0,106.416,2.084,0,0,9600.000,59,2.085,5.296
gen/cluster-static-30/s2,cluster,static,30,2,G-RTA,3,1,30,0,165.264,84.642,165.264,810.859,6.962,0,3,483,105217,59.875,6934.145,0,0.000,1,0.522,0,0,166.272,5.181,0,0,9600.000,5,1.284,5.448
gen/cluster-static-30/s1,cluster,static,30,1,G-LDTA2,8,1,30,0,100.032,57.545,100.032,1223.516,11.293,4,8,705,112468,61.061,9247.372,0,0.000,8,0.012,0,0,104.352,9.273,0,0,9600.000,88,2.492,5.512
gen/cluster-static-30/s2,cluster,static,30,2,G-RTA,5,1,30,0,145.008,72.602,145.008,1287.301,10.089,0,5,459,110164,72.950,12081.858,0,0.000,6,0.001,0,0,146.016,10.101,0,0,9600.000,22,1.559,5.248
gen/cluster-static-30/s2,cluster,static,30,2,G-RTA-X,3,1,30,0,160.688,82.544,160.688,750.750,6.789,0,3,596,112488,83.172,12701.887,0,0.000,0,1.291,0,0,162.248,7.185,0,0,9600.000,5,1.234,5.448
gen/cluster-static-30/s2,cluster,static,30,2,G-RTA-X,5,1,30,0,131.504,69.808,131.504,1040.415,9.232,0,5,610,115695,87.507,12248.341,0,0.000,0,1.144,0,0,133.632,10.294,0,0,9600.000,23,1.553,5.312
gen/cluster-static-30/s2,cluster,static,30,2,G-RTA,8,1,30,0,133.360,73.428,133.360,1907.169,14.821,8,8,489,125154,80.204,12177.329,0,0.000,36,0.003,0,0,135.656,16.277,0,0,9600.000,50,2.198,5.440
gen/cluster-static-30/s2,cluster,static,30,2,G-STA,3,1,30,0,160.688,82.544,160.688,750.750,6.789,0,3,596,112488,81.353,11922.975,0,0.000,0,1.291,0,0,162.248,6.901,0,0,9600.000,5,1.234,5.448
gen/cluster-static-30/s2,cluster,static,30,2,G-CBBA,3,1,30,0,172.144,87.813,172.144,863.220,7.278,0,3,772,156310,6.430,8090.637,0,0.000,5,0.024,0,0,173.152,2.692,0,0,9600.000,6,1.323,5.168
gen/cluster-static-30/s2,cluster,static,30,2,G-RTA-X,8,1,30,0,107.808,64.665,107.808,1477.225,11.868,3,8,846,124930,87.194,20063.206,0,0.000,6,0.015,0,0,109.440,13.755,0,0,9600.000,149,1.893,5.440
gen/cluster-static-30/s2,cluster,static,30,2,G-STA,5,1,30,0,131.504,69.808,131.504,1040.415,9.232,0,5,610,115695,83.380,12145.638,0,0.000,0,1.144,0,0,133.632,9.962,0,0,9600.000,23,1.553,5.312
gen/cluster-static-30/s2,cluster,static,30,2,G-CBBA,5,1,30,0,167.600,81.717,167.600,1467.960,11.754,1,5,833,186408,6.877,16063.583,0,0.000,17,0.011,0,0,169.024,4.734,0,0,9600.000,41,2.122,5.464
gen/cluster-static-30/s2,cluster,static,30,2,G-CBBA,8,1,30,0,141.680,80.610,141.680,2127.405,16.062,5,8,709,170247,8.799,12094.973,0,0.000,31,0.008,0,0,145.960,6.300,0,0,9600.000,159,3.353,5.496
gen/cluster-static-30/s2,cluster,static,30,2,G-STA,8,1,30,0,107.808,64.665,107.808,1477.225,11.868,3,8,846,124930,91.748,17088.944,0,0.000,6,0.015,0,0,109.440,14.336,0,0,9600.000,149,1.893,5.440
gen/cluster-static-30/s2,cluster,static,30,2,G-LDTA2,3,1,30,0,160.688,82.544,160.688,750.750,6.789,0,3,596,112488,85.970,13916.030,0,0.000,0,1.291,0,0,162.248,7.140,0,0,9600.000,5,1.234,5.448
gen/cluster-static-30/s2,cluster,static,30,2,G-C,3,1,30,0,180.208,99.359,180.208,792.569,6.961,0,3,641,124831,0.246,4039.994,31,5.188,0,3.407,0,0,182.104,1.905,0,0,9600.000,9,1.343,5.368
gen/cluster-static-30/s2,cluster,static,30,2,G-C,5,1,30,0,134.992,81.670,134.992,980.186,8.353,0,5,615,116087,0.186,4045.300,31,4.652,0,2.790,0,0,136.000,1.904,0,0,9600.000,27,1.516,5.392
gen/cluster-static-30/s2,cluster,static,30,2,G-C,8,1,30,0,114.336,73.680,114.336,1313.849,11.132,0,8,658,119417,0.149,4047.732,31,1.321,1,0.581,0,0,116.336,2.256,0,0,9600.000,86,2.260,5.480
gen/cluster-static-30/s3,cluster,static,30,3,S1,1,1,30,0,373.440,202.811,373.440,497.318,5.268,0,1,848,164121,0.587,3275.083,30,3.275,0,-1.000,0,0,374.448,0.970,0,0,9600.000,0,1.142,5.016
gen/cluster-static-30/s2,cluster,static,30,2,G-LDTA2,5,1,30,0,131.504,69.808,131.504,1040.415,9.232,0,5,610,115695,86.629,20165.345,0,0.000,0,1.144,0,0,133.632,10.352,0,0,9600.000,23,1.553,5.312
gen/cluster-static-30/s3,cluster,static,30,3,G-RTA,3,1,30,0,147.888,79.073,147.888,656.491,6.225,0,3,443,94334,64.375,10237.781,0,0.000,0,2.058,0,0,148.896,4.892,0,0,9600.000,5,1.304,5.208
gen/cluster-static-30/s2,cluster,static,30,2,G-LDTA2,8,1,30,0,107.808,64.665,107.808,1477.225,11.868,3,8,846,124930,69.918,16171.664,0,0.000,6,0.015,0,0,109.440,10.826,0,0,9600.000,149,1.893,5.440
gen/cluster-static-30/s3,cluster,static,30,3,G-RTA,5,1,30,0,141.200,76.371,141.200,1197.181,9.926,6,5,470,110885,64.462,8341.055,0,0.000,17,0.014,0,0,143.568,8.016,0,0,9600.000,20,1.633,5.368
gen/cluster-static-30/s3,cluster,static,30,3,G-RTA-X,3,1,30,0,145.968,78.652,145.968,633.163,6.148,0,3,548,101846,69.172,8169.018,0,0.000,0,1.939,0,0,146.976,5.039,0,0,9600.000,5,1.229,5.224
gen/cluster-static-30/s3,cluster,static,30,3,G-RTA,8,1,30,0,114.784,65.678,114.784,1588.537,12.591,1,8,423,107344,66.660,8997.226,0,0.000,14,0.024,0,0,115.800,11.398,0,0,9600.000,48,2.124,5.448
gen/cluster-static-30/s3,cluster,static,30,3,G-RTA-X,5,1,30,0,126.720,71.401,126.720,937.170,8.824,4,5,699,116773,70.017,16592.897,0,0.000,7,0.006,0,0,127.728,7.594,0,0,9600.000,21,1.562,5.352
gen/cluster-static-30/s3,cluster,static,30,3,G-STA,3,1,30,0,145.968,78.652,145.968,633.163,6.148,0,3,548,101846,64.608,8173.819,0,0.000,0,1.939,0,0,146.976,4.839,0,0,9600.000,5,1.229,5.224
gen/cluster-static-30/s3,cluster,static,30,3,G-CBBA,3,1,30,0,164.272,80.842,164.272,794.373,6.940,0,3,727,146196,2.702,3684.492,0,0.000,0,1.347,0,0,165.336,1.288,0,0,9600.000,6,1.333,5.104
gen/cluster-static-30/s3,cluster,static,30,3,G-RTA-X,8,1,30,0,108.192,63.790,108.192,1446.271,11.908,3,7,774,120760,61.197,20103.655,0,0.000,6,0.002,0,0,109.488,9.639,0,0,9600.000,104,2.120,5.440
gen/cluster-static-30/s3,cluster,static,30,3,G-CBBA,5,1,30,0,127.360,65.939,127.360,1100.060,8.924,0,5,650,141341,4.127,8044.961,0,0.000,4,0.017,0,0,129.032,2.596,0,0,9600.000,35,2.206,5.496
gen/cluster-static-30/s3,cluster,static,30,3,G-STA,5,1,30,0,126.720,71.401,126.720,937.170,8.824,4,5,699,116773,68.217,4327.833,0,0.000,7,0.006,0,0,127.728,7.744,0,0,9600.000,21,1.562,5.352
gen/cluster-static-30/s3,cluster,static,30,3,G-CBBA,8,1,30,0,145.968,76.791,145.968,2009.318,16.287,6,6,736,172651,6.900,8096.029,0,0.000,28,0.012,0,0,148.040,4.559,0,0,9600.000,146,3.139,5.464
gen/cluster-static-30/s3,cluster,static,30,3,G-STA,8,1,30,0,108.192,63.790,108.192,1446.271,11.908,3,7,774,120760,60.018,8505.069,0,0.000,6,0.002,0,0,109.488,9.520,0,0,9600.000,104,2.120,5.440
gen/cluster-static-30/s3,cluster,static,30,3,G-LDTA2,3,1,30,0,145.968,78.652,145.968,633.163,6.148,0,3,548,101846,71.054,12129.743,0,0.000,0,1.939,0,0,146.976,5.244,0,0,9600.000,5,1.229,5.224
gen/cluster-static-30/s3,cluster,static,30,3,G-C,3,1,30,0,173.072,95.193,173.072,696.441,6.627,0,3,610,118100,0.094,32.851,31,1.649,0,1.561,0,0,174.200,1.510,0,0,9600.000,9,1.260,5.272
gen/cluster-static-30/s3,cluster,static,30,3,G-C,5,1,30,0,133.872,79.962,133.872,950.635,8.286,0,5,611,114950,0.197,4036.100,31,5.737,0,1.943,0,0,134.880,1.997,0,0,9600.000,27,1.481,5.480
gen/cluster-static-30/s3,cluster,static,30,3,G-C,8,1,30,0,104.288,71.482,104.288,1202.727,10.053,0,8,625,109851,0.143,4038.612,31,4.720,2,0.814,0,0,106.632,1.911,0,0,9600.000,74,2.181,5.512
gen/cluster-static-30/s4,cluster,static,30,4,S1,1,1,30,0,321.920,175.594,321.920,387.351,4.546,0,1,740,142911,1.279,7301.377,30,7.301,0,-1.000,0,0,322.928,0.910,0,0,9600.000,0,1.155,4.856
gen/cluster-static-30/s3,cluster,static,30,3,G-LDTA2,5,1,30,0,126.720,71.401,126.720,937.170,8.824,4,5,699,116773,77.465,12269.884,0,0.000,7,0.006,0,0,127.728,8.526,0,0,9600.000,21,1.562,5.352
gen/cluster-static-30/s4,cluster,static,30,4,G-RTA,3,1,30,0,151.056,70.477,151.056,620.627,6.360,2,3,439,94956,58.441,12491.221,0,0.000,4,0.091,0,0,152.064,4.706,0,0,9600.000,4,1.225,5.416
gen/cluster-static-30/s3,cluster,static,30,3,G-LDTA2,8,1,30,0,108.192,63.790,108.192,1446.271,11.908,3,7,774,120760,62.818,8365.495,0,0.000,6,0.002,0,0,109.488,9.918,0,0,9600.000,104,2.120,5.440
gen/cluster-static-30/s4,cluster,static,30,4,G-RTA,5,1,30,0,132.880,68.462,132.880,927.048,9.264,8,4,443,104188,65.363,8410.748,0,0.000,13,0.001,0,0,133.888,7.638,0,0,9600.000,19,1.632,5.432
gen/cluster-static-30/s4,cluster,static,30,4,G-RTA-X,3,1,30,0,134.928,66.202,134.928,512.910,5.685,0,3,520,94433,60.742,9513.172,0,0.000,1,0.324,0,0,135.936,4.277,0,0,9600.000,4,1.221,5.416
gen/cluster-static-30/s4,cluster,static,30,4,G-RTA-X,5,1,30,0,116.352,61.956,116.352,787.204,8.087,2,5,627,106325,70.764,8194.387,0,0.000,7,0.023,0,0,117.360,7.273,0,0,9600.000,21,1.565,5.208
gen/cluster-static-30/s4,cluster,static,30,4,G-STA,3,1,30,0,134.928,66.202,134.928,512.910,5.685,0,3,520,94433,72.228,5081.832,0,0.000,1,0.324,0,0,135.936,5.115,0,0,9600.000,4,1.221,5.416
gen/cluster-static-30/s4,cluster,static,30,4,G-RTA,8,1,30,0,118.976,70.023,118.976,1519.172,13.119,6,8,426,109714,72.810,8328.685,0,0.000,28,0.003,0,0,120.656,12.822,0,0,9600.000,60,2.030,5.472
gen/cluster-static-30/s4,cluster,static,30,4,G-RTA-X,8,1,30,0,100.032,56.649,100.032,1182.111,11.313,4,8,767,116771,56.505,8143.770,0,0.000,12,0.001,0,0,104.352,8.695,0,0,9600.000,82,2.231,5.328
gen/cluster-static-30/s4,cluster,static,30,4,G-CBBA,3,1,30,0,153.360,74.714,153.360,700.328,6.481,0,3,698,140077,6.216,7582.011,0,0.000,0,2.550,0,0,154.368,1.917,0,0,9600.000,5,1.365,5.416
gen/cluster-static-30/s4,cluster,static,30,4,G-CBBA,5,1,30,0,145.392,68.066,145.392,1255.114,10.192,1,5,701,162110,4.919,4203.312,0,0.000,24,0.026,0,0,146.400,2.838,0,0,9600.000,34,2.242,5.440
gen/cluster-static-30/s4,cluster,static,30,4,G-STA,5,1,30,0,116.352,61.956,116.352,787.204,8.087,2,5,627,106325,69.880,10649.205,0,0.000,7,0.023,0,0,117.360,7.141,0,0,9600.000,21,1.565,5.208
gen/cluster-static-30/s4,cluster,static,30,4,G-CBBA,8,1,30,0,123.680,64.835,123.680,1532.201,13.849,12,8,636,147545,8.831,8070.239,0,0.000,38,0.003,0,0,126.520,4.314,0,0,9600.000,121,3.180,5.504
gen/cluster-static-30/s4,cluster,static,30,4,G-STA,8,1,30,0,100.032,56.649,100.032,1182.111,11.313,4,8,767,116771,53.823,11308.541,0,0.000,12,0.001,0,0,104.352,8.414,0,0,9600.000,82,2.231,5.328
gen/cluster-static-30/s4,cluster,static,30,4,G-C,3,1,30,0,164.688,92.248,164.688,664.142,6.289,0,3,593,113818,0.103,134.159,31,4.840,0,3.553,0,0,165.696,1.477,0,0,9600.000,9,1.282,5.168
gen/cluster-static-30/s4,cluster,static,30,4,G-LDTA2,3,1,30,0,134.928,66.202,134.928,512.910,5.685,0,3,520,94433,62.979,9382.626,0,0.000,1,0.324,0,0,135.936,4.441,0,0,9600.000,4,1.221,5.416
gen/cluster-static-30/s4,cluster,static,30,4,G-C,5,1,30,0,116.768,69.867,116.768,705.206,7.083,0,5,558,101025,0.109,33.387,31,5.040,2,0.082,0,0,117.776,1.643,0,0,9600.000,28,1.460,5.168
gen/cluster-static-30/s5,cluster,static,30,5,S1,1,1,30,0,348.960,185.906,348.960,422.487,4.911,0,1,786,152702,0.611,2305.036,30,2.305,0,-1.000,0,0,349.968,0.712,0,0,9600.000,0,1.162,5.064
gen/cluster-static-30/s4,cluster,static,30,4,G-C,8,1,30,0,100.576,65.413,100.576,1053.839,9.816,0,8,627,107413,0.165,4043.589,31,1.594,0,1.281,0,0,104.352,2.807,0,0,9600.000,62,2.086,5.400
gen/cluster-static-30/s4,cluster,static,30,4,G-LDTA2,5,1,30,0,116.352,61.956,116.352,787.204,8.087,2,5,627,106325,70.586,12209.892,0,0.000,7,0.023,0,0,117.360,7.196,0,0,9600.000,21,1.565,5.208
gen/cluster-static-30/s4,cluster,static,30,4,G-LDTA2,8,1,30,0,100.032,56.649,100.032,1182.111,11.313,4,8,767,116771,57.852,12612.385,0,0.000,12,0.001,0,0,104.352,8.806,0,0,9600.000,82,2.231,5.328
gen/cluster-static-30/s5,cluster,static,30,5,G-RTA,3,1,30,0,161.616,85.223,161.616,718.191,6.825,2,3,486,105270,75.298,24748.780,0,0.000,3,0.022,0,0,162.624,6.460,0,0,9600.000,5,1.436,5.432
gen/cluster-static-30/s5,cluster,static,30,5,G-RTA,5,1,30,0,124.288,65.704,124.288,976.632,8.645,1,5,409,97414,59.158,12256.641,0,0.000,17,0.014,0,0,125.296,6.596,0,0,9600.000,20,1.604,5.448
gen/cluster-static-30/s5,cluster,static,30,5,G-RTA-X,3,1,30,0,152.208,76.930,152.208,593.911,6.408,0,3,603,108725,70.107,8197.614,0,0.000,1,0.021,0,0,153.216,5.511,0,0,9600.000,5,1.322,5.464
gen/cluster-static-30/s5,cluster,static,30,5,G-RTA-X,5,1,30,0,110.368,61.996,110.368,829.123,7.777,0,5,592,103126,73.784,13963.575,0,0.000,2,0.058,0,0,112.784,7.132,0,0,9600.000,22,1.737,5.272
gen/cluster-static-30/s5,cluster,static,30,5,G-RTA,8,1,30,0,124.064,71.544,124.064,1590.165,13.665,7,8,460,117318,71.877,19996.416,0,0.000,31,0.005,0,0,125.488,12.773,0,0,9600.000,48,2.244,5.440
gen/cluster-static-30/s5,cluster,static,30,5,G-STA,3,1,30,0,152.208,76.930,152.208,593.911,6.408,0,3,603,108725,63.012,13957.666,0,0.000,1,0.021,0,0,153.216,5.052,0,0,9600.000,5,1.322,5.464
gen/cluster-static-30/s5,cluster,static,30,5,G-CBBA,3,1,30,0,152.496,74.822,152.496,689.848,6.447,0,3,676,137196,4.026,4163.597,0,0.000,0,1.856,0,0,153.504,1.438,0,0,9600.000,5,1.352,5.280
gen/cluster-static-30/s5,cluster,static,30,5,G-RTA-X,8,1,30,0,97.952,55.593,97.952,1182.390,10.670,1,8,619,104445,63.463,8165.003,0,0.000,4,0.017,0,0,98.960,9.333,0,0,9600.000,75,2.304,5.504
gen/cluster-static-30/s5,cluster,static,30,5,G-CBBA,5,1,30,0,132.272,68.578,132.272,1179.389,9.304,0,5,667,151446,5.622,8841.775,0,0.000,10,0.010,0,0,133.816,3.059,0,0,9600.000,38,2.272,5.440
gen/cluster-static-30/s5,cluster,static,30,5,G-STA,5,1,30,0,110.368,61.996,110.368,829.123,7.777,0,5,592,103126,63.303,18378.991,0,0.000,2,0.058,0,0,112.784,6.252,0,0,9600.000,22,1.737,5.272
gen/cluster-static-30/s5,cluster,static,30,5,G-CBBA,8,1,30,0,155.568,75.963,155.568,2276.382,17.413,4,7,747,184819,5.619,4127.098,0,0.000,35,0.008,0,0,157.848,4.435,0,0,9600.000,160,3.203,5.512
gen/cluster-static-30/s5,cluster,static,30,5,G-STA,8,1,30,0,97.952,55.593,97.952,1182.390,10.670,1,8,619,104445,65.697,17429.633,0,0.000,4,0.017,0,0,98.960,9.508,0,0,9600.000,75,2.304,5.504
gen/cluster-static-30/s5,cluster,static,30,5,G-C,3,1,30,0,163.120,90.205,163.120,620.412,6.195,0,3,590,113147,0.090,59.021,31,1.264,0,3.175,0,0,164.128,1.012,0,0,9600.000,9,1.278,5.232
gen/cluster-static-30/s5,cluster,static,30,5,G-LDTA2,3,1,30,0,152.208,76.930,152.208,593.911,6.408,0,3,603,108725,67.878,8373.306,0,0.000,1,0.021,0,0,153.216,5.518,0,0,9600.000,5,1.322,5.464
gen/cluster-static-30/s5,cluster,static,30,5,G-C,5,1,30,0,123.392,73.245,123.392,764.474,7.585,0,5,578,107756,0.103,66.345,31,1.990,0,2.415,0,0,125.032,1.308,0,0,9600.000,28,1.543,5.408
gen/cluster-static-30/s5,cluster,static,30,5,G-LDTA2,5,1,30,0,110.368,61.996,110.368,829.123,7.777,0,5,592,103126,68.293,8190.876,0,0.000,2,0.058,0,0,112.784,6.668,0,0,9600.000,22,1.737,5.272
gen/cluster-static-30/s5,cluster,static,30,5,G-C,8,1,30,0,101.536,68.184,101.536,1115.257,9.951,0,8,632,109137,0.185,4037.107,31,4.772,0,2.794,0,0,105.624,2.183,0,0,9600.000,67,2.388,5.408
gen/multicluster-even-30/s1,multicluster,even,30,1,S1,1,1,30,0,410.016,135.003,365.016,639.600,5.800,0,1,759,151110,0.366,4041.182,30,4.041,0,-1.000,0,0,411.024,1.258,0,0,9600.000,0,0.590,3.520
gen/multicluster-even-30/s1,multicluster,even,30,1,G-RTA,3,1,30,0,192.368,27.149,77.432,1079.484,8.128,0,3,425,98409,20.128,8067.881,0,0.000,3,0.086,0,0,193.376,2.935,0,0,9600.000,0,0.508,2.696
gen/cluster-static-30/s5,cluster,static,30,5,G-LDTA2,8,1,30,0,97.952,55.593,97.952,1182.390,10.670,1,8,619,104445,67.539,13429.714,0,0.000,4,0.017,0,0,98.960,9.774,0,0,9600.000,75,2.304,5.504
gen/multicluster-even-30/s1,multicluster,even,30,1,G-RTA-X,3,1,30,0,192.560,27.273,77.432,991.312,8.142,0,3,611,112013,19.603,5427.312,0,0.000,0,2.591,0,0,193.568,3.064,0,0,9600.000,0,0.482,2.776
gen/multicluster-even-30/s1,multicluster,even,30,1,G-RTA,5,1,30,0,175.056,22.398,49.000,1914.866,12.345,0,5,443,115254,21.433,7064.586,0,0.000,17,0.027,0,0,176.064,5.330,0,0,9600.000,0,0.998,3.904
gen/multicluster-even-30/s1,multicluster,even,30,1,G-RTA-X,5,1,30,0,161.680,20.249,42.384,1496.500,11.430,1,5,868,138226,18.008,4269.150,0,0.000,4,0.023,0,0,163.760,3.924,0,0,9600.000,0,0.857,3.928
gen/multicluster-even-30/s1,multicluster,even,30,1,G-RTA,8,1,30,0,171.632,21.892,64.632,2900.642,19.329,2,7,496,148788,21.461,9281.223,0,0.000,36,0.006,0,0,174.392,8.610,0,0,9600.000,26,1.671,5.144
gen/multicluster-even-30/s1,multicluster,even,30,1,G-STA,3,1,30,0,192.560,27.273,77.432,991.312,8.142,0,3,611,112013,24.799,8096.709,0,0.000,0,2.591,0,0,193.568,3.781,0,0,9600.000,0,0.482,2.776
gen/multicluster-even-30/s1,multicluster,even,30,1,G-STA,5,1,30,0,161.680,20.249,42.384,1496.500,11.430,1,5,868,138226,20.454,8103.593,0,0.000,4,0.023,0,0,163.760,4.569,0,0,9600.000,0,0.857,3.928
gen/multicluster-even-30/s1,multicluster,even,30,1,G-CBBA,3,1,30,0,190.352,28.905,80.352,1071.465,8.118,0,3,798,144924,16.550,8086.335,0,0.000,0,2.506,0,0,192.032,3.147,0,0,9600.000,0,0.513,2.864
gen/multicluster-even-30/s1,multicluster,even,30,1,G-RTA-X,8,1,30,0,161.904,21.016,46.824,2630.552,18.407,3,8,1189,184770,21.341,14180.342,0,0.000,22,0.001,0,0,165.760,7.759,0,0,9600.000,56,1.863,5.408
gen/multicluster-even-30/s1,multicluster,even,30,1,G-CBBA,5,1,30,0,168.400,19.325,34.504,1718.068,11.904,0,5,871,164579,10.469,8109.462,0,0.000,7,0.032,0,0,169.408,3.947,0,0,9600.000,0,1.108,3.920
gen/multicluster-even-30/s1,multicluster,even,30,1,G-LDTA2,3,1,30,0,192.560,27.273,77.432,991.312,8.142,0,3,611,112013,22.846,8327.447,0,0.000,0,2.591,0,0,193.568,3.361,0,0,9600.000,0,0.482,2.776
gen/multicluster-even-30/s1,multicluster,even,30,1,G-STA,8,1,30,0,161.904,21.016,46.824,2630.552,18.407,3,8,1189,184770,20.354,6151.653,0,0.000,22,0.001,0,0,165.760,7.594,0,0,9600.000,56,1.863,5.408
gen/multicluster-even-30/s1,multicluster,even,30,1,G-C,3,1,30,0,187.152,29.371,77.152,967.612,7.746,0,3,604,105778,0.344,4055.815,60,0.024,0,4.772,0,0,188.160,2.014,0,0,9600.000,0,0.531,2.712
gen/multicluster-even-30/s1,multicluster,even,30,1,G-CBBA,8,1,30,0,171.056,26.707,81.048,3095.741,19.639,4,7,914,206224,15.037,8074.580,0,0.000,28,0.015,0,0,175.960,7.630,0,0,9600.000,63,2.976,5.488
gen/multicluster-even-30/s1,multicluster,even,30,1,G-C,5,1,30,0,168.624,23.420,33.408,1218.436,9.381,0,4,732,124724,0.118,38.976,60,0.024,0,2.989,0,0,169.632,2.581,0,0,9600.000,0,0.961,4.088
gen/multicluster-even-30/s1,multicluster,even,30,1,G-LDTA2,5,1,30,0,161.680,20.249,42.384,1496.500,11.430,1,5,868,138226,27.120,17829.096,0,0.000,4,0.023,0,0,163.760,5.534,0,0,9600.000,0,0.857,3.928
gen/multicluster-even-30/s2,multicluster,even,30,2,S1,1,1,30,0,424.224,148.884,349.688,700.966,6.022,0,1,804,158755,0.339,4042.622,30,4.043,0,-1.000,0,0,425.232,1.265,0,0,9600.000,0,0.639,3.640
gen/multicluster-even-30/s1,multicluster,even,30,1,G-C,8,1,30,0,177.520,27.424,55.408,1334.500,11.034,0,4,977,170710,0.114,4049.475,60,0.033,0,1.212,0,0,178.528,3.220,0,0,9600.000,35,1.716,5.144
gen/multicluster-even-30/s1,multicluster,even,30,1,G-LDTA2,8,1,30,0,161.904,21.016,46.824,2630.552,18.407,3,8,1189,184770,23.401,9366.285,0,0.000,22,0.001,0,0,165.760,7.885,0,0,9600.000,56,1.863,5.408
gen/multicluster-even-30/s2,multicluster,even,30,2,G-RTA,3,1,30,0,196.144,34.284,83.968,1141.349,8.353,0,3,452,103073,22.604,8758.914,0,0.000,4,0.062,0,0,197.152,3.171,0,0,9600.000,0,0.549,2.768
gen/multicluster-even-30/s2,multicluster,even,30,2,G-RTA,5,1,30,0,174.768,20.347,49.200,1865.193,12.318,2,5,444,115089,19.125,17462.746,0,0.000,13,0.009,0,0,175.776,4.712,0,0,9600.000,0,1.036,3.712
gen/multicluster-even-30/s2,multicluster,even,30,2,G-RTA-X,3,1,30,0,190.512,27.266,80.512,1174.583,8.135,0,3,709,117281,21.587,9957.349,0,0.000,0,1.753,0,0,191.920,3.107,0,0,9600.000,0,0.473,2.640
gen/multicluster-even-30/s2,multicluster,even,30,2,G-RTA-X,5,1,30,0,170.320,18.872,40.944,1684.760,12.087,1,5,1007,150427,18.866,8204.863,0,0.000,6,0.020,0,0,172.808,4.574,0,0,9600.000,0,0.961,4.152
gen/multicluster-even-30/s2,multicluster,even,30,2,G-STA,3,1,30,0,190.512,27.266,80.512,1174.583,8.135,0,3,709,117281,22.696,8104.275,0,0.000,0,1.753,0,0,191.920,3.299,0,0,9600.000,0,0.473,2.640
gen/multicluster-even-30/s2,multicluster,even,30,2,G-RTA,8,1,30,0,172.144,23.967,62.416,3147.987,19.335,5,7,500,149170,23.530,8087.528,0,0.000,27,0.011,0,0,174.424,8.920,0,0,9600.000,27,1.713,5.144
gen/multicluster-even-30/s2,multicluster,even,30,2,G-STA,5,1,30,0,170.320,18.872,40.944,1684.760,12.087,1,5,1007,150427,20.294,8072.033,0,0.000,6,0.020,0,0,172.808,4.785,0,0,9600.000,0,0.961,4.152
gen/multicluster-even-30/s2,multicluster,even,30,2,G-CBBA,3,1,30,0,194.064,30.565,91.992,1274.582,8.275,0,3,794,147179,11.779,4155.721,0,0.000,1,0.480,0,0,195.160,2.262,0,0,9600.000,0,0.522,2.928
gen/multicluster-even-30/s2,multicluster,even,30,2,G-RTA-X,8,1,30,0,165.264,20.955,41.488,2817.780,18.465,5,8,1198,185709,19.470,8076.713,0,0.000,12,0.017,0,0,166.272,7.357,0,0,9600.000,49,2.038,5.368
gen/multicluster-even-30/s2,multicluster,even,30,2,G-LDTA2,3,1,30,0,190.512,27.266,80.512,1174.583,8.135,0,3,709,117281,25.245,8267.609,0,0.000,0,1.753,0,0,191.920,3.444,0,0,9600.000,0,0.473,2.640
gen/multicluster-even-30/s2,multicluster,even,30,2,G-CBBA,5,1,30,0,180.816,21.903,48.016,2003.122,12.938,1,5,939,180494,10.988,8071.227,0,0.000,7,0.108,0,0,183.768,3.971,0,0,9600.000,0,1.130,4.040
gen/multicluster-even-30/s2,multicluster,even,30,2,G-STA,8,1,30,0,165.264,20.955,41.488,2817.780,18.465,5,8,1198,185709,22.570,8105.877,0,0.000,12,0.017,0,0,166.272,8.272,0,0,9600.000,49,2.038,5.368
gen/multicluster-even-30/s2,multicluster,even,30,2,G-C,3,1,30,0,191.408,27.778,75.376,1137.081,7.953,0,3,606,107049,0.110,48.439,60,0.040,0,4.334,0,0,192.416,1.543,0,0,9600.000,0,0.513,2.712
gen/multicluster-even-30/s2,multicluster,even,30,2,G-CBBA,8,1,30,0,180.016,26.865,69.120,3531.396,20.794,2,7,951,216357,12.795,8074.624,0,0.000,27,0.003,0,0,185.584,7.302,0,0,9600.000,69,2.889,5.448
gen/multicluster-even-30/s2,multicluster,even,30,2,G-C,5,1,30,0,167.952,22.104,35.608,1227.616,9.220,0,4,732,124693,0.091,25.988,60,0.022,0,1.260,0,0,169.040,2.023,0,0,9600.000,0,1.036,4.040
gen/multicluster-even-30/s2,multicluster,even,30,2,G-LDTA2,5,1,30,0,170.320,18.872,40.944,1684.760,12.087,1,5,1007,150427,23.594,20136.561,0,0.000,6,0.020,0,0,172.808,5.270,0,0,9600.000,0,0.961,4.152
gen/multicluster-even-30/s3,multicluster,even,30,3,S1,1,1,30,0,416.320,163.100,406.320,594.098,5.867,0,1,824,161927,0.250,1004.560,30,1.005,0,-1.000,0,0,417.328,1.133,0,0,9600.000,0,0.726,3.936
gen/multicluster-even-30/s2,multicluster,even,30,2,G-C,8,1,30,0,171.280,22.786,37.592,1349.836,10.978,0,5,962,167639,0.085,101.536,60,0.031,0,1.305,0,0,174.392,2.690,0,0,9600.000,29,1.696,5.136
gen/multicluster-even-30/s2,multicluster,even,30,2,G-LDTA2,8,1,30,0,165.264,20.955,41.488,2817.780,18.465,5,8,1198,185709,27.319,21756.831,0,0.000,12,0.017,0,0,166.272,8.877,0,0,9600.000,49,2.038,5.368
gen/multicluster-even-30/s3,multicluster,even,30,3,G-RTA,3,1,30,0,184.816,33.396,153.960,961.175,7.822,0,3,430,97542,30.088,8103.033,0,0.000,2,0.056,0,0,185.824,4.007,0,0,9600.000,0,0.552,2.688
gen/multicluster-even-30/s3,multicluster,even,30,3,G-RTA,5,1,30,0,162.032,24.344,71.448,1660.051,11.422,0,5,425,109683,22.884,8077.697,0,0.000,10,0.079,0,0,163.616,4.939,0,0,9600.000,0,1.066,4.048
gen/multicluster-even-30/s3,multicluster,even,30,3,G-RTA-X,3,1,30,0,187.728,31.302,148.040,990.572,7.958,0,3,601,110016,28.902,10130.498,0,0.000,0,3.751,0,0,188.736,3.962,0,0,9600.000,0,0.524,2.784
gen/multicluster-even-30/s3,multicluster,even,30,3,G-RTA-X,5,1,30,0,166.000,21.789,72.568,1508.292,11.663,0,5,1037,149337,20.289,7740.475,0,0.000,4,0.035,0,0,167.008,4.480,0,0,9600.000,0,1.178,4.224
gen/multicluster-even-30/s3,multicluster,even,30,3,G-RTA,8,1,30,0,171.792,24.184,49.832,3034.304,19.391,4,8,502,148939,23.050,28934.163,0,0.000,43,0.014,0,0,174.392,8.666,0,0,9600.000,29,1.673,5.136
gen/multicluster-even-30/s3,multicluster,even,30,3,G-STA,3,1,30,0,187.728,31.302,148.040,990.572,7.958,0,3,601,110016,27.802,5043.218,0,0.000,0,3.751,0,0,188.736,3.654,0,0,9600.000,0,0.524,2.784
gen/multicluster-even-30/s3,multicluster,even,30,3,G-STA,5,1,30,0,166.000,21.789,72.568,1508.292,11.663,0,5,1037,149337,21.643,16082.061,0,0.000,4,0.035,0,0,167.008,4.716,0,0,9600.000,0,1.178,4.224
gen/multicluster-even-30/s3,multicluster,even,30,3,G-RTA-X,8,1,30,0,176.208,23.395,46.664,2649.450,19.645,4,8,1371,202260,21.783,8216.795,0,0.000,19,0.010,0,0,177.216,8.262,0,0,9600.000,73,1.968,5.400
gen/multicluster-even-30/s3,multicluster,even,30,3,G-CBBA,3,1,30,0,195.888,37.389,193.168,1196.129,8.316,0,3,831,153843,12.894,4997.126,0,0.000,0,2.095,0,0,196.896,2.583,0,0,9600.000,0,0.545,3.424
gen/multicluster-even-30/s3,multicluster,even,30,3,G-CBBA,5,1,30,0,170.544,21.210,36.904,1918.978,12.144,0,5,881,170342,9.621,4073.149,0,0.000,7,0.238,0,0,172.864,3.486,0,0,9600.000,0,1.139,4.112
gen/multicluster-even-30/s3,multicluster,even,30,3,G-STA,8,1,30,0,176.208,23.395,46.664,2649.450,19.645,4,8,1371,202260,20.019,8284.610,0,0.000,19,0.010,0,0,177.216,7.634,0,0,9600.000,73,1.968,5.400
gen/multicluster-even-30/s3,multicluster,even,30,3,G-LDTA2,3,1,30,0,187.728,31.302,148.040,990.572,7.958,0,3,601,110016,29.065,9056.296,0,0.000,0,3.751,0,0,188.736,3.815,0,0,9600.000,0,0.524,2.784
gen/multicluster-even-30/s3,multicluster,even,30,3,G-C,3,1,30,0,184.336,34.793,109.336,950.588,7.618,0,3,614,107554,0.116,63.550,60,4.102,0,3.612,0,0,185.344,1.820,0,0,9600.000,0,0.576,2.944
gen/multicluster-even-30/s3,multicluster,even,30,3,G-CBBA,8,1,30,0,177.104,23.964,42.536,3160.921,19.949,1,8,953,209124,11.292,8064.005,0,0.000,28,0.008,0,0,178.624,6.436,0,0,9600.000,59,2.827,5.416
gen/multicluster-even-30/s3,multicluster,even,30,3,G-C,5,1,30,0,165.808,24.013,40.048,1383.825,11.003,0,5,734,124621,0.102,25.624,60,0.023,1,0.965,0,0,166.816,2.078,0,0,9600.000,0,1.002,4.192
gen/multicluster-even-30/s3,multicluster,even,30,3,G-LDTA2,5,1,30,0,166.000,21.789,72.568,1508.292,11.663,0,5,1037,149337,24.898,8143.257,0,0.000,4,0.035,0,0,167.008,5.246,0,0,9600.000,0,1.178,4.224
gen/multicluster-even-30/s4,multicluster,even,30,4,S1,1,1,30,0,408.640,141.718,335.000,667.538,5.790,0,1,774,152010,0.267,1089.291,30,1.089,0,-1.000,0,0,409.648,0.990,0,0,9600.000,0,0.651,3.792
gen/multicluster-even-30/s3,multicluster,even,30,3,G-C,8,1,30,0,165.936,24.916,61.208,1293.547,11.512,0,5,963,162559,0.085,585.789,60,0.043,0,3.951,0,0,166.944,3.189,0,0,9600.000,28,1.730,5.152
gen/multicluster-even-30/s4,multicluster,even,30,4,G-RTA,3,1,30,0,201.648,33.728,86.272,1155.148,8.542,0,3,457,104953,30.233,12064.605,0,0.000,1,0.079,0,0,202.656,4.444,0,0,9600.000,0,0.557,2.880
gen/multicluster-even-30/s3,multicluster,even,30,3,G-LDTA2,8,1,30,0,176.208,23.395,46.664,2649.450,19.645,4,8,1371,202260,25.037,8786.953,0,0.000,19,0.010,0,0,177.216,8.861,0,0,9600.000,73,1.968,5.400
gen/multicluster-even-30/s4,multicluster,even,30,4,G-RTA,5,1,30,0,170.448,25.783,55.840,1636.855,12.061,5,5,453,116017,22.613,8089.742,0,0.000,14,0.006,0,0,172.808,5.016,0,0,9600.000,0,1.080,4.016
gen/multicluster-even-30/s4,multicluster,even,30,4,G-RTA-X,3,1,30,0,184.080,30.986,109.080,984.263,7.799,0,3,632,111251,28.182,8682.384,0,0.000,1,0.046,0,0,185.088,3.905,0,0,9600.000,0,0.484,2.872
gen/multicluster-even-30/s4,multicluster,even,30,4,G-RTA-X,5,1,30,0,164.752,20.183,39.168,1467.076,11.567,2,5,1020,147618,19.056,12075.918,0,0.000,8,0.099,0,0,165.760,4.368,0,0,9600.000,0,1.056,4.696
gen/multicluster-even-30/s4,multicluster,even,30,4,G-RTA,8,1,30,0,176.304,27.271,62.648,2998.170,19.592,7,7,507,150509,25.225,8622.799,0,0.000,45,0.014,0,0,177.312,9.528,0,0,9600.000,29,1.658,5.136
gen/multicluster-even-30/s4,multicluster,even,30,4,G-STA,3,1,30,0,184.080,30.986,109.080,984.263,7.799,0,3,632,111251,26.191,8385.667,0,0.000,1,0.046,0,0,185.088,3.452,0,0,9600.000,0,0.484,2.872
gen/multicluster-even-30/s4,multicluster,even,30,4,G-RTA-X,8,1,30,0,168.208,22.154,41.120,2887.227,18.847,7,7,1391,197676,18.487,8162.174,0,0.000,18,0.016,0,0,169.480,6.914,0,0,9600.000,78,1.970,5.376
gen/multicluster-even-30/s4,multicluster,even,30,4,G-STA,5,1,30,0,164.752,20.183,39.168,1467.076,11.567,2,5,1020,147618,21.374,5741.595,0,0.000,8,0.099,0,0,165.760,4.936,0,0,9600.000,0,1.056,4.696
gen/multicluster-even-30/s4,multicluster,even,30,4,G-CBBA,3,1,30,0,195.248,28.651,87.832,1115.141,8.281,0,3,834,147887,12.369,5457.798,0,0.000,0,3.816,0,0,196.256,2.490,0,0,9600.000,0,0.479,3.072
gen/multicluster-even-30/s4,multicluster,even,30,4,G-CBBA,5,1,30,0,168.720,22.717,39.144,1804.676,11.897,0,5,867,167149,10.423,4094.024,0,0.000,3,0.023,0,0,169.728,3.599,0,0,9600.000,0,1.113,4.064
gen/multicluster-even-30/s4,multicluster,even,30,4,G-LDTA2,3,1,30,0,184.080,30.986,109.080,984.263,7.799,0,3,632,111251,28.229,8091.589,0,0.000,1,0.046,0,0,185.088,3.602,0,0,9600.000,0,0.484,2.872
gen/multicluster-even-30/s4,multicluster,even,30,4,G-STA,8,1,30,0,168.208,22.154,41.120,2887.227,18.847,7,7,1391,197676,22.598,8771.756,0,0.000,18,0.016,0,0,169.480,8.293,0,0,9600.000,78,1.970,5.376
gen/multicluster-even-30/s4,multicluster,even,30,4,G-CBBA,8,1,30,0,180.688,29.105,58.960,3252.648,20.635,5,7,941,216776,12.968,9327.908,0,0.000,49,0.001,0,0,185.400,7.258,0,0,9600.000,76,3.066,5.496
gen/multicluster-even-30/s4,multicluster,even,30,4,G-C,3,1,30,0,184.272,31.575,93.048,989.796,7.623,0,3,608,106048,0.227,4052.162,60,0.039,0,5.426,0,0,185.280,1.982,0,0,9600.000,0,0.568,3.024
gen/multicluster-even-30/s4,multicluster,even,30,4,G-LDTA2,5,1,30,0,164.752,20.183,39.168,1467.076,11.567,2,5,1020,147618,23.339,8948.600,0,0.000,8,0.099,0,0,165.760,4.976,0,0,9600.000,0,1.056,4.696
gen/multicluster-even-30/s5,multicluster,even,30,5,S1,1,1,30,0,392.448,136.460,368.376,531.091,5.533,0,1,747,147204,0.211,573.385,30,0.573,0,-1.000,0,0,393.456,1.136,0,0,9600.000,0,0.642,3.832
gen/multicluster-even-30/s4,multicluster,even,30,4,G-C,5,1,30,0,162.832,22.662,43.640,1339.468,10.566,0,5,719,121942,0.113,39.521,60,0.029,0,1.096,0,0,163.840,2.091,0,0,9600.000,0,0.955,4.040
gen/multicluster-even-30/s4,multicluster,even,30,4,G-C,8,1,30,0,167.344,23.703,57.112,1178.307,10.834,0,5,954,162547,0.115,4092.618,60,0.032,1,0.784,0,0,169.464,3.290,0,0,9600.000,31,1.666,5.104
gen/multicluster-even-30/s5,multicluster,even,30,5,G-RTA,3,1,30,0,180.112,26.958,90.136,894.108,7.635,0,3,410,94300,26.206,4361.779,0,0.000,1,0.017,0,0,181.816,3.483,0,0,9600.000,0,0.524,2.696
gen/multicluster-even-30/s4,multicluster,even,30,4,G-LDTA2,8,1,30,0,168.208,22.154,41.120,2887.227,18.847,7,7,1391,197676,26.830,11889.342,0,0.000,18,0.016,0,0,169.480,9.055,0,0,9600.000,78,1.970,5.376
gen/multicluster-even-30/s5,multicluster,even,30,5,G-RTA,5,1,30,0,170.672,21.667,55.672,1596.561,12.050,4,5,447,115442,22.114,13288.325,0,0.000,13,0.007,0,0,172.808,5.205,0,0,9600.000,0,1.075,3.896
gen/multicluster-even-30/s5,multicluster,even,30,5,G-RTA-X,3,1,30,0,177.680,26.179,84.304,858.504,7.516,0,3,559,103074,24.622,20143.528,0,0.000,0,1.940,0,0,178.688,3.234,0,0,9600.000,0,0.497,2.744
gen/multicluster-even-30/s5,multicluster,even,30,5,G-RTA-X,5,1,30,0,155.792,17.151,29.104,1447.549,10.977,0,5,990,140997,19.020,8056.651,0,0.000,1,0.005,0,0,157.128,4.146,0,0,9600.000,0,0.695,4.088
gen/multicluster-even-30/s5,multicluster,even,30,5,G-STA,3,1,30,0,177.680,26.179,84.304,858.504,7.516,0,3,559,103074,24.138,5065.440,0,0.000,0,1.940,0,0,178.688,3.295,0,0,9600.000,0,0.497,2.744
gen/multicluster-even-30/s5,multicluster,even,30,5,G-RTA,8,1,30,0,158.896,22.752,59.544,2303.596,17.607,2,6,460,134943,23.877,23896.122,0,0.000,45,0.009,0,0,159.904,8.132,0,0,9600.000,29,1.644,5.144
gen/multicluster-even-30/s5,multicluster,even,30,5,G-STA,5,1,30,0,155.792,17.151,29.104,1447.549,10.977,0,5,990,140997,18.161,9729.822,0,0.000,1,0.005,0,0,157.128,4.164,0,0,9600.000,0,0.695,4.088
gen/multicluster-even-30/s5,multicluster,even,30,5,G-CBBA,3,1,30,0,174.224,26.824,79.200,928.666,7.406,0,3,754,134606,13.803,4444.922,0,0.000,0,3.003,0,0,175.232,2.575,0,0,9600.000,0,0.500,2.568
gen/multicluster-even-30/s5,multicluster,even,30,5,G-RTA-X,8,1,30,0,163.024,20.760,36.304,2679.624,18.450,2,7,1391,193164,21.432,12075.834,0,0.000,19,0.012,0,0,165.792,8.159,0,0,9600.000,76,2.035,5.360
gen/multicluster-even-30/s5,multicluster,even,30,5,G-CBBA,5,1,30,0,166.640,19.263,35.288,1579.045,11.764,1,5,865,163960,10.807,9649.249,0,0.000,5,0.020,0,0,167.648,3.925,0,0,9600.000,0,1.117,3.952
gen/multicluster-even-30/s5,multicluster,even,30,5,G-LDTA2,3,1,30,0,177.680,26.179,84.304,858.504,7.516,0,3,559,103074,24.891,6179.931,0,0.000,0,1.940,0,0,178.688,3.155,0,0,9600.000,0,0.497,2.744
gen/multicluster-even-30/s5,multicluster,even,30,5,G-STA,8,1,30,0,163.024,20.760,36.304,2679.624,18.450,2,7,1391,193164,22.924,8255.745,0,0.000,19,0.012,0,0,165.792,8.068,0,0,9600.000,76,2.035,5.360
gen/multicluster-even-30/s5,multicluster,even,30,5,G-CBBA,8,1,30,0,176.624,25.033,48.472,2814.803,19.850,4,8,939,208804,11.357,22136.422,0,0.000,58,0.011,0,0,178.688,6.686,0,0,9600.000,64,2.914,5.480
gen/multicluster-even-30/s5,multicluster,even,30,5,G-C,3,1,30,0,173.840,28.903,63.776,859.986,7.175,0,3,581,100420,0.179,4038.104,60,0.050,0,2.954,0,0,174.848,1.612,0,0,9600.000,0,0.526,2.736
gen/multicluster-even-30/s5,multicluster,even,30,5,G-LDTA2,5,1,30,0,155.792,17.151,29.104,1447.549,10.977,0,5,990,140997,19.884,8083.753,0,0.000,1,0.005,0,0,157.128,4.084,0,0,9600.000,0,0.695,4.088
gen/multicluster-even-30/s5,multicluster,even,30,5,G-C,5,1,30,0,157.680,20.573,46.968,1036.718,9.235,0,5,708,117884,0.096,47.136,60,0.032,0,3.180,0,0,158.688,1.934,0,0,9600.000,0,0.968,3.888
gen/multicluster-static-30/s1,multicluster,static,30,1,S1,1,1,30,0,395.488,211.399,395.488,603.227,5.594,0,1,886,174290,0.694,4943.701,30,4.944,0,-1.000,0,0,396.496,0.948,0,0,9600.000,0,1.150,5.088
gen/multicluster-even-30/s5,multicluster,even,30,5,G-C,8,1,30,0,157.616,21.977,44.216,1210.201,11.477,0,6,934,154887,0.119,4934.490,60,0.048,1,0.548,0,0,158.624,2.865,0,0,9600.000,28,1.731,5.160
gen/multicluster-even-30/s5,multicluster,even,30,5,G-LDTA2,8,1,30,0,163.024,20.760,36.304,2679.624,18.450,2,7,1391,193164,27.651,8898.931,0,0.000,19,0.012,0,0,165.792,9.586,0,0,9600.000,76,2.035,5.360
gen/multicluster-static-30/s1,multicluster,static,30,1,G-RTA,3,1,30,0,179.312,93.505,179.312,1017.590,7.673,1,3,530,116483,63.274,12241.635,0,0.000,3,0.053,0,0,182.032,5.964,0,0,9600.000,5,1.294,5.280
gen/multicluster-static-30/s1,multicluster,static,30,1,G-RTA,5,1,30,0,138.480,70.029,138.480,1401.394,9.684,2,5,441,105058,63.632,8463.566,0,0.000,3,0.018,0,0,139.488,7.787,0,0,9600.000,20,1.577,5.288
gen/multicluster-static-30/s1,multicluster,static,30,1,G-RTA-X,3,1,30,0,176.336,90.574,176.336,1011.934,7.480,0,3,658,123222,69.333,12481.692,0,0.000,0,1.115,0,0,177.344,6.418,0,0,9600.000,5,1.222,5.280
gen/multicluster-static-30/s1,multicluster,static,30,1,G-RTA-X,5,1,30,0,133.456,71.071,133.456,1187.242,9.311,1,5,622,117660,65.770,8211.931,0,0.000,2,0.089,0,0,134.464,7.848,0,0,9600.000,20,1.633,5.448
gen/multicluster-static-30/s1,multicluster,static,30,1,G-RTA,8,1,30,0,146.160,76.699,146.160,2450.772,16.156,3,7,509,132802,65.899,8257.569,0,0.000,21,0.015,0,0,147.168,14.575,0,0,9600.000,55,2.063,5.504
gen/multicluster-static-30/s1,multicluster,static,30,1,G-RTA-X,8,1,30,0,110.816,65.804,110.816,1683.847,12.471,0,8,697,121939,56.372,14758.377,0,0.000,4,0.040,0,0,114.496,9.561,0,0,9600.000,96,2.327,5.408
gen/multicluster-static-30/s1,multicluster,static,30,1,G-STA,3,1,30,0,176.336,90.574,176.336,1011.934,7.480,0,3,658,123222,69.898,11254.811,0,0.000,0,1.115,0,0,177.344,6.434,0,0,9600.000,5,1.222,5.280
gen/multicluster-static-30/s1,multicluster,static,30,1,G-CBBA,3,1,30,0,188.976,93.469,188.976,1046.545,8.020,0,3,815,165973,4.446,8052.575,0,0.000,1,0.514,0,0,190.248,1.693,0,0,9600.000,7,1.263,5.288
gen/multicluster-static-30/s1,multicluster,static,30,1,G-CBBA,5,1,30,0,148.112,76.238,148.112,1410.936,10.396,0,5,719,166748,3.913,8089.501,0,0.000,5,0.025,0,0,149.120,2.520,0,0,9600.000,34,2.364,5.304
gen/multicluster-static-30/s1,multicluster,static,30,1,G-STA,5,1,30,0,133.456,71.071,133.456,1187.242,9.311,1,5,622,117660,77.719,12150.549,0,0.000,2,0.089,0,0,134.464,9.142,0,0,9600.000,20,1.633,5.448
gen/multicluster-static-30/s1,multicluster,static,30,1,G-CBBA,8,1,30,0,155.504,83.399,155.504,2528.434,17.441,7,8,744,183590,8.366,8120.813,0,0.000,28,0.004,0,0,158.080,6.104,0,0,9600.000,160,3.170,5.504
gen/multicluster-static-30/s1,multicluster,static,30,1,G-STA,8,1,30,0,110.816,65.804,110.816,1683.847,12.471,0,8,697,121939,64.706,20968.508,0,0.000,4,0.040,0,0,114.496,10.854,0,0,9600.000,96,2.327,5.408
gen/multicluster-static-30/s1,multicluster,static,30,1,G-LDTA2,3,1,30,0,176.336,90.574,176.336,1011.934,7.480,0,3,658,123222,67.034,20022.309,0,0.000,0,1.115,0,0,177.344,6.117,0,0,9600.000,5,1.222,5.280
gen/multicluster-static-30/s1,multicluster,static,30,1,G-C,3,1,30,0,179.024,100.727,179.024,828.258,6.886,0,3,640,122886,0.109,143.405,31,1.926,0,2.289,0,0,180.032,1.304,0,0,9600.000,9,1.292,5.336
gen/multicluster-static-30/s1,multicluster,static,30,1,G-C,5,1,30,0,139.312,82.922,139.312,972.087,8.839,0,5,627,120972,0.159,4048.765,31,6.158,0,2.301,0,0,142.808,2.372,0,0,9600.000,27,1.499,5.512
gen/multicluster-static-30/s2,multicluster,static,30,2,S1,1,1,30,0,391.264,200.272,391.264,590.503,5.534,0,1,861,168953,0.530,4040.756,30,4.041,0,-1.000,0,0,392.272,1.020,0,0,9600.000,0,1.122,5.096
gen/multicluster-static-30/s1,multicluster,static,30,1,G-C,8,1,30,0,123.744,75.241,123.744,1576.497,12.201,0,8,695,126957,0.149,4049.522,31,4.484,0,2.035,0,0,125.640,2.952,0,0,9600.000,71,2.228,5.448
gen/multicluster-static-30/s1,multicluster,static,30,1,G-LDTA2,5,1,30,0,133.456,71.071,133.456,1187.242,9.311,1,5,622,117660,69.011,8235.244,0,0.000,2,0.089,0,0,134.464,8.100,0,0,9600.000,20,1.633,5.448
gen/multicluster-static-30/s2,multicluster,static,30,2,G-RTA,3,1,30,0,172.464,88.690,172.464,978.519,7.304,0,3,504,110290,60.872,11238.269,0,0.000,1,0.118,0,0,173.472,5.565,0,0,9600.000,5,1.298,5.296
gen/multicluster-static-30/s1,multicluster,static,30,1,G-LDTA2,8,1,30,0,110.816,65.804,110.816,1683.847,12.471,0,8,697,121939,68.366,15086.769,0,0.000,4,0.040,0,0,114.496,11.281,0,0,9600.000,96,2.327,5.408
gen/multicluster-static-30/s2,multicluster,static,30,2,G-RTA-X,3,1,30,0,166.416,87.420,166.416,922.361,7.047,0,3,665,119205,69.429,8684.668,0,0.000,0,3.675,0,0,167.424,5.871,0,0,9600.000,5,1.221,5.296
gen/multicluster-static-30/s2,multicluster,static,30,2,G-RTA,5,1,30,0,176.720,100.380,176.720,1762.443,12.408,3,5,584,138166,73.091,20174.607,0,0.000,24,0.012,0,0,177.728,11.148,0,0,9600.000,23,1.660,5.408
gen/multicluster-static-30/s2,multicluster,static,30,2,G-RTA-X,5,1,30,0,147.280,80.680,147.280,1512.096,10.328,0,5,836,137264,70.631,8322.259,0,0.000,3,0.016,0,0,148.288,9.281,0,0,9600.000,22,1.553,5.240
gen/multicluster-static-30/s2,multicluster,static,30,2,G-RTA,8,1,30,0,148.848,86.349,148.848,2528.655,16.598,0,7,532,136699,74.196,14857.519,0,0.000,31,0.019,0,0,150.816,16.318,0,0,9600.000,54,2.069,5.280
gen/multicluster-static-30/s2,multicluster,static,30,2,G-STA,3,1,30,0,166.416,87.420,166.416,922.361,7.047,0,3,665,119205,76.796,8289.507,0,0.000,0,3.675,0,0,167.424,6.798,0,0,9600.000,5,1.221,5.296
gen/multicluster-static-30/s2,multicluster,static,30,2,G-CBBA,3,1,30,0,172.816,84.440,172.816,978.555,7.325,0,3,765,154321,5.733,8057.133,0,0.000,0,2.364,0,0,174.200,2.201,0,0,9600.000,5,1.256,5.352
gen/multicluster-static-30/s2,multicluster,static,30,2,G-RTA-X,8,1,30,0,117.504,70.898,117.504,1889.059,12.974,0,8,823,129742,67.996,9153.757,0,0.000,3,0.030,0,0,118.512,11.784,0,0,9600.000,126,2.110,5.496
gen/multicluster-static-30/s2,multicluster,static,30,2,G-CBBA,5,1,30,0,163.504,81.881,163.504,1513.641,11.485,2,5,804,184016,5.679,4244.865,0,0.000,11,0.013,0,0,165.032,3.012,0,0,9600.000,39,2.220,5.504
gen/multicluster-static-30/s2,multicluster,static,30,2,G-STA,5,1,30,0,147.280,80.680,147.280,1512.096,10.328,0,5,836,137264,75.476,8640.432,0,0.000,3,0.016,0,0,148.288,9.924,0,0,9600.000,22,1.553,5.240
gen/multicluster-static-30/s2,multicluster,static,30,2,G-CBBA,8,1,30,0,152.752,76.608,152.752,2632.787,17.216,3,7,745,182210,7.357,8158.621,0,0.000,25,0.003,0,0,156.296,4.902,0,0,9600.000,158,3.098,5.512
gen/multicluster-static-30/s2,multicluster,static,30,2,G-STA,8,1,30,0,117.504,70.898,117.504,1889.059,12.974,0,8,823,129742,72.901,16607.457,0,0.000,3,0.030,0,0,118.512,12.617,0,0,9600.000,126,2.110,5.496
gen/multicluster-static-30/s2,multicluster,static,30,2,G-LDTA2,3,1,30,0,166.416,87.420,166.416,922.361,7.047,0,3,665,119205,76.464,8192.245,0,0.000,0,3.675,0,0,167.424,6.455,0,0,9600.000,5,1.221,5.296
gen/multicluster-static-30/s2,multicluster,static,30,2,G-C,3,1,30,0,188.624,106.333,188.624,957.330,7.312,0,3,664,129097,0.235,4632.131,31,5.057,0,3.211,0,0,189.632,1.627,0,0,9600.000,9,1.345,5.512
gen/multicluster-static-30/s2,multicluster,static,30,2,G-C,5,1,30,0,138.992,83.838,138.992,1083.521,8.648,0,5,628,118187,0.118,40.604,31,1.031,0,3.515,0,0,140.000,1.947,0,0,9600.000,28,1.524,5.264
gen/multicluster-static-30/s3,multicluster,static,30,3,S1,1,1,30,0,402.752,195.935,402.752,606.387,5.694,0,1,867,169586,1.019,6846.059,30,6.846,0,-1.000,0,0,403.760,1.352,0,0,9600.000,0,1.067,4.896
gen/multicluster-static-30/s2,multicluster,static,30,2,G-C,8,1,30,0,113.696,76.358,113.696,1462.379,11.132,0,8,676,120091,0.198,4046.591,31,1.027,1,0.930,0,0,116.176,2.853,0,0,9600.000,74,2.262,5.480
gen/multicluster-static-30/s2,multicluster,static,30,2,G-LDTA2,5,1,30,0,147.280,80.680,147.280,1512.096,10.328,0,5,836,137264,83.833,9563.186,0,0.000,3,0.016,0,0,148.288,10.605,0,0,9600.000,22,1.553,5.240
gen/multicluster-static-30/s3,multicluster,static,30,3,G-RTA,3,1,30,0,174.480,92.026,174.480,871.781,7.367,1,3,517,112294,69.673,9795.017,0,0.000,3,0.016,0,0,175.488,6.507,0,0,9600.000,5,1.311,5.264
gen/multicluster-static-30/s2,multicluster,static,30,2,G-LDTA2,8,1,30,0,117.504,70.898,117.504,1889.059,12.974,0,8,823,129742,73.007,8207.046,0,0.000,3,0.030,0,0,118.512,12.270,0,0,9600.000,126,2.110,5.496
gen/multicluster-static-30/s3,multicluster,static,30,3,G-RTA,5,1,30,0,139.632,81.944,139.632,1288.336,9.960,1,5,481,113696,67.897,8177.630,0,0.000,8,0.008,0,0,143.600,8.410,0,0,9600.000,21,1.677,5.368
gen/multicluster-static-30/s3,multicluster,static,30,3,G-RTA-X,3,1,30,0,184.816,95.048,184.816,930.952,7.827,0,3,771,133523,68.100,8138.042,0,0.000,3,0.009,0,0,185.824,6.626,0,0,9600.000,8,1.232,5.440
gen/multicluster-static-30/s3,multicluster,static,30,3,G-RTA,8,1,30,0,126.976,75.154,126.976,1944.790,13.972,4,8,455,117020,67.323,8568.774,0,0.000,15,0.015,0,0,127.984,12.473,0,0,9600.000,53,2.018,5.480
gen/multicluster-static-30/s3,multicluster,static,30,3,G-RTA-X,5,1,30,0,139.312,76.256,139.312,1234.906,9.918,0,5,740,129214,66.402,8144.457,0,0.000,1,0.046,0,0,142.808,8.427,0,0,9600.000,24,1.606,5.264
gen/multicluster-static-30/s3,multicluster,static,30,3,G-RTA-X,8,1,30,0,110.112,64.975,110.112,1558.204,12.455,1,8,773,124945,61.481,49268.561,0,0.000,5,0.023,0,0,114.368,10.160,0,0,9600.000,88,2.367,5.416
gen/multicluster-static-30/s3,multicluster,static,30,3,G-STA,3,1,30,0,184.816,95.048,184.816,930.952,7.827,0,3,771,133523,78.274,11822.299,0,0.000,3,0.009,0,0,185.824,7.518,0,0,9600.000,8,1.232,5.440
gen/multicluster-static-30/s3,multicluster,static,30,3,G-CBBA,3,1,30,0,171.792,80.468,171.792,885.721,7.268,0,3,751,150315,4.069,4158.080,0,0.000,1,0.940,0,0,172.800,1.776,0,0,9600.000,5,1.334,5.128
gen/multicluster-static-30/s3,multicluster,static,30,3,G-STA,5,1,30,0,139.312,76.256,139.312,1234.906,9.918,0,5,740,129214,66.496,15329.589,0,0.000,1,0.046,0,0,142.808,8.347,0,0,9600.000,24,1.606,5.264
gen/multicluster-static-30/s3,multicluster,static,30,3,G-CBBA,5,1,30,0,152.464,76.000,152.464,1303.248,10.701,0,5,740,167770,5.672,8132.003,0,0.000,8,0.069,0,0,153.824,2.975,0,0,9600.000,36,2.146,5.504
gen/multicluster-static-30/s3,multicluster,static,30,3,G-STA,8,1,30,0,110.112,64.975,110.112,1558.204,12.455,1,8,773,124945,67.461,8792.467,0,0.000,5,0.023,0,0,114.368,11.476,0,0,9600.000,88,2.367,5.416
gen/multicluster-static-30/s3,multicluster,static,30,3,G-CBBA,8,1,30,0,146.800,79.177,146.800,2481.019,16.429,2,7,697,174238,9.907,8408.940,0,0.000,26,0.007,0,0,149.312,5.825,0,0,9600.000,153,3.305,5.472
gen/multicluster-static-30/s3,multicluster,static,30,3,G-C,3,1,30,0,190.704,102.314,190.704,959.246,7.407,0,3,660,129495,0.171,4075.719,31,4.965,0,3.170,0,0,191.912,1.587,0,0,9600.000,9,1.247,5.208
gen/multicluster-static-30/s3,multicluster,static,30,3,G-LDTA2,3,1,30,0,184.816,95.048,184.816,930.952,7.827,0,3,771,133523,68.893,8246.551,0,0.000,3,0.009,0,0,185.824,6.477,0,0,9600.000,8,1.232,5.440
gen/multicluster-static-30/s3,multicluster,static,30,3,G-C,5,1,30,0,136.944,80.241,136.944,1127.905,8.525,0,5,615,116183,0.175,4044.232,31,5.427,0,3.130,0,0,137.952,2.412,0,0,9600.000,27,1.450,5.352
gen/multicluster-static-30/s4,multicluster,static,30,4,S1,1,1,30,0,375.296,195.359,375.296,501.307,5.291,0,1,837,162835,0.397,1587.299,30,1.587,0,-1.000,0,0,376.304,0.846,0,0,9600.000,0,1.126,5.056
gen/multicluster-static-30/s3,multicluster,static,30,3,G-C,8,1,30,0,122.304,74.915,122.304,1476.798,12.190,0,8,695,126158,0.139,4040.330,31,4.311,0,1.760,0,0,125.608,2.526,0,0,9600.000,67,1.968,5.480
gen/multicluster-static-30/s3,multicluster,static,30,3,G-LDTA2,5,1,30,0,139.312,76.256,139.312,1234.906,9.918,0,5,740,129214,83.742,10711.041,0,0.000,1,0.046,0,0,142.808,10.424,0,0,9600.000,24,1.606,5.264
gen/multicluster-static-30/s4,multicluster,static,30,4,G-RTA,3,1,30,0,166.256,81.036,166.256,800.229,7.000,0,3,479,104580,66.895,12936.758,0,0.000,4,0.027,0,0,167.264,5.827,0,0,9600.000,4,1.249,5.464
gen/multicluster-static-30/s3,multicluster,static,30,3,G-LDTA2,8,1,30,0,110.112,64.975,110.112,1558.204,12.455,1,8,773,124945,72.175,12177.183,0,0.000,5,0.023,0,0,114.368,11.797,0,0,9600.000,88,2.367,5.416
gen/multicluster-static-30/s4,multicluster,static,30,4,G-RTA,5,1,30,0,135.888,71.686,135.888,1162.523,9.480,2,5,449,106132,63.455,11994.797,0,0.000,9,0.003,0,0,137.048,7.611,0,0,9600.000,19,1.611,5.472
gen/multicluster-static-30/s4,multicluster,static,30,4,G-RTA-X,3,1,30,0,158.896,80.160,158.896,744.746,6.709,0,3,591,110048,53.866,8130.179,0,0.000,3,0.299,0,0,159.904,4.424,0,0,9600.000,4,1.225,5.496
gen/multicluster-static-30/s4,multicluster,static,30,4,G-RTA,8,1,30,0,105.664,61.119,105.664,1355.318,11.555,5,8,385,98968,55.994,8155.413,0,0.000,18,0.014,0,0,106.672,8.597,0,0,9600.000,52,2.054,5.520
gen/multicluster-static-30/s4,multicluster,static,30,4,G-RTA-X,5,1,30,0,119.680,63.322,119.680,921.628,8.543,0,5,570,107686,51.994,10062.862,0,0.000,1,0.596,0,0,123.648,5.794,0,0,9600.000,20,1.668,5.472
gen/multicluster-static-30/s4,multicluster,static,30,4,G-STA,3,1,30,0,158.896,80.160,158.896,744.746,6.709,0,3,591,110048,51.969,16128.639,0,0.000,3,0.299,0,0,159.904,4.332,0,0,9600.000,4,1.225,5.496
gen/multicluster-static-30/s4,multicluster,static,30,4,G-CBBA,3,1,30,0,183.088,88.907,183.088,1001.878,7.763,0,3,801,161260,1.910,215.565,0,0.000,1,0.098,0,0,184.096,1.267,0,0,9600.000,8,1.252,5.512
gen/multicluster-static-30/s4,multicluster,static,30,4,G-RTA-X,8,1,30,0,117.696,63.058,117.696,1627.750,12.959,5,7,882,131623,48.472,27941.136,0,0.000,12,0.002,0,0,118.704,8.517,0,0,9600.000,92,2.115,5.424
gen/multicluster-static-30/s4,multicluster,static,30,4,G-STA,5,1,30,0,119.680,63.322,119.680,921.628,8.543,0,5,570,107686,56.875,20657.722,0,0.000,1,0.596,0,0,123.648,6.128,0,0,9600.000,20,1.668,5.472
gen/multicluster-static-30/s4,multicluster,static,30,4,G-CBBA,5,1,30,0,130.488,70.567,130.488,1126.098,9.214,1,5,652,150129,5.173,2052.266,0,0.000,7,0.040,0,0,132.864,1.922,0,0,9600.000,37,2.384,5.456
gen/multicluster-static-30/s4,multicluster,static,30,4,G-STA,8,1,30,0,117.696,63.058,117.696,1627.750,12.959,5,7,882,131623,45.272,11858.344,0,0.000,12,0.002,0,0,118.704,8.029,0,0,9600.000,92,2.115,5.424
gen/multicluster-static-30/s4,multicluster,static,30,4,G-CBBA,8,1,30,0,148.752,80.537,148.752,2343.116,16.479,6,8,705,174403,6.042,1174.181,0,0.000,30,0.003,0,0,149.832,3.876,0,0,9600.000,163,3.162,5.472
gen/multicluster-static-30/s4,multicluster,static,30,4,G-LDTA2,3,1,30,0,158.896,80.160,158.896,744.746,6.709,0,3,591,110048,53.533,21342.784,0,0.000,3,0.299,0,0,159.904,4.378,0,0,9600.000,4,1.225,5.496
gen/multicluster-static-30/s4,multicluster,static,30,4,G-C,3,1,30,0,180.144,96.757,180.144,880.275,6.974,0,3,633,123096,0.100,34.272,31,6.283,0,3.215,0,0,181.824,1.242,0,0,9600.000,9,1.229,5.224
gen/multicluster-static-30/s4,multicluster,static,30,4,G-C,5,1,30,0,126.464,73.281,126.464,854.425,7.753,0,5,584,108102,0.113,515.342,31,1.271,0,2.299,0,0,127.472,1.301,0,0,9600.000,27,1.456,5.224
gen/multicluster-static-30/s4,multicluster,static,30,4,G-LDTA2,5,1,30,0,119.680,63.322,119.680,921.628,8.543,0,5,570,107686,49.877,17170.811,0,0.000,1,0.596,0,0,123.648,5.328,0,0,9600.000,20,1.668,5.472
gen/multicluster-static-30/s5,multicluster,static,30,5,S1,1,1,30,0,386.080,208.368,386.080,588.930,5.461,0,1,875,170847,0.471,2604.528,30,2.605,0,-1.000,0,0,387.088,0.758,0,0,9600.000,0,1.166,5.136
gen/multicluster-static-30/s4,multicluster,static,30,4,G-C,8,1,30,0,100.800,63.767,100.800,1059.679,9.815,0,8,618,107248,0.106,179.167,31,1.242,0,1.865,0,0,104.656,1.653,0,0,9600.000,64,1.911,5.448
gen/multicluster-static-30/s5,multicluster,static,30,5,G-RTA,3,1,30,0,176.080,96.379,176.080,968.109,7.458,0,3,524,114120,49.181,1719.185,0,0.000,2,0.023,0,0,177.088,4.449,0,0,9600.000,5,1.369,5.336
gen/multicluster-static-30/s4,multicluster,static,30,4,G-LDTA2,8,1,30,0,117.696,63.058,117.696,1627.750,12.959,5,7,882,131623,45.101,8096.996,0,0.000,12,0.002,0,0,118.704,7.830,0,0,9600.000,92,2.115,5.424
gen/multicluster-static-30/s5,multicluster,static,30,5,G-RTA,5,1,30,0,125.568,68.287,125.568,1145.301,8.757,1,5,414,98185,51.047,5161.678,0,0.000,2,0.028,0,0,126.576,5.708,0,0,9600.000,20,1.621,5.344
gen/multicluster-static-30/s5,multicluster,static,30,5,G-RTA-X,3,1,30,0,163.760,93.586,163.760,879.167,6.928,0,3,645,118731,54.037,2307.945,0,0.000,0,1.535,0,0,164.768,4.509,0,0,9600.000,6,1.310,5.336
gen/multicluster-static-30/s5,multicluster,static,30,5,G-RTA,8,1,30,0,130.200,75.782,130.200,2233.615,14.704,2,8,479,123842,50.279,13258.662,0,0.000,16,0.011,0,0,134.392,9.640,0,0,9600.000,50,2.175,5.472
gen/multicluster-static-30/s5,multicluster,static,30,5,G-RTA-X,5,1,30,0,125.152,68.171,125.152,1142.044,8.734,0,5,605,111524,50.346,3155.164,0,0.000,2,0.695,0,0,126.160,5.495,0,0,9600.000,20,1.514,5.344
gen/multicluster-static-30/s5,multicluster,static,30,5,G-STA,3,1,30,0,163.760,93.586,163.760,879.167,6.928,0,3,645,118731,55.261,6214.933,0,0.000,0,1.535,0,0,164.768,4.594,0,0,9600.000,6,1.310,5.336
gen/multicluster-static-30/s5,multicluster,static,30,5,G-RTA-X,8,1,30,0,110.944,67.773,110.944,1684.096,12.476,0,8,665,120718,48.827,12237.836,0,0.000,3,0.084,0,0,114.368,7.951,0,0,9600.000,93,2.333,5.336
gen/multicluster-static-30/s5,multicluster,static,30,5,G-CBBA,3,1,30,0,171.024,85.727,171.024,941.679,7.261,0,3,766,153983,2.928,279.858,0,0.000,0,2.678,0,0,172.288,1.236,0,0,9600.000,5,1.298,5.456
gen/multicluster-static-30/s5,multicluster,static,30,5,G-STA,5,1,30,0,125.152,68.171,125.152,1142.044,8.734,0,5,605,111524,50.074,2320.223,0,0.000,2,0.695,0,0,126.160,5.446,0,0,9600.000,20,1.514,5.344
gen/multicluster-static-30/s5,multicluster,static,30,5,G-CBBA,5,1,30,0,168.272,86.865,168.272,1600.217,11.798,3,5,819,188646,3.143,479.404,0,0.000,16,0.004,0,0,169.280,2.260,0,0,9600.000,35,2.347,5.408
gen/multicluster-static-30/s5,multicluster,static,30,5,G-CBBA,8,1,30,0,152.752,79.908,152.752,2525.552,17.260,1,7,739,180437,5.468,786.425,0,0.000,24,0.004,0,0,156.160,3.717,0,0,9600.000,167,3.096,5.520
gen/multicluster-static-30/s5,multicluster,static,30,5,G-STA,8,1,30,0,110.944,67.773,110.944,1684.096,12.476,0,8,665,120718,47.370,3260.227,0,0.000,3,0.084,0,0,114.368,7.673,0,0,9600.000,93,2.333,5.336
gen/multicluster-static-30/s5,multicluster,static,30,5,G-C,3,1,30,0,190.512,104.179,190.512,905.749,7.394,0,3,661,129857,0.088,23.801,31,1.213,0,2.159,0,0,191.920,1.043,0,0,9600.000,10,1.285,5.304
gen/multicluster-static-30/s5,multicluster,static,30,5,G-LDTA2,3,1,30,0,163.760,93.586,163.760,879.167,6.928,0,3,645,118731,56.333,4035.117,0,0.000,0,1.535,0,0,164.768,4.695,0,0,9600.000,6,1.310,5.336
gen/multicluster-static-30/s5,multicluster,static,30,5,G-C,5,1,30,0,142.416,82.479,142.416,1046.349,8.898,0,5,632,121241,0.109,93.685,31,1.895,0,2.246,0,0,143.736,1.504,0,0,9600.000,28,1.467,5.304
gen/multicluster-static-30/s5,multicluster,static,30,5,G-LDTA2,5,1,30,0,125.152,68.171,125.152,1142.044,8.734,0,5,605,111524,53.331,1910.545,0,0.000,2,0.695,0,0,126.160,5.682,0,0,9600.000,20,1.514,5.344
gen/multicluster-static-30/s5,multicluster,static,30,5,G-C,8,1,30,0,117.472,75.604,117.472,1430.644,11.385,0,8,673,120335,0.126,136.117,31,1.299,0,1.910,0,0,118.480,2.174,0,0,9600.000,74,2.099,5.504
gen/multicluster-static-30/s5,multicluster,static,30,5,G-LDTA2,8,1,30,0,110.944,67.773,110.944,1684.096,12.476,0,8,665,120718,53.223,7428.461,0,0.000,3,0.084,0,0,114.368,8.528,0,0,9600.000,93,2.333,5.336
tree/mixed-3x6/s1,mixed,even,3,1,S1,1,1,3,0,310.664,169.128,270.664,1196.024,4.549,0,1,273,266572,0.088,138.463,3,0.138,0,-1.000,0,0,311.672,0.625,96,0,9600.000,95,2.042,9.768
tree/mixed-3x6/s1,mixed,even,3,1,G-RTA-X,3,1,3,0,154.688,98.731,114.688,1640.206,6.888,0,3,387,170369,132.730,18439.935,0,0.000,2,0.010,0,0,160.000,9.513,96,3,9600.000,184,2.223,11.888
tree/mixed-3x6/s1,mixed,even,3,1,G-RTA,3,1,3,0,189.312,142.677,172.544,1999.118,8.377,0,3,377,206025,143.862,5837.361,0,0.000,0,1.872,0,0,193.560,12.398,96,2,9600.000,220,2.475,13.096
tree/mixed-3x6/s1,mixed,even,3,1,G-RTA,5,1,3,0,132.864,90.155,103.456,2236.673,9.576,0,5,333,148811,135.838,6122.512,0,0.000,1,0.204,0,0,135.656,14.156,96,12,9600.000,168,2.637,13.768
tree/mixed-3x6/s1,mixed,even,3,1,G-RTA-X,5,1,3,0,132.288,91.624,118.336,2155.997,9.413,0,5,450,150701,129.978,3603.114,0,0.000,1,0.398,0,0,133.736,13.461,96,3,9600.000,263,2.679,14.120
tree/mixed-3x6/s1,mixed,even,3,1,G-RTA,8,1,3,0,128.744,81.293,88.744,3240.462,14.841,0,7,364,151620,142.006,13761.064,0,0.000,2,0.261,0,0,134.008,24.030,96,3,9600.000,239,3.099,14.344
tree/mixed-3x6/s1,mixed,even,3,1,G-STA,3,1,3,0,147.840,95.509,107.840,1514.964,6.386,0,3,423,152783,150.912,18254.709,0,0.000,0,3.392,0,0,148.848,10.037,96,0,9600.000,121,2.054,11.896
tree/mixed-3x6/s1,mixed,even,3,1,G-CBBA,3,1,3,0,182.832,137.461,182.832,2009.620,8.073,0,3,501,217755,34.110,7518.801,0,0.000,0,2.946,0,0,186.552,4.005,96,2,9600.000,298,2.843,14.576
tree/mixed-3x6/s1,mixed,even,3,1,G-CBBA,5,1,3,0,129.152,99.115,116.544,1927.302,9.291,0,5,445,155946,31.425,5051.011,0,0.000,0,2.678,0,0,132.136,4.540,96,3,9600.000,244,3.432,13.552
tree/mixed-3x6/s1,mixed,even,3,1,G-RTA-X,8,1,3,0,118.176,87.200,118.176,2886.912,13.681,0,8,564,147544,151.237,5981.147,0,0.000,6,0.316,0,0,123.864,23.469,96,8,9600.000,386,3.372,14.376
tree/mixed-3x6/s1,mixed,even,3,1,G-STA,5,1,3,0,126.272,88.104,99.424,2264.729,9.208,0,5,400,148039,145.625,20337.479,0,0.000,0,2.802,0,0,130.624,14.527,96,3,9600.000,268,2.547,14.120
tree/mixed-3x6/s1,mixed,even,3,1,G-CBBA,8,1,3,0,175.640,122.840,140.688,4025.243,20.191,0,8,621,214727,19.701,3179.086,0,0.000,8,0.117,0,0,180.760,7.984,96,23,9600.000,645,4.077,14.728
tree/mixed-3x6/s1,mixed,even,3,1,G-LDTA2,3,1,3,0,211.048,166.656,211.048,2146.118,9.235,0,3,544,233405,68.479,4286.008,0,0.000,0,3.943,0,0,213.992,7.423,96,0,9600.000,287,2.203,12.728
tree/mixed-3x6/s2,mixed,even,3,2,S1,1,1,3,0,320.384,191.152,300.384,1201.494,4.695,0,1,310,234000,0.083,129.480,3,0.129,0,-1.000,0,0,322.664,0.624,90,0,9600.000,74,1.516,9.608
tree/mixed-3x6/s1,mixed,even,3,1,G-STA,8,1,3,0,113.504,83.027,110.888,2797.731,12.841,0,8,529,139118,152.435,5960.273,0,0.000,2,0.382,0,0,116.808,22.319,96,7,9600.000,339,3.537,14.152
tree/mixed-3x6/s1,mixed,even,3,1,G-LDTA2,5,1,3,0,147.648,109.307,147.648,2490.186,10.711,0,5,446,171776,76.781,4275.459,0,0.000,1,0.412,0,0,151.552,9.991,96,0,9600.000,303,2.595,14.208
tree/mixed-3x6/s2,mixed,even,3,2,G-RTA,3,1,3,0,180.680,128.419,180.680,1680.430,7.868,0,3,363,190934,116.178,13636.837,0,0.000,4,0.547,0,0,183.392,9.809,90,1,9600.000,190,2.291,12.104
tree/mixed-3x6/s2,mixed,even,3,2,G-RTA,5,1,3,0,142.816,96.011,142.816,2304.456,10.488,0,5,305,165327,104.297,5297.085,0,0.000,1,0.111,0,0,148.776,12.401,90,2,9600.000,223,2.947,13.640
tree/mixed-3x6/s1,mixed,even,3,1,G-LDTA2,8,1,3,0,155.336,119.680,155.336,4074.021,17.737,0,8,736,188953,87.803,11983.755,0,0.000,17,0.010,0,0,158.536,19.533,96,17,9600.000,1849,3.868,14.784
tree/mixed-3x6/s2,mixed,even,3,2,G-RTA-X,3,1,3,0,180.752,128.421,180.752,1683.709,7.879,0,3,456,198113,119.859,5443.927,0,0.000,3,0.103,0,0,183.776,10.119,90,4,9600.000,232,2.410,12.760
tree/mixed-3x6/s2,mixed,even,3,2,G-RTA-X,5,1,3,0,147.224,98.237,128.992,2398.583,10.582,0,5,586,177723,113.642,6275.635,0,0.000,1,0.651,0,0,150.136,13.522,90,6,9600.000,319,2.419,13.784
tree/mixed-3x6/s2,mixed,even,3,2,G-STA,3,1,3,0,145.696,85.333,105.696,1463.474,6.314,0,3,403,150209,135.725,2520.668,0,0.000,0,2.755,0,0,147.232,8.975,90,3,9600.000,117,1.966,10.984
tree/mixed-3x6/s2,mixed,even,3,2,G-RTA,8,1,3,0,142.080,91.915,102.080,3393.389,16.272,0,7,374,165573,136.212,23491.809,0,0.000,17,0.055,0,0,146.752,25.470,90,14,9600.000,250,2.965,14.072
tree/mixed-3x6/s2,mixed,even,3,2,G-CBBA,3,1,3,0,152.544,106.749,152.544,1478.636,6.685,0,3,424,180344,34.807,1732.552,0,0.000,0,1.217,0,0,155.976,3.242,90,2,9600.000,235,2.908,13.912
tree/mixed-3x6/s2,mixed,even,3,2,G-CBBA,5,1,3,0,148.000,100.312,125.064,2321.765,10.561,0,5,502,176152,44.908,8497.582,0,0.000,3,0.146,0,0,149.576,6.473,90,11,9600.000,299,3.265,14.544
tree/mixed-3x6/s2,mixed,even,3,2,G-STA,5,1,3,0,153.168,111.589,153.168,2452.259,11.055,0,5,581,182374,121.968,6380.331,0,0.000,1,0.150,0,0,156.216,14.644,90,11,9600.000,284,2.441,13.976
tree/mixed-3x6/s2,mixed,even,3,2,G-RTA-X,8,1,3,0,174.416,114.864,145.088,4070.176,19.839,0,6,809,209313,118.402,16355.408,0,0.000,26,0.013,0,0,177.432,27.046,90,12,9600.000,592,3.580,14.432
tree/mixed-3x6/s2,mixed,even,3,2,G-CBBA,8,1,3,0,150.680,103.408,150.680,3371.225,17.363,0,8,604,184000,22.788,5191.160,0,0.000,4,0.118,0,0,156.048,7.167,90,14,9600.000,431,3.940,14.168
tree/mixed-3x6/s2,mixed,even,3,2,G-LDTA2,3,1,3,0,196.456,162.307,196.456,2151.045,8.541,0,3,610,209854,72.706,5060.397,0,0.000,0,2.755,0,0,198.088,7.252,90,0,9600.000,1061,2.633,11.344
tree/mixed-3x6/s3,mixed,even,3,3,S1,1,1,3,0,310.824,163.933,270.824,1202.919,4.539,0,1,280,256512,0.088,123.639,3,0.124,0,-1.000,0,0,311.832,0.654,88,0,9600.000,87,1.929,9.768
tree/mixed-3x6/s2,mixed,even,3,2,G-STA,8,1,3,0,130.824,78.659,90.824,3100.440,15.127,0,7,677,163096,127.909,11413.538,0,0.000,24,0.192,0,0,136.824,22.169,90,12,9600.000,389,3.181,14.576
tree/mixed-3x6/s2,mixed,even,3,2,G-LDTA2,5,1,3,0,159.840,125.141,136.768,2731.877,11.559,0,5,839,191439,87.965,16196.288,0,0.000,4,0.315,0,0,163.040,12.165,90,3,9600.000,2009,2.566,13.832
tree/mixed-3x6/s3,mixed,even,3,3,G-RTA,3,1,3,0,157.824,109.557,131.104,1621.731,6.922,0,3,313,160544,128.268,7382.230,0,0.000,0,2.211,0,0,161.144,9.438,88,2,9600.000,141,2.067,11.416
tree/mixed-3x6/s3,mixed,even,3,3,G-RTA,5,1,3,0,137.344,97.557,137.344,2145.233,9.828,0,5,320,151402,113.443,3715.121,0,0.000,1,0.062,0,0,139.584,12.443,88,4,9600.000,184,2.708,13.088
tree/mixed-3x6/s2,mixed,even,3,2,G-LDTA2,8,1,3,0,158.672,125.531,129.856,4248.258,18.354,0,8,846,194772,92.486,6093.195,0,0.000,25,0.022,0,0,163.712,20.801,90,31,9600.000,569,3.470,14.544
tree/mixed-3x6/s3,mixed,even,3,3,G-RTA-X,3,1,3,0,130.240,74.315,90.240,1312.053,5.732,0,3,389,131600,124.010,16849.228,0,0.000,0,3.928,0,0,133.792,7.555,88,0,9600.000,77,1.784,11.104
tree/mixed-3x6/s3,mixed,even,3,3,G-STA,3,1,3,0,130.240,74.315,90.240,1312.053,5.732,0,3,389,131589,128.861,5430.019,0,0.000,0,3.928,0,0,133.792,7.867,88,0,9600.000,77,1.784,11.104
tree/mixed-3x6/s3,mixed,even,3,3,G-RTA,8,1,3,0,117.344,88.203,113.568,2823.009,13.489,0,7,332,137596,134.041,26368.244,0,0.000,6,0.389,0,0,122.408,20.929,88,3,9600.000,198,2.889,13.992
tree/mixed-3x6/s3,mixed,even,3,3,G-RTA-X,5,1,3,0,129.600,88.064,94.624,2048.170,9.515,0,5,568,157145,136.923,8806.916,0,0.000,1,0.873,0,0,135.192,14.119,88,0,9600.000,193,2.196,12.960
tree/mixed-3x6/s3,mixed,even,3,3,G-CBBA,3,1,3,0,181.432,140.389,181.432,1649.660,7.909,0,3,550,208054,21.486,1081.169,0,0.000,0,2.318,0,0,184.864,2.837,88,2,9600.000,189,2.561,13.424
tree/mixed-3x6/s3,mixed,even,3,3,G-CBBA,5,1,3,0,133.920,98.933,125.664,2172.066,9.563,0,5,458,159319,56.239,7324.398,0,0.000,3,0.199,0,0,135.528,6.872,88,10,9600.000,255,3.179,14.504
tree/mixed-3x6/s3,mixed,even,3,3,G-RTA-X,8,1,3,0,115.584,78.181,79.840,2714.449,13.255,0,8,612,141885,133.242,10468.105,0,0.000,3,0.467,0,0,120.312,20.140,88,8,9600.000,354,3.135,14.608
tree/mixed-3x6/s3,mixed,even,3,3,G-STA,5,1,3,0,128.640,85.152,88.640,2148.240,9.295,0,5,528,151652,131.675,6300.124,0,0.000,7,0.346,0,0,132.056,13.329,88,5,9600.000,161,2.140,12.728
tree/mixed-3x6/s3,mixed,even,3,3,G-LDTA2,3,1,3,0,158.752,121.397,136.320,1587.635,6.918,0,3,622,164038,81.341,4659.633,0,0.000,0,3.928,0,0,161.032,6.428,88,0,9600.000,1276,2.694,10.960
tree/mixed-3x6/s3,mixed,even,3,3,G-CBBA,8,1,3,0,128.000,91.093,94.432,2817.844,14.564,0,7,497,156636,41.571,4461.257,0,0.000,7,0.085,0,0,132.216,8.926,88,15,9600.000,329,3.797,14.496
tree/mixed-3x6/s4,mixed,even,3,4,S1,1,1,3,0,361.048,282.733,361.048,1323.193,5.255,0,1,300,329722,0.103,128.819,3,0.129,0,-1.000,0,0,362.864,0.811,90,0,9600.000,160,2.169,11.824
tree/mixed-3x6/s3,mixed,even,3,3,G-LDTA2,5,1,3,0,133.120,95.541,98.560,2033.676,9.635,0,5,982,161029,85.412,3674.228,0,0.000,0,3.190,0,0,136.640,9.792,88,3,9600.000,2758,3.129,13.304
tree/mixed-3x6/s3,mixed,even,3,3,G-STA,8,1,3,0,130.784,92.139,117.504,3197.721,15.063,0,8,667,160493,130.081,9535.452,0,0.000,2,0.125,0,0,135.688,22.571,88,6,9600.000,444,3.383,14.424
tree/mixed-3x6/s4,mixed,even,3,4,G-RTA,3,1,3,0,163.712,111.701,123.712,1560.517,7.042,0,3,339,158949,147.558,3600.266,0,0.000,2,0.123,0,0,164.992,10.905,90,1,9600.000,130,1.965,10.864
tree/mixed-3x6/s3,mixed,even,3,3,G-LDTA2,8,1,3,0,147.360,118.997,127.360,3583.911,16.637,0,8,824,177545,88.563,5645.536,0,0.000,4,0.209,0,0,149.440,18.405,88,8,9600.000,1335,3.166,14.264
tree/mixed-3x6/s4,mixed,even,3,4,G-RTA,5,1,3,0,147.800,105.107,133.696,2347.114,10.593,0,5,339,164334,122.759,11701.917,0,0.000,8,0.191,0,0,150.712,14.604,90,5,9600.000,208,2.545,13.744
tree/mixed-3x6/s4,mixed,even,3,4,G-RTA-X,3,1,3,0,173.800,114.947,133.800,1581.340,7.508,0,3,476,181943,141.272,7404.294,0,0.000,3,0.405,0,0,176.200,11.178,90,1,9600.000,162,1.911,10.928
tree/mixed-3x6/s4,mixed,even,3,4,G-RTA,8,1,3,0,129.984,95.853,103.776,3134.461,14.934,0,8,386,151416,133.494,16345.954,0,0.000,24,0.113,0,0,135.456,23.125,90,19,9600.000,226,2.837,14.312
tree/mixed-3x6/s4,mixed,even,3,4,G-RTA-X,5,1,3,0,145.344,89.653,105.344,2287.706,10.426,0,5,534,173676,113.042,3984.692,0,0.000,0,2.834,0,0,148.768,13.134,90,0,9600.000,288,2.558,14.272
tree/mixed-3x6/s4,mixed,even,3,4,G-STA,3,1,3,0,173.344,110.560,133.344,1746.063,7.526,0,3,489,178798,142.167,4532.677,0,0.000,3,0.229,0,0,176.480,11.224,90,2,9600.000,123,1.936,10.928
tree/mixed-3x6/s4,mixed,even,3,4,G-CBBA,3,1,3,0,147.648,101.325,147.648,1438.242,6.322,0,3,433,170397,11.243,791.355,0,0.000,0,3.426,0,0,148.656,1.702,90,0,9600.000,198,2.680,14.728
tree/mixed-3x6/s4,mixed,even,3,4,G-RTA-X,8,1,3,0,124.928,84.797,109.720,2850.756,14.287,0,8,574,152512,118.054,3981.840,0,0.000,5,0.184,0,0,129.992,19.639,90,4,9600.000,378,3.232,14.328
tree/mixed-3x6/s4,mixed,even,3,4,G-CBBA,5,1,3,0,141.408,101.808,139.216,2315.912,10.232,0,5,502,172537,26.889,2618.631,0,0.000,3,0.023,0,0,145.952,4.457,90,12,9600.000,280,3.374,14.408
tree/mixed-3x6/s4,mixed,even,3,4,G-STA,5,1,3,0,158.952,95.555,118.952,2460.760,11.410,0,5,660,189686,140.765,16378.260,0,0.000,5,0.308,0,0,162.024,17.579,90,21,9600.000,235,2.210,13.152
tree/mixed-3x6/s4,mixed,even,3,4,G-CBBA,8,1,3,0,145.568,118.152,139.712,3430.088,16.429,0,6,569,176133,31.651,4749.346,0,0.000,14,0.017,0,0,148.304,8.611,90,32,9600.000,431,4.138,14.728
tree/mixed-3x6/s4,mixed,even,3,4,G-LDTA2,3,1,3,0,207.608,163.155,193.056,2058.771,8.991,0,3,552,224694,64.890,2427.156,0,0.000,0,1.143,0,0,210.328,7.047,90,0,9600.000,231,2.254,13.552
tree/mixed-3x6/s5,mixed,even,3,5,S1,1,1,3,0,343.912,187.976,303.912,1347.704,5.014,0,1,303,289314,0.096,129.658,3,0.130,0,-1.000,0,0,344.920,0.764,92,0,9600.000,102,2.001,9.776
tree/mixed-3x6/s4,mixed,even,3,4,G-STA,8,1,3,0,128.384,97.451,125.744,3047.405,14.288,0,8,630,154598,137.371,7265.396,0,0.000,3,0.293,0,0,129.784,22.245,90,4,9600.000,390,3.609,14.216
tree/mixed-3x6/s4,mixed,even,3,4,G-LDTA2,5,1,3,0,142.976,110.853,121.840,2300.263,10.329,0,5,754,174169,77.096,3215.901,0,0.000,1,0.323,0,0,146.728,9.639,90,2,9600.000,245,2.411,13.824
tree/mixed-3x6/s5,mixed,even,3,5,G-RTA,3,1,3,0,173.760,117.067,133.760,1805.529,7.591,0,3,353,181983,128.618,8128.216,0,0.000,1,0.976,0,0,176.960,10.243,92,0,9600.000,159,2.373,11.744
tree/mixed-3x6/s4,mixed,even,3,4,G-LDTA2,8,1,3,0,117.120,89.536,98.880,2552.633,12.954,0,8,731,140880,83.796,1576.676,0,0.000,8,0.184,0,0,118.208,13.434,90,7,9600.000,1099,3.694,14.560
tree/mixed-3x6/s5,mixed,even,3,5,G-RTA,5,1,3,0,144.608,86.645,104.608,2377.631,10.371,0,5,349,158841,129.755,20371.195,0,0.000,1,0.991,0,0,147.352,14.632,92,9,9600.000,153,2.490,12.744
tree/mixed-3x6/s5,mixed,even,3,5,G-RTA-X,3,1,3,0,173.920,117.195,133.920,1765.275,7.571,0,3,448,188841,138.829,4215.588,0,0.000,0,2.825,0,0,176.656,11.110,92,0,9600.000,190,2.314,11.744
tree/mixed-3x6/s5,mixed,even,3,5,G-RTA-X,5,1,3,0,145.480,94.883,105.480,2434.221,10.446,0,5,471,169204,131.584,7286.806,0,0.000,0,2.411,0,0,148.472,15.042,92,0,9600.000,233,2.471,13.480
tree/mixed-3x6/s5,mixed,even,3,5,G-RTA,8,1,3,0,128.760,80.104,88.760,3127.558,14.637,0,8,339,150621,141.180,64466.426,0,0.000,2,0.347,0,0,132.496,23.505,92,0,9600.000,227,3.083,14.048
tree/mixed-3x6/s5,mixed,even,3,5,G-STA,3,1,3,0,173.760,113.685,133.760,1802.165,7.582,0,3,449,188158,142.869,4731.107,0,0.000,0,3.411,0,0,176.880,11.303,92,0,9600.000,178,2.300,11.000
tree/mixed-3x6/s5,mixed,even,3,5,G-CBBA,3,1,3,0,212.752,172.512,212.752,2160.019,9.286,0,3,608,250122,26.990,2271.080,0,0.000,1,0.976,0,0,216.344,3.910,92,2,9600.000,282,2.669,14.448
tree/mixed-3x6/s5,mixed,even,3,5,G-STA,5,1,3,0,143.136,106.656,134.912,2504.157,10.251,0,5,498,166344,142.633,5181.567,0,0.000,0,1.035,0,0,145.528,15.998,92,3,9600.000,263,2.785,13.920
tree/mixed-3x6/s5,mixed,even,3,5,G-CBBA,5,1,3,0,184.616,152.949,184.616,2938.393,13.256,0,5,569,222181,51.257,3210.120,0,0.000,7,0.650,0,0,187.616,9.297,92,4,9600.000,381,3.459,14.240
tree/mixed-3x6/s5,mixed,even,3,5,G-RTA-X,8,1,3,0,147.088,90.925,107.088,3628.456,16.792,0,8,644,180260,146.264,12698.879,0,0.000,4,0.463,0,0,151.200,27.952,92,4,9600.000,545,3.546,14.624
tree/mixed-3x6/s5,mixed,even,3,5,G-LDTA2,3,1,3,0,203.808,176.149,192.832,2254.323,8.908,0,3,538,216384,75.806,3747.671,0,0.000,0,1.804,0,0,206.952,7.868,92,0,9600.000,207,2.240,11.192
tree/mixed-3x6/s5,mixed,even,3,5,G-CBBA,8,1,3,0,176.224,131.411,139.064,4446.673,20.337,0,6,633,215972,38.234,5247.149,0,0.000,2,0.322,0,0,181.864,12.342,92,8,9600.000,544,4.115,14.000
tree/mixed-6x4-i5/s1,mixed,even,6,1,S1,1,1,6,0,543.400,288.409,528.400,2184.518,7.952,0,1,516,411939,0.105,259.461,6,0.259,0,-1.000,0,0,544.408,1.120,156,0,9600.000,187,1.787,11.216
tree/mixed-3x6/s5,mixed,even,3,5,G-STA,8,1,3,0,145.072,101.765,110.432,3722.075,16.577,0,8,656,178486,144.589,16220.393,0,0.000,1,0.290,0,0,149.752,27.545,92,17,9600.000,521,3.618,14.776
tree/mixed-3x6/s5,mixed,even,3,5,G-LDTA2,5,1,3,0,158.760,125.923,139.200,2660.608,11.409,0,5,571,184947,83.891,5242.887,0,0.000,1,0.954,0,0,161.824,11.481,92,0,9600.000,359,2.435,13.608
tree/mixed-3x6/s5,mixed,even,3,5,G-LDTA2,8,1,3,0,160.512,123.291,125.248,3933.622,18.318,0,8,956,195289,78.898,8257.375,0,0.000,3,0.331,0,0,164.432,18.412,92,1,9600.000,2835,3.835,14.616
tree/mixed-6x4-i5/s1,mixed,even,6,1,G-RTA,3,1,6,0,289.728,205.255,274.728,3210.433,12.672,0,3,594,286922,206.952,7612.996,0,0.000,0,2.740,0,0,292.160,26.504,156,5,9600.000,270,2.138,10.936
tree/mixed-6x4-i5/s1,mixed,even,6,1,G-RTA,5,1,6,0,273.024,182.967,248.024,4974.549,19.853,0,5,606,308842,183.539,20431.120,0,0.000,0,1.554,0,0,277.472,38.597,156,13,9600.000,353,2.768,11.320
tree/mixed-6x4-i5/s1,mixed,even,6,1,G-RTA-X,3,1,6,0,292.576,198.465,277.576,3034.857,12.695,0,3,772,299586,205.045,13420.999,0,0.000,0,3.610,0,0,293.584,26.376,156,0,9600.000,333,2.024,11.216
tree/mixed-6x4-i5/s1,mixed,even,6,1,G-RTA,8,1,6,0,228.544,127.468,203.544,6118.540,26.390,0,8,622,257548,172.836,5496.236,0,0.000,28,0.008,0,0,233.952,50.944,156,56,9600.000,357,3.056,11.224
tree/mixed-6x4-i5/s1,mixed,even,6,1,G-RTA-X,5,1,6,0,218.208,126.241,193.208,3850.310,15.629,0,5,792,251654,172.142,3869.685,0,0.000,9,0.064,0,0,219.480,29.051,156,14,9600.000,340,2.582,11.008
tree/mixed-6x4-i5/s1,mixed,even,6,1,G-STA,3,1,6,0,311.520,199.761,296.520,3321.366,13.530,0,3,802,317936,207.073,18203.787,0,0.000,1,0.195,0,0,312.528,28.529,156,2,9600.000,343,2.184,11.256
tree/mixed-6x4-i5/s1,mixed,even,6,1,G-CBBA,3,1,6,0,272.088,156.933,257.088,3091.687,11.936,0,3,778,315808,38.912,3315.918,0,0.000,5,0.105,0,0,276.032,6.446,156,5,9600.000,334,2.472,11.440
tree/mixed-6x4-i5/s1,mixed,even,6,1,G-STA,5,1,6,0,215.544,131.601,190.544,3560.828,15.473,0,5,684,248155,164.614,10379.812,0,0.000,2,0.871,0,0,217.824,27.303,156,5,9600.000,336,2.664,11.840
tree/mixed-6x4-i5/s1,mixed,even,6,1,G-RTA-X,8,1,6,0,203.904,121.601,178.904,5570.694,23.386,0,8,835,245824,183.243,19960.068,0,0.000,3,0.237,0,0,207.544,48.915,156,33,9600.000,609,3.810,11.488
tree/mixed-6x4-i5/s1,mixed,even,6,1,G-CBBA,5,1,6,0,281.856,157.024,256.856,4590.352,20.268,0,5,948,331813,32.046,5239.693,0,0.000,5,0.074,0,0,283.984,10.508,156,14,9600.000,493,3.117,11.664
tree/mixed-6x4-i5/s1,mixed,even,6,1,G-CBBA,8,1,6,0,215.104,125.520,190.104,5571.771,24.626,0,7,812,259590,34.387,2778.429,0,0.000,4,0.652,0,0,218.704,14.173,156,11,9600.000,573,3.968,11.536
tree/mixed-6x4-i5/s1,mixed,even,6,1,G-LDTA2,3,1,6,0,265.344,193.507,250.344,2903.892,11.497,0,3,794,277997,79.474,18081.492,0,0.000,1,0.645,0,0,266.352,10.741,156,6,9600.000,261,2.245,11.192
tree/mixed-6x4-i5/s2,mixed,even,6,2,S1,1,1,6,0,497.672,369.640,477.672,1988.025,7.308,0,1,475,431070,0.096,197.124,6,0.197,0,-1.000,0,0,500.520,0.986,142,0,9600.000,236,2.248,11.336
tree/mixed-6x4-i5/s1,mixed,even,6,1,G-LDTA2,5,1,6,0,200.128,114.004,175.128,3359.721,14.558,0,5,698,230294,87.906,15699.271,0,0.000,1,0.460,0,0,205.496,15.281,156,3,9600.000,225,2.544,10.952
tree/mixed-6x4-i5/s1,mixed,even,6,1,G-STA,8,1,6,0,212.672,121.079,197.672,5764.618,24.404,0,8,838,257357,178.144,21962.458,0,0.000,8,0.026,0,0,217.048,49.224,156,7,9600.000,622,3.530,11.744
tree/mixed-6x4-i5/s2,mixed,even,6,2,G-RTA,3,1,6,0,264.096,167.717,249.096,3003.871,11.502,0,3,556,252777,180.027,12393.873,0,0.000,2,0.493,0,0,265.176,21.167,142,3,9600.000,199,1.946,10.152
tree/mixed-6x4-i5/s1,mixed,even,6,1,G-LDTA2,8,1,6,0,266.880,185.420,251.880,7141.135,30.395,0,8,1254,317393,78.040,17019.305,0,0.000,9,0.122,0,0,268.192,30.521,156,4,9600.000,2348,3.810,11.760
tree/mixed-6x4-i5/s2,mixed,even,6,2,G-RTA,5,1,6,0,173.312,116.636,158.312,2949.781,12.359,0,5,453,188366,182.659,8629.108,0,0.000,1,0.786,0,0,174.320,24.133,142,1,9600.000,183,2.433,10.768
tree/mixed-6x4-i5/s2,mixed,even,6,2,G-RTA-X,3,1,6,0,222.336,138.099,207.336,2395.304,9.642,0,3,625,219065,188.606,15603.525,0,0.000,3,0.177,0,0,223.344,18.458,142,3,9600.000,189,2.076,10.368
tree/mixed-6x4-i5/s2,mixed,even,6,2,G-RTA,8,1,6,0,191.168,113.161,176.168,5101.812,21.992,0,8,554,210858,197.563,10703.607,0,0.000,7,0.431,0,0,195.712,48.768,142,27,9600.000,244,2.862,11.120
tree/mixed-6x4-i5/s2,mixed,even,6,2,G-RTA-X,5,1,6,0,193.024,136.309,178.024,3115.846,13.819,0,5,702,219460,208.598,8599.449,0,0.000,2,0.067,0,0,194.480,30.260,142,14,9600.000,263,2.398,10.992
tree/mixed-6x4-i5/s2,mixed,even,6,2,G-STA,3,1,6,0,223.520,146.540,208.520,2477.686,9.708,0,3,632,220563,195.323,19206.910,0,0.000,0,2.334,0,0,224.528,19.175,142,0,9600.000,182,1.925,10.368
tree/mixed-6x4-i5/s2,mixed,even,6,2,G-CBBA,3,1,6,0,228.640,177.800,213.640,2431.318,9.915,0,3,682,261448,30.319,2551.511,0,0.000,0,3.044,0,0,229.648,4.546,142,1,9600.000,261,2.570,11.192
tree/mixed-6x4-i5/s2,mixed,even,6,2,G-RTA-X,8,1,6,0,167.712,99.321,152.712,3643.673,18.966,0,7,688,192211,186.946,5461.447,0,0.000,1,0.011,0,0,170.472,39.996,142,17,9600.000,320,2.727,11.224
tree/mixed-6x4-i5/s2,mixed,even,6,2,G-CBBA,5,1,6,0,227.784,157.587,212.784,3906.922,16.394,0,5,751,272609,32.878,2790.088,0,0.000,9,0.080,0,0,229.928,8.282,142,17,9600.000,451,3.567,11.080
tree/mixed-6x4-i5/s2,mixed,even,6,2,G-STA,5,1,6,0,177.952,105.668,162.952,2783.067,12.650,0,5,625,193514,202.953,4002.213,0,0.000,0,3.040,0,0,178.960,27.207,142,1,9600.000,229,2.259,11.296
tree/mixed-6x4-i5/s2,mixed,even,6,2,G-LDTA2,3,1,6,0,262.336,204.623,247.336,2747.087,11.406,0,3,721,268247,67.579,4300.494,0,0.000,0,2.970,0,0,263.344,9.280,142,0,9600.000,245,2.140,10.368
tree/mixed-6x4-i5/s2,mixed,even,6,2,G-CBBA,8,1,6,0,211.648,126.949,196.648,5296.498,24.434,0,8,863,257951,29.916,7937.951,0,0.000,13,0.039,0,0,217.056,12.989,142,29,9600.000,532,3.952,11.200
tree/mixed-6x4-i5/s3,mixed,even,6,3,S1,1,1,6,0,504.872,272.639,489.872,2034.971,7.392,0,1,507,339784,0.121,286.814,6,0.287,0,-1.000,0,0,505.880,1.160,146,0,9600.000,145,1.422,9.584
tree/mixed-6x4-i5/s2,mixed,even,6,2,G-LDTA2,5,1,6,0,186.592,119.095,171.592,3039.660,13.304,0,5,693,206434,73.682,4188.095,0,0.000,8,0.110,0,0,187.600,12.210,142,3,9600.000,221,2.257,10.992
tree/mixed-6x4-i5/s3,mixed,even,6,3,G-RTA,3,1,6,0,286.592,193.593,271.592,3082.348,12.483,0,3,566,290163,155.745,10892.258,0,0.000,0,2.646,0,0,288.216,19.887,146,1,9600.000,277,2.205,10.696
tree/mixed-6x4-i5/s2,mixed,even,6,2,G-LDTA2,8,1,6,0,218.048,139.336,203.048,5213.741,24.686,0,8,1271,257756,69.422,7645.507,0,0.000,17,0.002,0,0,219.368,23.146,142,20,9600.000,2844,3.510,11.320
tree/mixed-6x4-i5/s2,mixed,even,6,2,G-STA,8,1,6,0,186.176,110.716,171.176,4480.182,21.009,0,8,836,216869,209.070,9589.127,0,0.000,10,0.079,0,0,187.560,48.796,142,14,9600.000,395,2.978,11.224
tree/mixed-6x4-i5/s3,mixed,even,6,3,G-RTA,5,1,6,0,220.832,129.540,205.832,4075.495,16.019,0,5,516,248637,158.740,8857.873,0,0.000,6,0.209,0,0,224.056,27.452,146,9,9600.000,265,2.691,10.776
tree/mixed-6x4-i5/s3,mixed,even,6,3,G-RTA-X,3,1,6,0,241.056,155.664,216.056,2428.517,10.642,0,3,633,249990,176.291,16716.093,0,0.000,0,3.464,0,0,246.600,19.267,146,1,9600.000,238,2.074,10.320
tree/mixed-6x4-i5/s3,mixed,even,6,3,G-RTA-X,5,1,6,0,226.992,130.569,211.992,4123.800,16.364,0,5,751,264304,142.597,5405.039,0,0.000,2,0.902,0,0,229.048,25.453,146,9,9600.000,398,2.747,11.152
tree/mixed-6x4-i5/s3,mixed,even,6,3,G-STA,3,1,6,0,230.520,132.341,205.520,2119.211,10.067,0,3,620,231710,179.125,21067.141,0,0.000,0,3.959,0,0,234.176,18.580,146,0,9600.000,170,1.958,10.328
tree/mixed-6x4-i5/s3,mixed,even,6,3,G-RTA,8,1,6,0,196.960,116.096,171.960,5257.067,22.755,0,8,561,226628,171.076,5448.878,0,0.000,3,0.047,0,0,202.400,44.247,146,37,9600.000,322,2.996,11.176
tree/mixed-6x4-i5/s3,mixed,even,6,3,G-CBBA,3,1,6,0,256.544,195.001,241.544,2507.787,11.127,0,3,770,290149,27.473,1233.323,0,0.000,0,1.324,0,0,258.304,4.690,146,0,9600.000,286,2.455,11.072
tree/mixed-6x4-i5/s3,mixed,even,6,3,G-STA,5,1,6,0,189.696,117.388,174.696,3326.748,13.877,0,5,613,225617,162.553,6539.788,0,0.000,2,0.351,0,0,194.784,24.101,146,0,9600.000,358,2.723,10.744
tree/mixed-6x4-i5/s3,mixed,even,6,3,G-RTA-X,8,1,6,0,201.152,111.797,176.152,5247.252,23.139,0,8,916,244127,157.310,23303.649,0,0.000,11,0.060,0,0,205.952,41.256,146,29,9600.000,507,3.360,11.288
tree/mixed-6x4-i5/s3,mixed,even,6,3,G-CBBA,5,1,6,0,260.520,176.400,235.520,3716.278,18.878,0,5,871,308928,39.291,2634.831,0,0.000,2,0.276,0,0,265.800,10.631,146,10,9600.000,401,3.335,10.952
tree/mixed-6x4-i5/s3,mixed,even,6,3,G-CBBA,8,1,6,0,235.136,155.971,210.136,5752.772,26.883,0,8,795,283592,38.726,9098.598,0,0.000,17,0.034,0,0,238.360,16.132,146,24,9600.000,752,4.116,11.448
tree/mixed-6x4-i5/s3,mixed,even,6,3,G-LDTA2,3,1,6,0,280.000,202.887,255.000,3215.807,12.212,0,3,793,290847,70.103,5130.309,0,0.000,0,1.926,0,0,281.824,10.236,146,2,9600.000,329,2.262,10.800
tree/mixed-6x4-i5/s4,mixed,even,6,4,S1,1,1,6,0,608.104,349.793,593.104,2373.482,8.858,0,1,590,430937,0.089,209.845,6,0.210,0,-1.000,0,0,609.112,1.167,156,0,9600.000,202,1.536,11.024
tree/mixed-6x4-i5/s3,mixed,even,6,3,G-LDTA2,5,1,6,0,238.048,150.065,220.456,4217.855,17.088,0,5,921,276820,74.245,5429.249,0,0.000,1,0.570,0,0,239.056,15.410,146,6,9600.000,2319,2.972,11.456
tree/mixed-6x4-i5/s3,mixed,even,6,3,G-STA,8,1,6,0,202.688,106.617,177.688,5119.674,23.291,0,8,867,242148,152.619,17270.566,0,0.000,22,0.037,0,0,207.248,40.029,146,38,9600.000,502,3.522,11.176
tree/mixed-6x4-i5/s3,mixed,even,6,3,G-LDTA2,8,1,6,0,198.232,123.536,183.232,5149.480,22.433,0,8,1012,233786,74.219,9210.338,0,0.000,12,0.014,0,0,199.832,21.593,146,24,9600.000,2001,3.257,11.176
tree/mixed-6x4-i5/s4,mixed,even,6,4,G-RTA,3,1,6,0,289.440,176.657,264.440,3134.458,12.678,0,3,573,293631,195.814,8474.875,0,0.000,1,0.541,0,0,293.904,25.270,156,4,9600.000,241,2.209,12.008
tree/mixed-6x4-i5/s4,mixed,even,6,4,G-RTA,5,1,6,0,288.224,163.309,263.224,5233.049,20.840,0,5,652,322450,159.265,6991.941,0,0.000,17,0.165,0,0,291.960,35.853,156,19,9600.000,332,2.644,12.016
tree/mixed-6x4-i5/s4,mixed,even,6,4,G-RTA-X,3,1,6,0,323.040,179.321,298.040,3587.102,14.029,0,3,793,351145,164.767,4348.112,0,0.000,0,1.071,0,0,324.912,23.637,156,8,9600.000,382,2.461,10.560
tree/mixed-6x4-i5/s4,mixed,even,6,4,G-RTA-X,5,1,6,0,212.288,130.620,192.328,3417.451,15.377,0,5,669,247768,152.987,6621.138,0,0.000,0,1.163,0,0,217.208,25.320,156,3,9600.000,319,2.593,11.736
tree/mixed-6x4-i5/s4,mixed,even,6,4,G-RTA,8,1,6,0,249.728,145.489,224.728,6805.688,28.660,0,8,643,279427,161.107,19960.437,0,0.000,23,0.014,0,0,254.424,52.541,156,32,9600.000,411,2.949,12.216
tree/mixed-6x4-i5/s4,mixed,even,6,4,G-STA,3,1,6,0,294.080,174.984,269.080,3249.636,12.764,0,3,731,316865,171.698,4428.403,0,0.000,0,1.473,0,0,295.592,22.350,156,9,9600.000,334,2.305,10.760
tree/mixed-6x4-i5/s4,mixed,even,6,4,G-CBBA,3,1,6,0,332.112,226.628,317.112,3514.460,14.470,0,3,908,387429,49.615,6384.459,0,0.000,0,2.645,0,0,335.744,9.256,156,1,9600.000,439,2.572,11.160
tree/mixed-6x4-i5/s4,mixed,even,6,4,G-STA,5,1,6,0,238.176,140.344,213.176,4171.425,17.015,0,5,744,270249,176.270,5987.794,0,0.000,0,2.186,0,0,239.184,31.925,156,0,9600.000,364,2.834,12.376
tree/mixed-6x4-i5/s4,mixed,even,6,4,G-CBBA,5,1,6,0,245.408,152.079,220.408,4086.992,17.604,0,5,849,294258,44.685,7044.444,0,0.000,3,0.357,0,0,247.952,11.170,156,16,9600.000,451,3.388,12.048
tree/mixed-6x4-i5/s4,mixed,even,6,4,G-RTA-X,8,1,6,0,250.400,145.777,225.400,6363.500,28.701,0,8,1095,303436,162.266,10479.732,0,0.000,14,0.105,0,0,254.984,52.536,156,9,9600.000,592,2.987,12.080
tree/mixed-6x4-i5/s4,mixed,even,6,4,G-LDTA2,3,1,6,0,313.088,208.588,288.088,3421.954,13.559,0,3,1031,334089,82.176,2565.055,0,0.000,1,0.626,0,0,314.096,12.826,156,0,9600.000,2226,2.723,10.720
tree/mixed-6x4-i5/s4,mixed,even,6,4,G-CBBA,8,1,6,0,270.944,151.767,245.944,7005.188,31.224,0,8,1042,329215,56.767,4206.467,0,0.000,18,0.087,0,0,276.968,24.932,156,17,9600.000,732,3.895,11.976
tree/mixed-6x4-i5/s5,mixed,even,6,5,S1,1,1,6,0,544.968,297.241,529.968,2163.453,7.956,0,1,535,377932,0.100,191.160,6,0.191,0,-1.000,0,0,545.976,1.104,150,0,9600.000,171,1.493,10.512
tree/mixed-6x4-i5/s4,mixed,even,6,4,G-LDTA2,5,1,6,0,273.920,179.975,258.920,4302.963,19.656,0,5,976,307877,79.758,6783.722,0,0.000,0,1.281,0,0,276.608,18.965,156,3,9600.000,350,2.707,11.736
tree/mixed-6x4-i5/s4,mixed,even,6,4,G-STA,8,1,6,0,220.832,127.315,195.832,5649.175,25.314,0,8,1012,263884,182.251,16349.944,0,0.000,19,0.010,0,0,225.600,51.766,156,19,9600.000,574,3.422,11.848
tree/mixed-6x4-i5/s4,mixed,even,6,4,G-LDTA2,8,1,6,0,247.832,161.181,222.832,6652.930,28.332,0,8,1333,299136,84.422,6943.672,0,0.000,12,0.103,0,0,251.088,30.288,156,4,9600.000,2403,3.722,11.944
tree/mixed-6x4-i5/s5,mixed,even,6,5,G-RTA,3,1,6,0,247.072,155.892,232.072,2833.646,10.730,0,3,524,230332,197.309,7555.728,0,0.000,2,0.957,0,0,248.080,21.485,150,0,9600.000,185,1.961,10.592
tree/mixed-6x4-i5/s5,mixed,even,6,5,G-RTA,5,1,6,0,271.240,152.599,256.240,5074.996,19.724,0,5,621,294052,157.253,17226.381,0,0.000,7,0.030,0,0,275.984,33.235,150,13,9600.000,287,2.577,10.944
tree/mixed-6x4-i5/s5,mixed,even,6,5,G-RTA-X,3,1,6,0,239.776,153.492,224.776,2607.774,10.519,0,3,692,240868,197.163,17324.009,0,0.000,1,0.796,0,0,243.984,21.013,150,0,9600.000,217,1.821,10.880
tree/mixed-6x4-i5/s5,mixed,even,6,5,G-RTA-X,5,1,6,0,203.584,118.103,178.584,3526.215,14.705,0,5,707,234203,162.624,4699.349,0,0.000,2,0.596,0,0,206.976,25.622,150,6,9600.000,303,2.549,11.176
tree/mixed-6x4-i5/s5,mixed,even,6,5,G-RTA,8,1,6,0,193.216,108.321,168.216,5264.802,21.978,0,8,523,212240,178.218,17612.086,0,0.000,6,0.068,0,0,195.808,44.081,150,23,9600.000,278,2.703,11.408
tree/mixed-6x4-i5/s5,mixed,even,6,5,G-STA,3,1,6,0,247.680,164.705,232.680,2518.709,10.703,0,3,690,238523,217.095,17215.594,0,0.000,0,1.986,0,0,248.720,23.384,150,0,9600.000,187,1.854,10.880
tree/mixed-6x4-i5/s5,mixed,even,6,5,G-CBBA,3,1,6,0,286.248,194.527,271.248,2669.204,12.373,0,3,808,319501,25.940,2757.003,0,0.000,0,1.192,0,0,288.064,5.036,150,3,9600.000,303,2.406,11.136
tree/mixed-6x4-i5/s5,mixed,even,6,5,G-CBBA,5,1,6,0,241.232,154.535,226.232,3938.140,17.471,0,5,815,288770,37.039,5442.278,0,0.000,2,0.077,0,0,246.040,9.572,150,11,9600.000,408,3.470,11.480
tree/mixed-6x4-i5/s5,mixed,even,6,5,G-RTA-X,8,1,6,0,201.928,111.555,176.928,5467.013,23.350,0,8,855,243421,168.494,9388.700,0,0.000,9,0.028,0,0,207.832,44.294,150,21,9600.000,494,3.270,11.408
tree/mixed-6x4-i5/s5,mixed,even,6,5,G-STA,5,1,6,0,271.240,180.289,256.240,4980.157,19.667,0,5,845,316628,162.535,7940.227,0,0.000,0,2.594,0,0,275.040,33.956,150,4,9600.000,543,2.870,11.144
tree/mixed-6x4-i5/s5,mixed,even,6,5,G-STA,8,1,6,0,190.272,108.791,174.664,4806.827,21.926,0,8,746,226172,166.525,19967.076,0,0.000,3,0.157,0,0,195.840,40.880,150,7,9600.000,429,3.053,11.408
tree/mixed-6x4-i5/s5,mixed,even,6,5,G-LDTA2,3,1,6,0,292.096,220.803,277.096,3361.163,12.692,0,3,796,295211,71.408,6270.833,0,0.000,3,0.463,0,0,293.104,10.798,150,0,9600.000,286,2.044,10.848
tree/mixed-6x4-i5/s5,mixed,even,6,5,G-CBBA,8,1,6,0,295.456,173.560,270.456,7213.465,33.816,0,7,1104,355367,26.219,5346.161,0,0.000,16,0.034,0,0,299.640,16.222,150,24,9600.000,808,3.781,11.408
tree/mixed-6x4-i5/s5,mixed,even,6,5,G-LDTA2,5,1,6,0,226.560,130.676,211.560,3946.664,16.260,0,5,877,263536,74.577,4481.975,0,0.000,4,0.023,0,0,228.576,15.000,150,6,9600.000,337,2.783,11.176
tree/mixed-6x4-i5/s5,mixed,even,6,5,G-LDTA2,8,1,6,0,204.096,109.520,179.096,5190.526,23.199,0,8,1042,241564,82.307,3152.915,0,0.000,6,0.240,0,0,206.832,24.156,150,17,9600.000,966,3.300,11.408
