set,family,dispatch,tasks,seed,condition,n,completed,done,failed,makespan_s,latency_mean_s,latency_max_s,distance_m,energy_wh,duplicates,busy_robots,messages,bytes,decision_mean_us,decision_worst_us,plan_calls,plan_worst_ms,separation_breaches,min_separation_m,fence_exits,crashed,sim_time_s,wall_s,leaves,leaf_duplicates,bitrate_bps,dropped,delay_mean_s,delay_max_s,repulsion_lead_s,ranging_noise_m
gen/grid-even-30/s1,grid,even,30,1,G-RTA-X,8,1,30,0,166.480,20.779,38.608,4047.320,19.143,0,8,5685,753969,14.519,3959.183,0,0.000,0,2.155,0,0,167.488,8.120,0,0,0.000,0,0.000,0.000,1.000,-1.000
gen/grid-even-30/s1,grid,even,30,1,G-RTA-X,8,1,30,0,166.480,20.779,38.608,4047.243,19.143,0,8,5685,753912,15.289,10609.528,0,0.000,0,2.155,0,0,167.488,8.573,0,0,0.000,0,0.000,0.000,0.000,-1.000
gen/grid-even-30/s1,grid,even,30,1,G-RTA,8,1,30,0,165.008,22.091,39.560,3914.978,18.991,0,8,2926,584446,16.990,4354.505,0,0.000,21,0.030,0,0,166.016,9.082,0,0,0.000,0,0.000,0.000,0.000,-1.000
gen/grid-even-30/s1,grid,even,30,1,G-RTA,8,1,30,0,173.520,22.100,38.608,4206.138,19.951,0,8,3071,614785,16.846,4085.012,0,0.000,10,0.595,0,0,174.528,9.803,0,0,0.000,0,0.000,0.000,1.000,-1.000
gen/grid-even-30/s1,grid,even,30,1,G-RTA-X,8,1,30,0,166.480,20.779,38.608,4047.312,19.143,0,8,5693,754378,14.290,3911.814,0,0.000,0,2.155,0,0,167.488,7.869,0,0,0.000,0,0.000,0.000,2.000,-1.000
gen/grid-even-30/s1,grid,even,30,1,G-RTA,8,1,30,0,174.640,22.353,38.792,4237.412,20.091,0,8,3088,617852,16.336,7622.864,0,0.000,5,0.504,0,0,175.648,9.563,0,0,0.000,0,0.000,0.000,2.000,-1.000
gen/grid-even-30/s2,grid,even,30,2,G-RTA-X,8,1,30,0,167.152,21.195,36.056,4207.364,19.207,0,8,6304,791464,14.950,2798.938,0,0.000,1,0.264,0,0,168.160,8.329,0,0,0.000,0,0.000,0.000,0.000,-1.000
gen/grid-even-30/s2,grid,even,30,2,G-RTA,8,1,30,0,167.728,22.600,39.576,3903.509,19.227,0,8,2966,592118,17.217,3995.726,0,0.000,8,0.006,0,0,168.736,9.308,0,0,0.000,0,0.000,0.000,0.000,-1.000
gen/grid-even-30/s2,grid,even,30,2,G-RTA,8,1,30,0,164.208,22.755,39.896,3625.689,18.816,0,8,2910,582023,16.737,3188.038,0,0.000,11,0.438,0,0,165.216,8.750,0,0,0.000,0,0.000,0.000,1.000,-1.000
gen/grid-even-30/s2,grid,even,30,2,G-RTA-X,8,1,30,0,170.736,21.317,36.056,4036.068,19.597,0,8,6361,806755,14.161,15337.696,0,0.000,2,0.598,0,0,171.744,8.085,0,0,0.000,0,0.000,0.000,1.000,-1.000
gen/grid-even-30/s2,grid,even,30,2,G-RTA-X,8,1,30,0,169.136,20.466,36.056,3963.820,19.425,0,8,6862,835397,14.140,9733.819,0,0.000,1,0.504,0,0,170.144,8.140,0,0,0.000,0,0.000,0.000,2.000,-1.000
gen/grid-even-30/s2,grid,even,30,2,G-RTA,8,1,30,0,168.848,22.615,39.864,3822.050,19.384,0,8,2990,596873,15.860,9913.872,0,0.000,5,0.785,0,0,169.856,8.566,0,0,0.000,0,0.000,0.000,2.000,-1.000
gen/grid-even-30/s3,grid,even,30,3,G-RTA-X,8,1,30,0,163.024,21.220,31.432,3827.277,18.753,0,8,6739,810888,15.492,16081.049,0,0.000,2,0.108,0,0,164.032,8.236,0,0,0.000,0,0.000,0.000,0.000,-1.000
gen/grid-even-30/s3,grid,even,30,3,G-RTA,8,1,30,0,163.888,23.154,37.176,3723.659,18.800,0,8,2909,582118,18.370,3346.033,0,0.000,14,0.073,0,0,164.896,9.473,0,0,0.000,0,0.000,0.000,0.000,-1.000
gen/grid-even-30/s3,grid,even,30,3,G-RTA-X,8,1,30,0,158.928,20.974,31.432,3768.279,18.283,0,8,7568,850600,16.262,29617.838,0,0.000,1,0.081,0,0,159.936,8.443,0,0,0.000,0,0.000,0.000,1.000,-1.000
gen/grid-even-30/s3,grid,even,30,3,G-RTA,8,1,30,0,163.504,22.959,37.176,3564.006,18.756,0,8,2901,580389,17.612,4326.259,0,0.000,12,0.486,0,0,164.512,9.119,0,0,0.000,0,0.000,0.000,1.000,-1.000
gen/grid-even-30/s3,grid,even,30,3,G-RTA,8,1,30,0,163.504,22.941,37.176,3564.442,18.758,0,8,2901,580393,16.428,12918.694,0,0.000,7,0.758,0,0,164.512,8.465,0,0,0.000,0,0.000,0.000,2.000,-1.000
gen/grid-even-30/s3,grid,even,30,3,G-RTA-X,8,1,30,0,164.976,22.398,31.432,3948.354,18.967,0,8,7861,885028,15.939,12076.389,0,0.000,2,0.259,0,0,165.984,8.476,0,0,0.000,0,0.000,0.000,2.000,-1.000
gen/grid-even-30/s4,grid,even,30,4,G-RTA,8,1,30,0,172.752,21.276,37.024,4078.927,19.798,0,8,3055,612339,14.997,15741.857,0,0.000,20,0.036,0,0,173.760,8.466,0,0,0.000,0,0.000,0.000,0.000,-1.000
gen/grid-even-30/s4,grid,even,30,4,G-RTA-X,8,1,30,0,162.448,21.914,35.464,3733.200,18.634,0,8,7265,843596,15.562,8038.552,0,0.000,2,0.029,0,0,163.456,8.132,0,0,0.000,0,0.000,0.000,0.000,-1.000
gen/grid-even-30/s4,grid,even,30,4,G-RTA-X,8,1,30,0,161.680,20.508,32.568,3765.191,18.575,0,8,6206,775274,18.836,12244.978,0,0.000,0,2.224,0,0,162.688,10.170,0,0,0.000,0,0.000,0.000,1.000,-1.000
gen/grid-even-30/s4,grid,even,30,4,G-RTA,8,1,30,0,163.920,22.893,39.656,3660.559,18.820,0,8,2909,582290,20.641,12075.317,0,0.000,8,0.666,0,0,164.928,10.864,0,0,0.000,0,0.000,0.000,1.000,-1.000
gen/grid-even-30/s4,grid,even,30,4,G-RTA-X,8,1,30,0,164.720,21.075,34.848,3936.377,18.950,0,8,6146,777321,17.863,12103.249,0,0.000,0,1.370,0,0,165.728,10.036,0,0,0.000,0,0.000,0.000,2.000,-1.000
gen/grid-even-30/s4,grid,even,30,4,G-RTA,8,1,30,0,169.584,22.168,37.136,3860.297,19.454,0,7,3007,603355,19.818,8576.117,0,0.000,4,0.843,0,0,170.592,11.036,0,0,0.000,0,0.000,0.000,2.000,-1.000
gen/grid-even-30/s5,grid,even,30,5,G-RTA-X,8,1,30,0,168.624,21.305,44.456,3597.662,19.309,0,8,5036,718726,26.497,18185.636,0,0.000,5,0.105,0,0,169.632,15.074,0,0,0.000,0,0.000,0.000,0.000,-1.000
gen/grid-even-30/s5,grid,even,30,5,G-RTA-X,8,1,30,0,162.480,20.962,34.488,3917.989,18.680,0,8,5773,751950,27.930,12887.902,0,0.000,3,0.682,0,0,163.488,15.303,0,0,0.000,0,0.000,0.000,1.000,-1.000
gen/grid-even-30/s5,grid,even,30,5,G-RTA,8,1,30,0,169.296,22.594,45.136,3797.186,19.458,0,8,2999,602078,32.283,12067.871,0,0.000,9,0.307,0,0,170.304,17.659,0,0,0.000,0,0.000,0.000,1.000,-1.000
gen/grid-even-30/s5,grid,even,30,5,G-RTA,8,1,30,0,175.792,23.829,55.792,4088.209,20.187,0,8,3104,621466,33.415,18685.393,0,0.000,29,0.004,0,0,176.800,18.482,0,0,0.000,0,0.000,0.000,0.000,-1.000
gen/grid-even-30/s5,grid,even,30,5,G-RTA-X,8,1,30,0,168.720,21.698,43.656,3898.942,19.335,0,8,6229,792657,30.320,12103.445,0,0.000,1,0.983,0,0,169.728,17.842,0,0,0.000,0,0.000,0.000,2.000,-1.000
gen/grid-even-30/s5,grid,even,30,5,G-RTA,8,1,30,0,168.592,23.703,45.456,3756.372,19.360,0,8,2982,595665,34.928,8202.274,0,0.000,7,0.613,0,0,169.600,19.881,0,0,0.000,0,0.000,0.000,2.000,-1.000
gen/grid-static-30/s1,grid,static,30,1,G-RTA,8,1,30,0,116.736,65.819,116.736,2016.312,13.284,0,8,2108,416661,111.904,12131.771,0,0.000,4,0.110,0,0,117.744,23.613,0,0,0.000,0,0.000,0.000,0.000,-1.000
gen/grid-static-30/s1,grid,static,30,1,G-RTA-X,8,1,30,0,119.552,66.025,119.552,2140.373,13.599,0,8,2438,448848,110.260,12195.096,0,0.000,0,2.799,0,0,120.560,24.150,0,0,0.000,0,0.000,0.000,0.000,-1.000
gen/grid-static-30/s1,grid,static,30,1,G-RTA,8,1,30,0,116.768,65.822,116.768,2015.879,13.290,0,8,2108,416528,109.550,20139.099,0,0.000,1,0.801,0,0,117.776,22.830,0,0,0.000,0,0.000,0.000,1.000,-1.000
gen/grid-static-30/s1,grid,static,30,1,G-RTA-X,8,1,30,0,119.552,66.019,119.552,2139.711,13.599,0,8,2422,447915,110.009,12607.630,0,0.000,0,3.346,0,0,120.560,22.825,0,0,0.000,0,0.000,0.000,1.000,-1.000
gen/grid-static-30/s1,grid,static,30,1,G-RTA,8,1,30,0,116.768,65.795,116.768,2016.126,13.292,0,8,2108,416472,92.823,12129.829,0,0.000,0,1.073,0,0,117.776,18.778,0,0,0.000,0,0.000,0.000,2.000,-1.000
gen/grid-static-30/s1,grid,static,30,1,G-RTA-X,8,1,30,0,119.552,66.013,119.552,2139.355,13.599,0,8,2422,447869,94.066,16500.104,0,0.000,0,3.470,0,0,120.560,19.195,0,0,0.000,0,0.000,0.000,2.000,-1.000
gen/grid-static-30/s2,grid,static,30,2,G-RTA,8,1,30,0,115.680,66.956,115.680,2003.138,13.172,0,8,2092,413366,56.682,16904.880,0,0.000,0,2.348,0,0,116.688,11.201,0,0,0.000,0,0.000,0.000,0.000,-1.000
gen/grid-static-30/s2,grid,static,30,2,G-RTA-X,8,1,30,0,115.808,67.045,115.808,1858.587,13.160,0,8,2868,460886,60.391,16090.516,0,0.000,0,2.484,0,0,116.816,12.214,0,0,0.000,0,0.000,0.000,0.000,-1.000
gen/grid-static-30/s2,grid,static,30,2,G-RTA,8,1,30,0,115.680,66.914,115.680,2005.552,13.173,0,8,2092,413369,61.066,16153.858,0,0.000,0,3.124,0,0,116.688,12.499,0,0,0.000,0,0.000,0.000,1.000,-1.000
gen/grid-static-30/s2,grid,static,30,2,G-RTA-X,8,1,30,0,115.808,66.999,115.808,1842.463,13.151,0,8,2857,460231,60.084,8131.460,0,0.000,0,3.126,0,0,116.816,12.258,0,0,0.000,0,0.000,0.000,1.000,-1.000
gen/grid-static-30/s2,grid,static,30,2,G-RTA,8,1,30,0,125.664,66.743,125.664,2326.080,14.273,0,8,2262,448396,54.801,14686.530,0,0.000,1,0.803,0,0,126.672,12.601,0,0,0.000,0,0.000,0.000,2.000,-1.000
gen/grid-static-30/s2,grid,static,30,2,G-RTA-X,8,1,30,0,115.808,66.973,115.808,1859.057,13.160,0,8,2866,460662,60.161,11044.017,0,0.000,0,3.364,0,0,116.816,12.138,0,0,0.000,0,0.000,0.000,2.000,-1.000
gen/grid-static-30/s3,grid,static,30,3,G-RTA,8,1,30,0,130.456,71.270,130.456,2470.822,14.849,0,8,2343,466684,55.737,9685.032,0,0.000,1,0.267,0,0,131.464,12.894,0,0,0.000,0,0.000,0.000,0.000,-1.000
gen/grid-static-30/s3,grid,static,30,3,G-RTA-X,8,1,30,0,132.400,73.090,132.400,2084.164,15.008,0,8,3559,544119,57.553,6000.085,0,0.000,0,2.519,0,0,133.408,13.417,0,0,0.000,0,0.000,0.000,0.000,-1.000
gen/grid-static-30/s3,grid,static,30,3,G-RTA,8,1,30,0,124.352,71.122,124.352,2269.797,14.160,0,8,2238,443946,56.505,9558.245,0,0.000,0,3.049,0,0,125.360,12.401,0,0,0.000,0,0.000,0.000,1.000,-1.000
gen/grid-static-30/s3,grid,static,30,3,G-RTA-X,8,1,30,0,132.400,73.045,132.400,2083.060,15.007,0,8,3543,543024,60.123,11218.051,0,0.000,0,3.134,0,0,133.408,14.527,0,0,0.000,0,0.000,0.000,1.000,-1.000
gen/grid-static-30/s3,grid,static,30,3,G-RTA,8,1,30,0,124.288,70.122,124.288,2350.267,14.162,0,8,2238,443719,58.810,16143.107,0,0.000,0,1.840,0,0,125.296,13.003,0,0,0.000,0,0.000,0.000,2.000,-1.000
gen/grid-static-30/s3,grid,static,30,3,G-RTA-X,8,1,30,0,132.400,73.034,132.400,2082.612,15.007,0,8,3539,542902,59.526,17403.390,0,0.000,0,3.291,0,0,133.408,13.997,0,0,0.000,0,0.000,0.000,2.000,-1.000
gen/grid-static-30/s4,grid,static,30,4,G-RTA,8,1,30,0,113.472,63.586,113.472,2021.163,12.922,0,8,2059,407527,56.978,15244.434,0,0.000,2,0.013,0,0,114.480,11.345,0,0,0.000,0,0.000,0.000,0.000,-1.000
gen/grid-static-30/s4,grid,static,30,4,G-RTA-X,8,1,30,0,115.648,63.755,115.648,1872.369,13.170,0,8,5266,603516,55.446,6136.498,0,0.000,0,2.622,0,0,116.656,11.454,0,0,0.000,0,0.000,0.000,0.000,-1.000
gen/grid-static-30/s4,grid,static,30,4,G-RTA,8,1,30,0,112.160,63.813,112.160,1910.515,12.786,0,8,2035,403005,62.211,17988.702,0,0.000,0,1.054,0,0,113.168,12.553,0,0,0.000,0,0.000,0.000,1.000,-1.000
gen/grid-static-30/s4,grid,static,30,4,G-RTA-X,8,1,30,0,125.664,63.490,125.664,2003.159,14.284,0,8,5196,623666,54.554,6292.192,0,0.000,0,1.658,0,0,126.672,12.834,0,0,0.000,0,0.000,0.000,1.000,-1.000
gen/grid-static-30/s4,grid,static,30,4,G-RTA,8,1,30,0,117.024,62.601,117.024,2151.006,13.333,0,8,2116,417812,59.532,6331.923,0,0.000,0,1.087,0,0,118.032,12.553,0,0,0.000,0,0.000,0.000,2.000,-1.000
gen/grid-static-30/s4,grid,static,30,4,G-RTA-X,8,1,30,0,123.360,63.386,123.360,1964.150,14.034,0,8,5158,616300,57.252,18955.728,0,0.000,0,2.633,0,0,124.368,13.054,0,0,0.000,0,0.000,0.000,2.000,-1.000
gen/grid-static-30/s5,grid,static,30,5,G-RTA,8,1,30,0,124.384,65.250,124.384,2391.448,14.146,0,8,2238,444256,56.822,14595.489,0,0.000,3,0.138,0,0,125.392,12.893,0,0,0.000,0,0.000,0.000,0.000,-1.000
gen/grid-static-30/s5,grid,static,30,5,G-RTA-X,8,1,30,0,124.672,65.611,124.672,2012.365,14.161,0,8,2488,462252,55.187,4497.407,0,0.000,0,3.104,0,0,125.680,12.453,0,0,0.000,0,0.000,0.000,0.000,-1.000
gen/grid-static-30/s5,grid,static,30,5,G-RTA,8,1,30,0,124.384,65.271,124.384,2390.787,14.144,0,8,2238,444214,54.396,4203.987,0,0.000,2,0.352,0,0,125.392,12.325,0,0,0.000,0,0.000,0.000,1.000,-1.000
gen/grid-static-30/s5,grid,static,30,5,G-RTA-X,8,1,30,0,124.672,65.619,124.672,2012.141,14.161,0,8,2492,462587,56.663,13410.721,0,0.000,0,3.471,0,0,125.680,12.659,0,0,0.000,0,0.000,0.000,1.000,-1.000
gen/grid-static-30/s5,grid,static,30,5,G-RTA,8,1,30,0,114.240,65.966,114.240,2080.110,12.993,0,8,2068,409155,59.514,6453.693,0,0.000,0,1.091,0,0,115.248,11.830,0,0,0.000,0,0.000,0.000,2.000,-1.000
gen/radial-even-30/s1,radial,even,30,1,G-RTA,8,1,30,0,169.552,22.721,40.912,3929.259,19.468,0,8,3007,604155,16.439,7214.521,0,0.000,14,0.051,0,0,170.560,8.893,0,0,0.000,0,0.000,0.000,0.000,-1.000
gen/grid-static-30/s5,grid,static,30,5,G-RTA-X,8,1,30,0,129.656,65.751,129.656,1941.427,14.706,0,8,2571,481627,54.000,10091.663,0,0.000,0,3.567,0,0,130.664,12.773,0,0,0.000,0,0.000,0.000,2.000,-1.000
gen/radial-even-30/s1,radial,even,30,1,G-RTA-X,8,1,30,0,162.192,19.313,30.112,3784.472,18.640,0,8,8508,919841,15.109,14022.192,0,0.000,1,0.061,0,0,163.200,8.672,0,0,0.000,0,0.000,0.000,0.000,-1.000
gen/radial-even-30/s1,radial,even,30,1,G-RTA,8,1,30,0,166.384,22.343,40.144,3655.994,19.077,0,8,2950,590080,17.625,6007.043,0,0.000,11,0.304,0,0,167.392,9.558,0,0,0.000,0,0.000,0.000,1.000,-1.000
gen/radial-even-30/s1,radial,even,30,1,G-RTA-X,8,1,30,0,165.744,19.122,30.064,3666.798,19.042,1,8,6943,828552,14.836,1959.653,0,0.000,1,0.928,0,0,166.752,8.631,0,0,0.000,0,0.000,0.000,1.000,-1.000
gen/radial-even-30/s1,radial,even,30,1,G-RTA,8,1,30,0,168.016,22.418,44.240,3754.928,19.274,0,8,2974,594289,17.274,5099.665,0,0.000,5,0.266,0,0,169.024,9.522,0,0,0.000,0,0.000,0.000,2.000,-1.000
gen/radial-even-30/s1,radial,even,30,1,G-RTA-X,8,1,30,0,161.648,19.336,29.392,3766.426,18.569,0,8,6281,779334,15.235,4835.433,0,0.000,0,1.590,0,0,162.656,8.519,0,0,0.000,0,0.000,0.000,2.000,-1.000
gen/radial-even-30/s2,radial,even,30,2,G-RTA,8,1,30,0,168.848,21.742,37.864,3769.123,19.349,0,8,2990,596905,16.290,4418.407,0,0.000,8,0.019,0,0,169.856,9.072,0,0,0.000,0,0.000,0.000,0.000,-1.000
gen/radial-even-30/s2,radial,even,30,2,G-RTA-X,8,1,30,0,170.192,20.582,45.224,3637.345,19.484,0,8,5448,751589,14.564,6919.847,0,0.000,2,0.184,0,0,171.200,8.326,0,0,0.000,0,0.000,0.000,0.000,-1.000
gen/radial-even-30/s2,radial,even,30,2,G-RTA,8,1,30,0,168.848,22.369,37.864,3617.562,19.353,0,8,2990,596854,16.992,13577.818,0,0.000,8,0.571,0,0,169.856,9.463,0,0,0.000,0,0.000,0.000,1.000,-1.000
gen/radial-even-30/s2,radial,even,30,2,G-RTA-X,8,1,30,0,173.136,20.678,45.224,3845.869,19.837,0,8,5820,780831,13.514,2152.371,0,0.000,4,0.158,0,0,174.144,7.936,0,0,0.000,0,0.000,0.000,1.000,-1.000
gen/radial-even-30/s2,radial,even,30,2,G-RTA-X,8,1,30,0,169.904,20.376,45.224,3602.968,19.458,0,8,6011,786468,13.868,3812.890,0,0.000,1,0.833,0,0,170.912,7.938,0,0,0.000,0,0.000,0.000,2.000,-1.000
gen/radial-even-30/s2,radial,even,30,2,G-RTA,8,1,30,0,168.848,22.154,37.864,3697.834,19.344,0,8,2990,597008,16.305,2440.340,0,0.000,2,0.966,0,0,169.856,8.978,0,0,0.000,0,0.000,0.000,2.000,-1.000
gen/radial-even-30/s3,radial,even,30,3,G-RTA-X,8,1,30,0,165.392,20.679,43.176,3598.947,18.946,0,8,7056,837460,13.873,13282.246,0,0.000,1,0.115,0,0,166.400,7.582,0,0,0.000,0,0.000,0.000,0.000,-1.000
gen/radial-even-30/s3,radial,even,30,3,G-RTA,8,1,30,0,180.368,23.257,35.368,3987.935,20.581,0,8,3185,641333,15.585,4757.918,0,0.000,16,0.035,0,0,181.376,9.127,0,0,0.000,0,0.000,0.000,0.000,-1.000
gen/radial-even-30/s3,radial,even,30,3,G-RTA-X,8,1,30,0,169.648,20.755,43.176,3587.339,19.415,0,8,7189,858032,14.361,3435.537,0,0.000,0,1.426,0,0,170.656,8.375,0,0,0.000,0,0.000,0.000,1.000,-1.000
gen/radial-even-30/s3,radial,even,30,3,G-RTA,8,1,30,0,168.656,21.926,33.320,3643.259,19.286,0,8,2982,596416,16.335,15444.226,0,0.000,10,0.665,0,0,169.664,9.098,0,0,0.000,0,0.000,0.000,1.000,-1.000
gen/radial-even-30/s3,radial,even,30,3,G-RTA,8,1,30,0,168.496,21.892,33.320,3627.182,19.274,0,8,2982,596334,16.844,20762.013,0,0.000,4,0.811,0,0,169.504,9.367,0,0,0.000,0,0.000,0.000,2.000,-1.000
gen/radial-even-30/s3,radial,even,30,3,G-RTA-X,8,1,30,0,172.016,20.833,43.176,3934.378,19.723,0,8,7247,866476,15.188,4607.939,0,0.000,1,0.175,0,0,173.024,9.209,0,0,0.000,0,0.000,0.000,2.000,-1.000
gen/radial-even-30/s4,radial,even,30,4,G-RTA-X,8,1,30,0,162.960,20.116,32.136,3778.995,18.720,0,8,7776,875010,14.652,10783.162,0,0.000,4,0.049,0,0,163.968,8.078,0,0,0.000,0,0.000,0.000,0.000,-1.000
gen/radial-even-30/s4,radial,even,30,4,G-RTA,8,1,30,0,171.344,24.305,43.472,4062.905,19.667,0,8,3031,608219,17.376,6630.989,0,0.000,9,0.010,0,0,172.352,9.393,0,0,0.000,0,0.000,0.000,0.000,-1.000
gen/radial-even-30/s4,radial,even,30,4,G-RTA-X,8,1,30,0,162.960,20.132,32.136,3773.434,18.722,0,8,7806,877024,14.076,4119.785,0,0.000,2,0.426,0,0,163.968,7.711,0,0,0.000,0,0.000,0.000,1.000,-1.000
gen/radial-even-30/s4,radial,even,30,4,G-RTA,8,1,30,0,168.272,21.383,31.656,3873.403,19.272,0,8,2974,594492,16.125,3388.388,0,0.000,5,0.737,0,0,169.280,9.111,0,0,0.000,0,0.000,0.000,1.000,-1.000
gen/radial-even-30/s4,radial,even,30,4,G-RTA,8,1,30,0,165.008,21.395,31.656,3861.896,18.942,0,8,2926,585275,15.784,3350.391,0,0.000,1,0.999,0,0,166.016,8.508,0,0,0.000,0,0.000,0.000,2.000,-1.000
gen/radial-even-30/s4,radial,even,30,4,G-RTA-X,8,1,30,0,162.960,20.150,32.136,3774.328,18.723,0,8,7852,879604,14.459,15473.381,0,0.000,1,0.150,0,0,163.968,7.886,0,0,0.000,0,0.000,0.000,2.000,-1.000
gen/radial-even-30/s5,radial,even,30,5,G-RTA-X,8,1,30,0,161.232,19.163,33.184,3745.473,18.530,0,8,6045,764397,13.541,3244.093,0,0.000,1,0.647,0,0,162.240,7.413,0,0,0.000,0,0.000,0.000,0.000,-1.000
gen/radial-even-30/s5,radial,even,30,5,G-RTA,8,1,30,0,168.496,23.572,45.248,3798.188,19.342,0,8,2982,595835,17.103,2214.709,0,0.000,12,0.025,0,0,169.504,9.015,0,0,0.000,0,0.000,0.000,0.000,-1.000
gen/radial-even-30/s5,radial,even,30,5,G-RTA-X,8,1,30,0,162.960,19.363,31.328,3773.467,18.729,0,8,5970,763462,13.214,7419.435,0,0.000,1,0.068,0,0,163.968,7.316,0,0,0.000,0,0.000,0.000,1.000,-1.000
gen/radial-even-30/s5,radial,even,30,5,G-RTA,8,1,30,0,170.992,23.545,44.080,3776.567,19.627,0,8,3031,608518,16.461,2059.546,0,0.000,4,0.534,0,0,172.000,8.884,0,0,0.000,0,0.000,0.000,1.000,-1.000
gen/radial-even-30/s5,radial,even,30,5,G-RTA-X,8,1,30,0,161.072,19.513,34.464,3694.582,18.498,0,8,5638,738952,14.741,2107.763,0,0.000,0,1.211,0,0,162.080,8.045,0,0,0.000,0,0.000,0.000,2.000,-1.000
gen/radial-even-30/s5,radial,even,30,5,G-RTA,8,1,30,0,171.472,23.581,45.152,3970.696,19.703,0,8,3039,609587,17.531,3438.444,0,0.000,2,0.842,0,0,172.480,9.571,0,0,0.000,0,0.000,0.000,2.000,-1.000
gen/radial-static-30/s1,radial,static,30,1,G-RTA,8,1,30,0,116.672,63.663,116.672,1981.459,13.265,0,8,2108,416539,53.308,10953.603,0,0.000,2,0.029,0,0,117.680,10.842,0,0,0.000,0,0.000,0.000,0.000,-1.000
gen/radial-static-30/s1,radial,static,30,1,G-RTA-X,8,1,30,0,111.776,64.108,111.776,1828.557,12.704,0,8,2902,454656,57.619,4971.326,0,0.000,0,1.897,0,0,112.784,11.110,0,0,0.000,0,0.000,0.000,0.000,-1.000
gen/radial-static-30/s1,radial,static,30,1,G-RTA,8,1,30,0,116.800,63.683,116.800,1985.955,13.282,0,8,2108,416589,52.631,11546.082,0,0.000,3,0.691,0,0,117.808,10.846,0,0,0.000,0,0.000,0.000,1.000,-1.000
gen/radial-static-30/s1,radial,static,30,1,G-RTA-X,8,1,30,0,111.648,64.138,111.648,1837.246,12.692,0,8,2910,455070,56.091,4406.151,0,0.000,0,2.111,0,0,112.656,10.819,0,0,0.000,0,0.000,0.000,1.000,-1.000
gen/radial-static-30/s1,radial,static,30,1,G-RTA,8,1,30,0,116.800,63.784,116.800,1988.368,13.283,0,8,2108,416459,53.814,15172.060,0,0.000,1,0.896,0,0,117.808,10.997,0,0,0.000,0,0.000,0.000,2.000,-1.000
gen/radial-static-30/s1,radial,static,30,1,G-RTA-X,8,1,30,0,111.648,64.116,111.648,1836.347,12.692,0,8,2918,455797,58.319,12214.794,0,0.000,0,2.277,0,0,112.656,11.415,0,0,0.000,0,0.000,0.000,2.000,-1.000
gen/radial-static-30/s2,radial,static,30,2,G-RTA,8,1,30,0,104.160,59.945,104.160,1681.833,11.841,0,8,1898,373969,58.376,6142.538,0,0.000,1,0.322,0,0,105.168,10.646,0,0,0.000,0,0.000,0.000,0.000,-1.000
gen/radial-static-30/s2,radial,static,30,2,G-RTA-X,8,1,30,0,111.520,61.879,111.520,1707.181,12.666,0,8,3063,464152,56.836,9294.482,0,0.000,2,0.298,0,0,112.528,11.107,0,0,0.000,0,0.000,0.000,0.000,-1.000
gen/radial-static-30/s2,radial,static,30,2,G-RTA,8,1,30,0,104.160,59.948,104.160,1679.947,11.842,0,8,1898,374045,57.591,4412.299,0,0.000,1,0.809,0,0,105.168,10.351,0,0,0.000,0,0.000,0.000,1.000,-1.000
gen/radial-static-30/s2,radial,static,30,2,G-RTA-X,8,1,30,0,117.120,61.935,117.120,1785.847,13.307,0,8,2828,461017,53.537,6580.627,0,0.000,1,0.968,0,0,118.128,11.198,0,0,0.000,0,0.000,0.000,1.000,-1.000
gen/radial-static-30/s2,radial,static,30,2,G-RTA,8,1,30,0,104.160,59.943,104.160,1680.149,11.843,0,8,1898,373991,57.820,3442.232,0,0.000,1,0.988,0,0,105.168,10.603,0,0,0.000,0,0.000,0.000,2.000,-1.000
gen/radial-static-30/s2,radial,static,30,2,G-RTA-X,8,1,30,0,117.312,62.965,117.312,1710.407,13.317,0,8,3278,488383,55.460,14420.867,0,0.000,0,1.364,0,0,118.320,11.558,0,0,0.000,0,0.000,0.000,2.000,-1.000
gen/radial-static-30/s3,radial,static,30,3,G-RTA,8,1,30,0,122.016,68.258,122.016,2209.060,13.863,0,8,2205,437710,58.298,6430.413,0,0.000,12,0.022,0,0,123.024,12.488,0,0,0.000,0,0.000,0.000,0.000,-1.000
gen/radial-static-30/s3,radial,static,30,3,G-RTA-X,8,1,30,0,115.200,65.707,115.200,1913.218,13.096,0,8,2947,464615,55.635,6667.786,0,0.000,1,0.902,0,0,116.208,11.097,0,0,0.000,0,0.000,0.000,0.000,-1.000
gen/radial-static-30/s3,radial,static,30,3,G-RTA,8,1,30,0,121.984,68.263,121.984,2211.972,13.861,0,8,2205,437673,56.043,16197.819,0,0.000,5,0.598,0,0,122.992,11.959,0,0,0.000,0,0.000,0.000,1.000,-1.000
gen/radial-static-30/s3,radial,static,30,3,G-RTA-X,8,1,30,0,115.200,65.585,115.200,1915.924,13.098,0,8,2938,464123,57.984,12234.739,0,0.000,0,1.377,0,0,116.208,11.656,0,0,0.000,0,0.000,0.000,1.000,-1.000
gen/radial-static-30/s3,radial,static,30,3,G-RTA,8,1,30,0,122.176,68.259,122.176,2214.110,13.887,0,8,2205,437609,55.823,8104.604,0,0.000,2,0.747,0,0,123.184,12.013,0,0,0.000,0,0.000,0.000,2.000,-1.000
gen/radial-static-30/s3,radial,static,30,3,G-RTA-X,8,1,30,0,115.200,65.609,115.200,1915.869,13.099,0,8,2938,464177,58.114,6249.903,0,0.000,0,1.574,0,0,116.208,11.602,0,0,0.000,0,0.000,0.000,2.000,-1.000
gen/radial-static-30/s4,radial,static,30,4,G-RTA,8,1,30,0,111.040,65.662,111.040,1859.696,12.613,0,8,2019,400261,55.860,5269.829,0,0.000,1,0.094,0,0,112.048,10.594,0,0,0.000,0,0.000,0.000,0.000,-1.000
gen/radial-static-30/s4,radial,static,30,4,G-RTA-X,8,1,30,0,114.880,65.903,114.880,1807.979,13.042,0,8,2277,425313,54.896,11565.141,0,0.000,0,2.445,0,0,115.888,10.694,0,0,0.000,0,0.000,0.000,0.000,-1.000
gen/radial-static-30/s4,radial,static,30,4,G-RTA,8,1,30,0,111.040,65.642,111.040,1859.548,12.612,0,8,2019,400324,62.895,14017.219,0,0.000,1,0.899,0,0,112.048,12.095,0,0,0.000,0,0.000,0.000,1.000,-1.000
gen/radial-static-30/s4,radial,static,30,4,G-RTA-X,8,1,30,0,114.880,65.893,114.880,1807.430,13.042,0,8,2277,425328,60.131,11783.921,0,0.000,0,2.445,0,0,115.888,11.926,0,0,0.000,0,0.000,0.000,1.000,-1.000
gen/radial-static-30/s4,radial,static,30,4,G-RTA,8,1,30,0,111.008,65.641,111.008,1860.734,12.607,0,8,2019,400348,61.914,29638.803,0,0.000,0,1.189,0,0,112.016,11.705,0,0,0.000,0,0.000,0.000,2.000,-1.000
gen/radial-static-30/s4,radial,static,30,4,G-RTA-X,8,1,30,0,114.880,65.893,114.880,1807.394,13.042,0,8,2277,425324,59.401,18121.688,0,0.000,0,2.445,0,0,115.888,11.860,0,0,0.000,0,0.000,0.000,2.000,-1.000
gen/radial-static-30/s5,radial,static,30,5,G-RTA,8,1,30,0,115.808,60.567,115.808,2226.892,13.196,0,8,2092,413474,51.637,3421.471,0,0.000,2,0.016,0,0,116.816,10.630,0,0,0.000,0,0.000,0.000,0.000,-1.000
gen/radial-static-30/s5,radial,static,30,5,G-RTA-X,8,1,30,0,109.440,61.003,109.440,1794.625,12.458,0,8,2190,409261,57.287,5864.513,0,0.000,0,2.512,0,0,110.448,10.891,0,0,0.000,0,0.000,0.000,0.000,-1.000
gen/radial-static-30/s5,radial,static,30,5,G-RTA,8,1,30,0,114.016,60.920,114.016,2119.060,13.005,0,8,2067,408858,55.238,4832.502,0,0.000,3,0.778,0,0,115.024,11.118,0,0,0.000,0,0.000,0.000,1.000,-1.000
gen/radial-static-30/s5,radial,static,30,5,G-RTA-X,8,1,30,0,109.440,60.996,109.440,1794.554,12.458,0,8,2189,409335,58.155,7287.198,0,0.000,0,2.744,0,0,110.448,11.062,0,0,0.000,0,0.000,0.000,1.000,-1.000
gen/radial-static-30/s5,radial,static,30,5,G-RTA,8,1,30,0,115.904,60.781,115.904,2194.581,13.216,0,8,2092,413504,52.009,4132.380,0,0.000,0,1.010,0,0,116.912,10.745,0,0,0.000,0,0.000,0.000,2.000,-1.000
gen/cluster-even-30/s1,cluster,even,30,1,G-RTA,8,1,30,0,167.888,16.049,27.888,2655.332,19.104,0,8,2974,593825,12.522,6168.478,0,0.000,30,0.007,0,0,168.896,7.858,0,0,0.000,0,0.000,0.000,0.000,-1.000
gen/radial-static-30/s5,radial,static,30,5,G-RTA-X,8,1,30,0,109.440,60.990,109.440,1794.609,12.458,0,8,2189,409365,54.961,3682.486,0,0.000,0,2.752,0,0,110.448,10.370,0,0,0.000,0,0.000,0.000,2.000,-1.000
gen/cluster-even-30/s1,cluster,even,30,1,G-RTA-X,8,1,30,0,159.184,15.606,26.144,2609.693,18.319,0,8,10097,1009575,11.893,2296.622,0,0.000,12,0.039,0,0,160.192,7.435,0,0,0.000,0,0.000,0.000,0.000,-1.000
gen/cluster-even-30/s1,cluster,even,30,1,G-RTA-X,8,1,30,0,159.504,15.273,26.208,2579.321,18.382,0,7,11734,1113570,12.579,3056.373,0,0.000,6,0.500,0,0,160.512,8.106,0,0,0.000,0,0.000,0.000,1.000,-1.000
gen/cluster-even-30/s1,cluster,even,30,1,G-RTA,8,1,30,0,162.224,18.130,45.584,2471.491,18.460,0,8,2877,575610,15.058,3791.783,0,0.000,17,0.456,0,0,163.232,8.664,0,0,0.000,0,0.000,0.000,1.000,-1.000
gen/cluster-even-30/s1,cluster,even,30,1,G-RTA-X,8,1,30,0,155.760,15.341,26.208,2504.068,17.942,0,7,11954,1114855,12.634,2201.086,0,0.000,5,0.375,0,0,156.768,7.796,0,0,0.000,0,0.000,0.000,2.000,-1.000
gen/cluster-even-30/s1,cluster,even,30,1,G-RTA,8,1,30,0,165.008,17.699,45.584,2573.666,18.833,0,8,2926,584747,15.498,2499.243,0,0.000,8,0.555,0,0,166.016,9.339,0,0,0.000,0,0.000,0.000,2.000,-1.000
gen/cluster-even-30/s2,cluster,even,30,2,G-RTA-X,8,1,30,0,155.632,13.616,23.512,2645.706,17.970,0,5,8456,901477,10.689,4754.636,0,0.000,10,0.140,0,0,156.640,6.809,0,0,0.000,0,0.000,0.000,0.000,-1.000
gen/cluster-even-30/s2,cluster,even,30,2,G-RTA,8,1,30,0,159.376,14.628,22.608,2403.758,18.130,1,6,2838,572523,12.333,4904.413,0,0.000,57,0.004,0,0,160.384,7.385,0,0,0.000,0,0.000,0.000,0.000,-1.000
gen/cluster-even-30/s2,cluster,even,30,2,G-RTA-X,8,1,30,0,159.216,13.378,21.688,2607.162,18.352,0,6,7727,867062,10.383,4021.338,0,0.000,10,0.177,0,0,160.224,6.931,0,0,0.000,0,0.000,0.000,1.000,-1.000
gen/cluster-even-30/s2,cluster,even,30,2,G-RTA,8,1,30,0,162.160,14.589,25.592,2559.697,18.531,0,8,2877,579688,13.394,3671.044,0,0.000,34,0.072,0,0,163.168,8.531,0,0,0.000,0,0.000,0.000,1.000,-1.000
gen/cluster-even-30/s2,cluster,even,30,2,G-RTA-X,8,1,30,0,157.808,13.793,22.096,2635.232,18.191,0,6,8240,892845,11.029,3330.200,0,0.000,2,0.911,0,0,158.816,7.193,0,0,0.000,0,0.000,0.000,2.000,-1.000
gen/cluster-even-30/s2,cluster,even,30,2,G-RTA,8,1,30,0,158.480,15.253,33.456,2401.823,18.071,0,8,2812,564142,14.228,5624.667,0,0.000,8,0.753,0,0,159.488,8.598,0,0,0.000,0,0.000,0.000,2.000,-1.000
gen/cluster-even-30/s3,cluster,even,30,3,G-RTA,8,1,30,0,158.800,15.303,34.424,2610.720,18.160,0,6,2820,562910,13.657,6857.345,0,0.000,33,0.006,0,0,159.808,7.902,0,0,0.000,0,0.000,0.000,0.000,-1.000
gen/cluster-even-30/s3,cluster,even,30,3,G-RTA-X,8,1,30,0,156.560,15.632,35.448,2560.737,17.989,0,7,10550,1028744,12.030,1974.690,0,0.000,12,0.055,0,0,157.568,7.333,0,0,0.000,0,0.000,0.000,0.000,-1.000
gen/cluster-even-30/s3,cluster,even,30,3,G-RTA,8,1,30,0,159.184,16.657,34.424,2566.456,18.221,0,8,2829,568207,13.529,1421.267,0,0.000,27,0.288,0,0,160.192,7.842,0,0,0.000,0,0.000,0.000,1.000,-1.000
gen/cluster-even-30/s3,cluster,even,30,3,G-RTA-X,8,1,30,0,159.568,15.400,37.744,2652.985,18.359,0,6,9539,974560,11.977,16095.447,0,0.000,1,0.590,0,0,160.576,7.546,0,0,0.000,0,0.000,0.000,1.000,-1.000
gen/cluster-even-30/s3,cluster,even,30,3,G-RTA-X,8,1,30,0,159.792,15.856,37.744,2661.246,18.387,0,6,9997,1004969,12.892,3155.561,0,0.000,4,0.289,0,0,160.800,7.989,0,0,0.000,0,0.000,0.000,2.000,-1.000
gen/cluster-even-30/s3,cluster,even,30,3,G-RTA,8,1,30,0,157.936,15.595,34.424,2594.432,18.093,0,7,2804,559902,13.628,3497.934,0,0.000,3,0.715,0,0,158.944,8.020,0,0,0.000,0,0.000,0.000,2.000,-1.000
gen/cluster-even-30/s4,cluster,even,30,4,G-RTA,8,1,30,0,158.576,18.075,40.472,2486.113,18.028,0,8,2812,559125,14.679,3520.334,0,0.000,31,0.015,0,0,159.584,7.964,0,0,0.000,0,0.000,0.000,0.000,-1.000
gen/cluster-even-30/s4,cluster,even,30,4,G-RTA-X,8,1,30,0,155.472,16.921,33.816,2535.710,17.813,0,8,9645,968152,13.389,3086.572,0,0.000,9,0.160,0,0,156.480,7.703,0,0,0.000,0,0.000,0.000,0.000,-1.000
gen/cluster-even-30/s4,cluster,even,30,4,G-RTA-X,8,1,30,0,158.320,16.837,33.816,2618.402,18.169,0,8,10103,1002353,12.973,4375.005,0,0.000,3,0.803,0,0,159.328,7.677,0,0,0.000,0,0.000,0.000,1.000,-1.000
gen/cluster-even-30/s4,cluster,even,30,4,G-RTA,8,1,30,0,163.984,17.850,29.920,2551.358,18.646,0,8,2909,580564,14.503,2032.811,0,0.000,18,0.191,0,0,164.992,8.537,0,0,0.000,0,0.000,0.000,1.000,-1.000
gen/cluster-even-30/s4,cluster,even,30,4,G-RTA,8,1,30,0,162.480,17.695,34.632,2480.798,18.495,0,8,2885,576032,14.364,2863.050,0,0.000,5,0.751,0,0,163.488,8.356,0,0,0.000,0,0.000,0.000,2.000,-1.000
gen/cluster-even-30/s4,cluster,even,30,4,G-RTA-X,8,1,30,0,158.224,16.697,33.816,2519.845,18.149,0,7,10486,1025031,12.991,10851.427,0,0.000,4,0.327,0,0,159.232,7.805,0,0,0.000,0,0.000,0.000,2.000,-1.000
gen/cluster-even-30/s5,cluster,even,30,5,G-RTA,8,1,30,0,158.832,17.323,35.048,2749.648,18.162,0,8,2820,562627,14.369,2526.297,0,0.000,32,0.012,0,0,159.840,8.047,0,0,0.000,0,0.000,0.000,0.000,-1.000
gen/cluster-even-30/s5,cluster,even,30,5,G-RTA-X,8,1,30,0,159.472,16.764,29.600,2814.386,18.351,0,8,8605,919372,12.293,3919.301,0,0.000,4,0.141,0,0,160.480,7.301,0,0,0.000,0,0.000,0.000,0.000,-1.000
gen/cluster-even-30/s5,cluster,even,30,5,G-RTA-X,8,1,30,0,160.240,16.749,29.568,2803.017,18.434,0,8,9959,1004662,12.736,14751.762,0,0.000,5,0.587,0,0,161.248,7.634,0,0,0.000,0,0.000,0.000,1.000,-1.000
gen/cluster-even-30/s5,cluster,even,30,5,G-RTA,8,1,30,0,163.408,17.411,35.048,2748.432,18.679,0,8,2901,581170,14.283,4044.923,0,0.000,26,0.547,0,0,164.416,8.351,0,0,0.000,0,0.000,0.000,1.000,-1.000
gen/cluster-even-30/s5,cluster,even,30,5,G-RTA-X,8,1,30,0,159.056,16.539,29.536,2756.599,18.285,0,8,7954,872466,12.279,2073.905,0,0.000,4,0.224,0,0,160.064,7.247,0,0,0.000,0,0.000,0.000,2.000,-1.000
gen/cluster-even-30/s5,cluster,even,30,5,G-RTA,8,1,30,0,162.512,17.237,35.048,2759.904,18.645,0,8,2885,577988,13.615,4598.230,0,0.000,7,0.668,0,0,163.520,7.997,0,0,0.000,0,0.000,0.000,2.000,-1.000
gen/cluster-static-30/s1,cluster,static,30,1,G-RTA-X,8,1,30,0,78.464,40.446,78.464,907.444,8.905,0,8,1654,295544,49.202,4833.193,0,0.000,0,1.632,0,0,79.472,6.736,0,0,0.000,0,0.000,0.000,0.000,-1.000
gen/cluster-static-30/s1,cluster,static,30,1,G-RTA,8,1,30,0,85.920,39.679,85.920,1201.885,9.780,0,8,1590,309848,46.591,5155.111,0,0.000,4,0.028,0,0,86.928,7.491,0,0,0.000,0,0.000,0.000,0.000,-1.000
gen/cluster-static-30/s1,cluster,static,30,1,G-RTA,8,1,30,0,86.656,40.288,86.656,1247.724,9.876,0,8,1598,311063,45.806,3918.139,0,0.000,2,0.795,0,0,87.664,7.453,0,0,0.000,0,0.000,0.000,1.000,-1.000
gen/cluster-static-30/s1,cluster,static,30,1,G-RTA-X,8,1,30,0,78.464,40.444,78.464,907.580,8.905,0,8,1650,295342,51.218,9272.779,0,0.000,0,1.826,0,0,79.472,7.161,0,0,0.000,0,0.000,0.000,1.000,-1.000
gen/cluster-static-30/s1,cluster,static,30,1,G-RTA,8,1,30,0,86.656,40.189,86.656,1231.022,9.876,0,8,1598,311239,48.299,9433.553,0,0.000,1,0.641,0,0,87.664,7.760,0,0,0.000,0,0.000,0.000,2.000,-1.000
gen/cluster-static-30/s1,cluster,static,30,1,G-RTA-X,8,1,30,0,78.464,40.419,78.464,907.963,8.906,0,8,1628,294074,54.114,12106.766,0,0.000,0,1.953,0,0,79.472,7.506,0,0,0.000,0,0.000,0.000,2.000,-1.000
gen/cluster-static-30/s2,cluster,static,30,2,G-RTA,8,1,30,0,93.696,54.354,93.696,1412.515,10.657,0,8,1719,336155,56.627,6462.804,0,0.000,1,0.830,0,0,94.704,9.045,0,0,0.000,0,0.000,0.000,0.000,-1.000
gen/cluster-static-30/s2,cluster,static,30,2,G-RTA-X,8,1,30,0,110.272,58.610,110.272,1490.346,12.505,0,8,2209,409701,53.341,6494.410,0,0.000,2,0.562,0,0,111.280,10.206,0,0,0.000,0,0.000,0.000,0.000,-1.000
gen/cluster-static-30/s2,cluster,static,30,2,G-RTA,8,1,30,0,93.696,54.429,93.696,1410.969,10.656,0,8,1719,336219,55.466,3564.724,0,0.000,1,0.907,0,0,94.704,8.946,0,0,0.000,0,0.000,0.000,1.000,-1.000
gen/cluster-static-30/s2,cluster,static,30,2,G-RTA-X,8,1,30,0,99.360,56.225,99.360,1374.719,11.293,0,8,2334,391625,56.386,5802.183,0,0.000,0,1.114,0,0,100.368,9.776,0,0,0.000,0,0.000,0.000,1.000,-1.000
gen/cluster-static-30/s2,cluster,static,30,2,G-RTA,8,1,30,0,93.824,54.816,93.824,1405.350,10.674,0,8,1727,337703,57.045,16639.398,0,0.000,0,1.232,0,0,94.832,9.293,0,0,0.000,0,0.000,0.000,2.000,-1.000
gen/cluster-static-30/s2,cluster,static,30,2,G-RTA-X,8,1,30,0,112.512,58.907,112.512,1514.408,12.765,0,8,2264,417817,55.254,3319.028,0,0.000,0,1.201,0,0,113.520,11.177,0,0,0.000,0,0.000,0.000,2.000,-1.000
gen/cluster-static-30/s3,cluster,static,30,3,G-RTA,8,1,30,0,91.648,54.862,91.648,1310.099,10.439,0,8,1687,330371,63.400,6947.037,0,0.000,4,0.107,0,0,92.656,10.102,0,0,0.000,0,0.000,0.000,0.000,-1.000
gen/cluster-static-30/s3,cluster,static,30,3,G-RTA-X,8,1,30,0,98.464,53.865,98.464,1224.252,11.173,0,8,2889,415169,60.008,19874.263,0,0.000,0,2.191,0,0,99.472,10.519,0,0,0.000,0,0.000,0.000,0.000,-1.000
gen/cluster-static-30/s3,cluster,static,30,3,G-RTA,8,1,30,0,96.896,55.145,96.896,1422.575,10.998,0,8,1776,346698,62.263,4838.521,0,0.000,2,0.672,0,0,97.904,10.794,0,0,0.000,0,0.000,0.000,1.000,-1.000
gen/cluster-static-30/s3,cluster,static,30,3,G-RTA-X,8,1,30,0,98.464,53.860,98.464,1225.287,11.173,0,8,2889,415145,58.837,16302.079,0,0.000,0,2.438,0,0,99.472,10.314,0,0,0.000,0,0.000,0.000,1.000,-1.000
gen/cluster-static-30/s3,cluster,static,30,3,G-RTA,8,1,30,0,92.288,54.693,92.288,1324.125,10.504,0,8,1703,333383,65.135,4205.446,0,0.000,1,0.971,0,0,93.296,10.423,0,0,0.000,0,0.000,0.000,2.000,-1.000
gen/cluster-static-30/s4,cluster,static,30,4,G-RTA,8,1,30,0,75.040,41.381,75.040,959.400,8.544,0,8,1404,273186,61.086,7489.627,0,0.000,2,0.030,0,0,76.048,8.149,0,0,0.000,0,0.000,0.000,0.000,-1.000
gen/cluster-static-30/s3,cluster,static,30,3,G-RTA-X,8,1,30,0,98.464,53.863,98.464,1226.174,11.174,0,8,2889,415214,61.665,3706.415,0,0.000,0,2.505,0,0,99.472,10.945,0,0,0.000,0,0.000,0.000,2.000,-1.000
gen/cluster-static-30/s4,cluster,static,30,4,G-RTA-X,8,1,30,0,77.568,41.476,77.568,918.155,8.826,0,8,1611,291755,56.929,3271.582,0,0.000,0,1.786,0,0,78.576,7.774,0,0,0.000,0,0.000,0.000,0.000,-1.000
gen/cluster-static-30/s4,cluster,static,30,4,G-RTA,8,1,30,0,75.104,41.378,75.104,959.310,8.551,0,8,1412,274613,60.284,13498.684,0,0.000,1,0.940,0,0,76.112,8.079,0,0,0.000,0,0.000,0.000,1.000,-1.000
gen/cluster-static-30/s4,cluster,static,30,4,G-RTA-X,8,1,30,0,77.568,41.494,77.568,918.631,8.826,0,8,1611,291700,60.868,4428.316,0,0.000,0,1.872,0,0,78.576,8.488,0,0,0.000,0,0.000,0.000,1.000,-1.000
gen/cluster-static-30/s4,cluster,static,30,4,G-RTA,8,1,30,0,75.104,41.379,75.104,959.048,8.553,0,8,1412,274626,62.079,5451.611,0,0.000,0,1.221,0,0,76.112,8.259,0,0,0.000,0,0.000,0.000,2.000,-1.000
gen/cluster-static-30/s4,cluster,static,30,4,G-RTA-X,8,1,30,0,77.568,41.505,77.568,918.974,8.827,0,8,1609,291647,62.121,19509.578,0,0.000,0,1.940,0,0,78.576,8.487,0,0,0.000,0,0.000,0.000,2.000,-1.000
gen/cluster-static-30/s5,cluster,static,30,5,G-RTA,8,1,30,0,92.928,50.095,92.928,1311.413,10.589,0,8,1711,336315,58.657,5155.801,0,0.000,11,0.022,0,0,93.936,9.656,0,0,0.000,0,0.000,0.000,0.000,-1.000
gen/cluster-static-30/s5,cluster,static,30,5,G-RTA-X,8,1,30,0,89.920,50.437,89.920,1113.280,10.192,0,8,2116,356479,59.693,3400.839,0,0.000,1,0.589,0,0,90.928,9.303,0,0,0.000,0,0.000,0.000,0.000,-1.000
gen/cluster-static-30/s5,cluster,static,30,5,G-RTA,8,1,30,0,94.592,50.203,94.592,1346.580,10.762,0,8,1736,340825,56.504,5969.634,0,0.000,4,0.192,0,0,95.600,9.647,0,0,0.000,0,0.000,0.000,1.000,-1.000
gen/cluster-static-30/s5,cluster,static,30,5,G-RTA-X,8,1,30,0,89.856,50.464,89.856,1117.376,10.187,0,8,1859,340780,59.636,6523.200,0,0.000,2,0.655,0,0,90.864,9.445,0,0,0.000,0,0.000,0.000,1.000,-1.000
gen/cluster-static-30/s5,cluster,static,30,5,G-RTA,8,1,30,0,90.816,49.972,90.816,1286.501,10.346,0,8,1679,330191,60.361,5242.564,0,0.000,2,0.867,0,0,91.824,9.711,0,0,0.000,0,0.000,0.000,2.000,-1.000
gen/cluster-static-30/s5,cluster,static,30,5,G-RTA-X,8,1,30,0,89.856,50.501,89.856,1126.244,10.193,0,8,1856,340550,60.624,19082.973,0,0.000,0,1.174,0,0,90.864,9.495,0,0,0.000,0,0.000,0.000,2.000,-1.000
gen/multicluster-even-30/s1,multicluster,even,30,1,G-RTA,8,1,30,0,167.408,18.311,32.760,2956.654,19.130,0,7,2966,594097,16.009,35511.897,0,0.000,35,0.014,0,0,168.416,9.348,0,0,0.000,0,0.000,0.000,0.000,-1.000
gen/multicluster-even-30/s1,multicluster,even,30,1,G-RTA-X,8,1,30,0,162.768,18.494,39.416,3160.501,18.710,0,7,8767,935077,14.204,8135.731,0,0.000,2,0.066,0,0,163.776,8.279,0,0,0.000,0,0.000,0.000,0.000,-1.000
gen/multicluster-even-30/s1,multicluster,even,30,1,G-RTA,8,1,30,0,164.080,18.659,33.920,2861.885,18.745,0,8,2909,583161,15.372,4221.847,0,0.000,24,0.436,0,0,165.088,8.894,0,0,0.000,0,0.000,0.000,1.000,-1.000
gen/multicluster-even-30/s1,multicluster,even,30,1,G-RTA-X,8,1,30,0,161.232,16.726,32.760,3141.982,18.563,0,8,6970,821236,12.655,5154.640,0,0.000,2,0.173,0,0,162.240,7.641,0,0,0.000,0,0.000,0.000,1.000,-1.000
gen/multicluster-even-30/s1,multicluster,even,30,1,G-RTA,8,1,30,0,163.152,18.609,35.424,2847.479,18.692,0,8,2893,580280,15.562,8644.774,0,0.000,9,0.295,0,0,164.160,8.895,0,0,0.000,0,0.000,0.000,2.000,-1.000
gen/multicluster-even-30/s1,multicluster,even,30,1,G-RTA-X,8,1,30,0,164.656,17.927,32.760,2989.264,18.893,0,8,6766,815742,13.252,5682.869,0,0.000,4,0.149,0,0,165.664,7.892,0,0,0.000,0,0.000,0.000,2.000,-1.000
gen/multicluster-even-30/s2,multicluster,even,30,2,G-RTA-X,8,1,30,0,163.440,17.010,27.232,3520.347,18.885,0,7,8784,938246,12.782,3360.767,0,0.000,1,0.170,0,0,164.448,7.947,0,0,0.000,0,0.000,0.000,0.000,-1.000
gen/multicluster-even-30/s2,multicluster,even,30,2,G-RTA,8,1,30,0,170.576,18.190,39.856,3245.336,19.519,0,8,3023,607981,14.684,3423.286,0,0.000,35,0.008,0,0,171.584,9.057,0,0,0.000,0,0.000,0.000,0.000,-1.000
gen/multicluster-even-30/s2,multicluster,even,30,2,G-RTA-X,8,1,30,0,164.368,17.155,27.816,3573.229,18.996,0,7,7821,879719,12.805,5189.171,0,0.000,2,0.709,0,0,165.376,7.940,0,0,0.000,0,0.000,0.000,1.000,-1.000
gen/multicluster-even-30/s2,multicluster,even,30,2,G-RTA,8,1,30,0,172.176,18.348,39.856,3147.553,19.669,0,8,3047,612531,14.835,11754.836,0,0.000,20,0.284,0,0,173.184,9.367,0,0,0.000,0,0.000,0.000,1.000,-1.000
gen/multicluster-even-30/s2,multicluster,even,30,2,G-RTA-X,8,1,30,0,160.656,16.914,27.296,3398.700,18.555,0,7,7153,830283,13.733,1574.405,0,0.000,1,0.775,0,0,161.664,8.248,0,0,0.000,0,0.000,0.000,2.000,-1.000
gen/multicluster-even-30/s2,multicluster,even,30,2,G-RTA,8,1,30,0,174.832,17.892,39.856,3179.912,19.959,0,8,3088,620089,15.108,30979.209,0,0.000,6,0.584,0,0,175.840,9.811,0,0,0.000,0,0.000,0.000,2.000,-1.000
gen/multicluster-even-30/s3,multicluster,even,30,3,G-RTA,8,1,30,0,170.960,20.932,39.136,2839.353,19.438,0,8,3031,607767,17.616,16021.090,0,0.000,41,0.005,0,0,171.968,10.145,0,0,0.000,0,0.000,0.000,0.000,-1.000
gen/multicluster-even-30/s3,multicluster,even,30,3,G-RTA-X,8,1,30,0,168.432,18.002,42.472,3099.898,19.317,0,8,7187,848801,14.267,12188.265,0,0.000,9,0.170,0,0,169.440,8.998,0,0,0.000,0,0.000,0.000,0.000,-1.000
gen/multicluster-even-30/s3,multicluster,even,30,3,G-RTA,8,1,30,0,167.920,18.621,32.968,2948.318,19.141,0,8,2974,593223,14.762,2442.938,0,0.000,15,0.223,0,0,168.928,8.953,0,0,0.000,0,0.000,0.000,1.000,-1.000
gen/multicluster-even-30/s3,multicluster,even,30,3,G-RTA-X,8,1,30,0,159.664,18.231,42.472,3005.470,18.331,0,8,6683,799808,14.656,5199.925,0,0.000,7,0.314,0,0,160.672,8.374,0,0,0.000,0,0.000,0.000,1.000,-1.000
gen/multicluster-even-30/s3,multicluster,even,30,3,G-RTA,8,1,30,0,161.616,18.570,42.432,2832.055,18.490,0,7,2869,573658,15.699,4156.283,0,0.000,3,0.699,0,0,162.624,8.920,0,0,0.000,0,0.000,0.000,2.000,-1.000
gen/multicluster-even-30/s3,multicluster,even,30,3,G-RTA-X,8,1,30,0,161.136,18.396,42.632,3040.201,18.519,0,8,9377,969558,15.565,20119.792,0,0.000,11,0.524,0,0,162.144,9.158,0,0,0.000,0,0.000,0.000,2.000,-1.000
gen/multicluster-even-30/s4,multicluster,even,30,4,G-RTA-X,8,1,30,0,162.352,16.585,27.728,3113.239,18.682,0,6,9437,975737,13.431,5806.081,0,0.000,5,0.107,0,0,163.360,8.305,0,0,0.000,0,0.000,0.000,0.000,-1.000
gen/multicluster-even-30/s4,multicluster,even,30,4,G-RTA,8,1,30,0,165.008,17.588,30.440,2651.827,18.814,0,8,2926,585012,14.954,5952.366,0,0.000,29,0.007,0,0,166.016,8.976,0,0,0.000,0,0.000,0.000,0.000,-1.000
gen/multicluster-even-30/s4,multicluster,even,30,4,G-RTA-X,8,1,30,0,161.744,16.886,27.728,3116.253,18.594,0,7,8693,926732,13.825,7296.998,0,0.000,4,0.646,0,0,162.752,8.615,0,0,0.000,0,0.000,0.000,1.000,-1.000
gen/multicluster-even-30/s4,multicluster,even,30,4,G-RTA,8,1,30,0,167.728,17.862,30.480,2715.114,19.104,0,8,2966,592288,15.527,2403.395,0,0.000,22,0.118,0,0,168.736,9.578,0,0,0.000,0,0.000,0.000,1.000,-1.000
gen/multicluster-even-30/s4,multicluster,even,30,4,G-RTA,8,1,30,0,161.712,17.547,33.768,2591.386,18.415,0,8,2869,574681,15.343,10773.769,0,0.000,8,0.673,0,0,162.720,9.086,0,0,0.000,0,0.000,0.000,2.000,-1.000
gen/multicluster-even-30/s4,multicluster,even,30,4,G-RTA-X,8,1,30,0,165.328,16.826,27.728,3136.858,19.009,0,7,9231,968427,13.310,2496.321,0,0.000,4,0.779,0,0,166.336,8.563,0,0,0.000,0,0.000,0.000,2.000,-1.000
gen/multicluster-even-30/s5,multicluster,even,30,5,G-RTA,8,1,30,0,158.512,16.936,36.584,2542.599,18.092,0,7,2812,563175,15.437,6214.609,0,0.000,23,0.008,0,0,159.520,8.909,0,0,0.000,0,0.000,0.000,0.000,-1.000
gen/multicluster-even-30/s5,multicluster,even,30,5,G-RTA-X,8,1,30,0,162.704,16.033,32.280,2718.742,18.674,0,7,9052,953778,13.978,14362.772,0,0.000,11,0.139,0,0,163.712,8.972,0,0,0.000,0,0.000,0.000,0.000,-1.000
gen/multicluster-even-30/s5,multicluster,even,30,5,G-RTA-X,8,1,30,0,159.760,15.874,32.280,2807.892,18.384,0,8,9205,956520,13.739,4224.285,0,0.000,4,0.499,0,0,160.768,8.611,0,0,0.000,0,0.000,0.000,1.000,-1.000
gen/multicluster-even-30/s5,multicluster,even,30,5,G-RTA,8,1,30,0,163.888,17.099,41.320,2628.643,18.702,0,8,2909,584628,16.143,8236.500,0,0.000,22,0.389,0,0,164.896,9.722,0,0,0.000,0,0.000,0.000,1.000,-1.000
gen/multicluster-even-30/s5,multicluster,even,30,5,G-RTA-X,8,1,30,0,158.576,15.749,32.280,2597.538,18.225,0,8,9611,977010,12.706,3620.088,0,0.000,5,0.453,0,0,159.584,7.964,0,0,0.000,0,0.000,0.000,2.000,-1.000
gen/multicluster-even-30/s5,multicluster,even,30,5,G-RTA,8,1,30,0,156.752,17.048,37.704,2474.543,17.940,0,8,2788,558745,15.776,17529.345,0,0.000,10,0.743,0,0,157.760,9.023,0,0,0.000,0,0.000,0.000,2.000,-1.000
gen/multicluster-static-30/s1,multicluster,static,30,1,G-RTA,8,1,30,0,98.208,55.712,98.208,1599.210,11.169,0,8,1792,351098,56.877,6285.649,0,0.000,1,0.222,0,0,99.216,9.879,0,0,0.000,0,0.000,0.000,0.000,-1.000
gen/multicluster-static-30/s1,multicluster,static,30,1,G-RTA-X,8,1,30,0,105.376,57.081,105.376,1435.767,11.953,0,8,2122,392535,55.029,16183.599,0,0.000,0,1.660,0,0,106.384,10.212,0,0,0.000,0,0.000,0.000,0.000,-1.000
gen/multicluster-static-30/s1,multicluster,static,30,1,G-RTA,8,1,30,0,98.208,55.714,98.208,1597.224,11.170,0,8,1792,351111,58.271,4265.014,0,0.000,1,0.889,0,0,99.216,10.069,0,0,0.000,0,0.000,0.000,1.000,-1.000
gen/multicluster-static-30/s1,multicluster,static,30,1,G-RTA-X,8,1,30,0,105.376,56.864,105.376,1474.504,11.954,0,8,2119,392391,57.242,14313.126,0,0.000,0,1.603,0,0,106.384,10.810,0,0,0.000,0,0.000,0.000,1.000,-1.000
gen/multicluster-static-30/s1,multicluster,static,30,1,G-RTA,8,1,30,0,98.208,55.683,98.208,1596.257,11.171,0,8,1792,351133,61.917,4353.453,0,0.000,0,1.053,0,0,99.216,11.019,0,0,0.000,0,0.000,0.000,2.000,-1.000
gen/multicluster-static-30/s1,multicluster,static,30,1,G-RTA-X,8,1,30,0,105.376,56.873,105.376,1473.847,11.954,0,8,2123,392658,56.376,6252.108,0,0.000,0,1.644,0,0,106.384,10.571,0,0,0.000,0,0.000,0.000,2.000,-1.000
gen/multicluster-static-30/s2,multicluster,static,30,2,G-RTA,8,1,30,0,114.272,62.719,114.272,1998.664,12.981,0,8,2068,408256,60.492,7845.526,0,0.000,8,0.030,0,0,115.280,12.215,0,0,0.000,0,0.000,0.000,0.000,-1.000
gen/multicluster-static-30/s2,multicluster,static,30,2,G-RTA-X,8,1,30,0,109.632,60.398,109.632,1739.137,12.470,0,8,2486,425292,57.860,14459.342,0,0.000,0,1.256,0,0,110.640,11.201,0,0,0.000,0,0.000,0.000,0.000,-1.000
gen/multicluster-static-30/s2,multicluster,static,30,2,G-RTA,8,1,30,0,112.128,63.049,112.128,1991.725,12.732,0,8,2035,402267,56.054,4949.384,0,0.000,5,0.618,0,0,113.136,11.066,0,0,0.000,0,0.000,0.000,1.000,-1.000
gen/multicluster-static-30/s2,multicluster,static,30,2,G-RTA-X,8,1,30,0,109.664,60.384,109.664,1739.262,12.474,0,8,2486,425261,55.716,9287.819,0,0.000,0,1.664,0,0,110.672,10.697,0,0,0.000,0,0.000,0.000,1.000,-1.000
gen/multicluster-static-30/s2,multicluster,static,30,2,G-RTA,8,1,30,0,115.168,62.819,115.168,2006.566,13.095,0,8,2084,411250,54.060,3154.985,0,0.000,1,0.919,0,0,116.176,11.185,0,0,0.000,0,0.000,0.000,2.000,-1.000
gen/multicluster-static-30/s2,multicluster,static,30,2,G-RTA-X,8,1,30,0,120.928,61.047,120.928,1743.368,13.709,0,8,2674,462972,51.811,15818.849,0,0.000,0,1.894,0,0,121.936,11.443,0,0,0.000,0,0.000,0.000,2.000,-1.000
gen/multicluster-static-30/s3,multicluster,static,30,3,G-RTA,8,1,30,0,105.440,57.547,105.440,1750.960,11.988,0,8,1922,378835,54.215,4018.358,0,0.000,4,0.154,0,0,106.448,10.081,0,0,0.000,0,0.000,0.000,0.000,-1.000
gen/multicluster-static-30/s3,multicluster,static,30,3,G-RTA-X,8,1,30,0,95.872,55.042,95.872,1397.907,10.886,0,8,2525,391736,60.698,5791.866,0,0.000,0,2.606,0,0,96.880,10.133,0,0,0.000,0,0.000,0.000,0.000,-1.000
gen/multicluster-static-30/s3,multicluster,static,30,3,G-RTA-X,8,1,30,0,95.872,55.040,95.872,1398.230,10.886,0,8,2525,391894,58.043,17053.550,0,0.000,0,2.668,0,0,96.880,9.655,0,0,0.000,0,0.000,0.000,1.000,-1.000
gen/multicluster-static-30/s3,multicluster,static,30,3,G-RTA,8,1,30,0,105.056,57.546,105.056,1743.696,11.951,0,8,1914,377154,53.543,2825.788,0,0.000,7,0.442,0,0,106.064,9.968,0,0,0.000,0,0.000,0.000,1.000,-1.000
gen/multicluster-static-30/s3,multicluster,static,30,3,G-RTA,8,1,30,0,105.088,54.981,105.088,1668.127,11.937,0,8,1914,377339,51.968,2788.955,0,0.000,0,1.007,0,0,106.096,9.772,0,0,0.000,0,0.000,0.000,2.000,-1.000
gen/multicluster-static-30/s3,multicluster,static,30,3,G-RTA-X,8,1,30,0,97.696,54.734,97.696,1406.311,11.100,0,8,2554,396353,57.222,4781.224,0,0.000,0,2.779,0,0,98.704,9.784,0,0,0.000,0,0.000,0.000,2.000,-1.000
gen/multicluster-static-30/s4,multicluster,static,30,4,G-RTA-X,8,1,30,0,88.544,46.078,88.544,1138.939,10.066,0,8,1811,330766,53.422,2147.197,0,0.000,0,1.062,0,0,89.552,8.360,0,0,0.000,0,0.000,0.000,0.000,-1.000
gen/multicluster-static-30/s4,multicluster,static,30,4,G-RTA,8,1,30,0,91.712,47.090,91.712,1385.115,10.419,0,8,1687,332543,51.205,13396.017,0,0.000,5,0.166,0,0,92.720,8.470,0,0,0.000,0,0.000,0.000,0.000,-1.000
gen/multicluster-static-30/s4,multicluster,static,30,4,G-RTA,8,1,30,0,86.560,47.689,86.560,1279.813,9.866,0,8,1598,312401,58.334,1826.737,0,0.000,5,0.797,0,0,87.568,8.795,0,0,0.000,0,0.000,0.000,1.000,-1.000
gen/multicluster-static-30/s4,multicluster,static,30,4,G-RTA-X,8,1,30,0,88.544,46.022,88.544,1068.071,10.058,0,8,1810,330688,56.387,4223.683,0,0.000,0,1.278,0,0,89.552,8.963,0,0,0.000,0,0.000,0.000,1.000,-1.000
gen/multicluster-static-30/s4,multicluster,static,30,4,G-RTA-X,8,1,30,0,88.544,45.788,88.544,1070.803,10.062,0,8,1807,330434,55.427,4457.003,0,0.000,0,1.435,0,0,89.552,8.690,0,0,0.000,0,0.000,0.000,2.000,-1.000
gen/multicluster-static-30/s4,multicluster,static,30,4,G-RTA,8,1,30,0,86.720,47.742,86.720,1281.706,9.884,0,8,1606,313908,57.423,5642.006,0,0.000,0,1.037,0,0,87.728,8.809,0,0,0.000,0,0.000,0.000,2.000,-1.000
gen/multicluster-static-30/s5,multicluster,static,30,5,G-RTA,8,1,30,0,102.560,60.181,102.560,1684.940,11.664,0,8,1873,369796,58.184,4510.437,0,0.000,2,0.038,0,0,103.568,10.288,0,0,0.000,0,0.000,0.000,0.000,-1.000
gen/multicluster-static-30/s5,multicluster,static,30,5,G-RTA-X,8,1,30,0,97.952,59.628,97.952,1640.831,11.166,0,8,2000,366187,59.536,4252.186,0,0.000,0,1.675,0,0,98.960,9.842,0,0,0.000,0,0.000,0.000,0.000,-1.000
gen/multicluster-static-30/s5,multicluster,static,30,5,G-RTA,8,1,30,0,103.616,60.238,103.616,1709.062,11.789,0,8,1889,372754,57.152,2683.966,0,0.000,3,0.708,0,0,104.624,10.199,0,0,0.000,0,0.000,0.000,1.000,-1.000
gen/multicluster-static-30/s5,multicluster,static,30,5,G-RTA-X,8,1,30,0,97.952,59.628,97.952,1641.316,11.166,0,8,2000,366098,62.089,19269.232,0,0.000,0,2.030,0,0,98.960,10.377,0,0,0.000,0,0.000,0.000,1.000,-1.000
gen/multicluster-static-30/s5,multicluster,static,30,5,G-RTA,8,1,30,0,103.072,60.572,103.072,1698.747,11.714,0,8,1881,371305,56.669,5542.692,0,0.000,2,0.965,0,0,104.080,10.036,0,0,0.000,0,0.000,0.000,2.000,-1.000
gen/multicluster-static-30/s5,multicluster,static,30,5,G-RTA-X,8,1,30,0,98.048,59.634,98.048,1643.133,11.178,0,8,2000,366019,61.785,12629.687,0,0.000,0,2.269,0,0,99.056,10.266,0,0,0.000,0,0.000,0.000,2.000,-1.000
gen/random-even-30/s1,random,even,30,1,G-RTA-X,8,1,30,0,169.680,19.968,46.256,3945.880,19.492,0,8,7669,883718,13.630,2937.492,0,0.000,2,0.890,0,0,170.688,7.945,0,0,0.000,0,0.000,0.000,0.000,-1.000
gen/random-even-30/s1,random,even,30,1,G-RTA,8,1,30,0,164.912,23.662,46.832,3647.300,18.880,0,8,2926,585033,17.586,2133.255,0,0.000,20,0.003,0,0,165.920,8.907,0,0,0.000,0,0.000,0.000,0.000,-1.000
gen/random-even-30/s1,random,even,30,1,G-RTA-X,8,1,30,0,162.544,20.152,46.256,3843.437,18.692,0,8,7960,884029,14.869,1227.031,0,0.000,1,0.440,0,0,163.552,8.280,0,0,0.000,0,0.000,0.000,1.000,-1.000
gen/random-even-30/s1,random,even,30,1,G-RTA,8,1,30,0,168.208,23.878,46.832,3720.967,19.275,0,8,2974,593916,18.038,6435.549,0,0.000,12,0.648,0,0,169.216,9.522,0,0,0.000,0,0.000,0.000,1.000,-1.000
gen/random-even-30/s1,random,even,30,1,G-RTA-X,8,1,30,0,163.728,20.547,46.256,3850.025,18.811,0,8,7942,884905,14.586,2766.814,0,0.000,2,0.649,0,0,164.736,8.043,0,0,0.000,0,0.000,0.000,2.000,-1.000
gen/random-even-30/s1,random,even,30,1,G-RTA,8,1,30,0,165.424,23.668,46.832,3696.315,18.986,0,8,2934,586693,17.836,5143.739,0,0.000,7,0.625,0,0,166.432,9.189,0,0,0.000,0,0.000,0.000,2.000,-1.000
gen/random-even-30/s2,random,even,30,2,G-RTA-X,8,1,30,0,169.936,19.565,34.648,3929.165,19.540,0,8,8457,938450,13.135,5044.571,0,0.000,0,2.702,0,0,170.944,7.751,0,0,0.000,0,0.000,0.000,0.000,-1.000
gen/random-even-30/s2,random,even,30,2,G-RTA,8,1,30,0,167.024,21.337,38.768,3804.821,19.179,0,8,2958,590983,15.838,4095.839,0,0.000,15,0.006,0,0,168.032,8.656,0,0,0.000,0,0.000,0.000,0.000,-1.000
gen/random-even-30/s2,random,even,30,2,G-RTA-X,8,1,30,0,165.552,20.353,34.648,3950.184,19.034,0,8,6892,827260,13.985,12395.320,0,0.000,0,1.320,0,0,166.560,7.747,0,0,0.000,0,0.000,0.000,1.000,-1.000
gen/random-even-30/s2,random,even,30,2,G-RTA,8,1,30,0,169.360,21.562,38.832,3902.459,19.389,0,8,3007,603311,14.934,4775.310,0,0.000,9,0.348,0,0,170.368,8.270,0,0,0.000,0,0.000,0.000,1.000,-1.000
gen/random-even-30/s2,random,even,30,2,G-RTA-X,8,1,30,0,165.104,20.186,34.648,3933.386,18.975,0,8,6599,806988,13.763,1396.194,0,0.000,0,1.114,0,0,166.112,7.718,0,0,0.000,0,0.000,0.000,2.000,-1.000
gen/random-even-30/s3,random,even,30,3,G-RTA-X,8,1,30,0,164.720,20.919,36.592,3899.262,18.938,0,8,7255,843934,14.141,2871.643,0,0.000,1,0.028,0,0,165.728,7.745,0,0,0.000,0,0.000,0.000,0.000,-1.000
gen/random-even-30/s2,random,even,30,2,G-RTA,8,1,30,0,169.904,20.483,38.896,3854.121,19.516,0,8,3015,604618,15.383,2087.813,0,0.000,7,0.545,0,0,170.912,8.845,0,0,0.000,0,0.000,0.000,2.000,-1.000
gen/random-even-30/s3,random,even,30,3,G-RTA,8,1,30,0,162.576,22.476,46.992,3671.697,18.644,0,8,2885,577215,16.749,5778.489,0,0.000,8,0.010,0,0,163.584,8.586,0,0,0.000,0,0.000,0.000,0.000,-1.000
gen/random-even-30/s3,random,even,30,3,G-RTA-X,8,1,30,0,164.720,20.917,36.592,3899.361,18.943,0,8,7320,847824,16.031,3203.299,0,0.000,2,0.681,0,0,165.728,9.043,0,0,0.000,0,0.000,0.000,1.000,-1.000
gen/random-even-30/s3,random,even,30,3,G-RTA,8,1,30,0,168.144,22.698,46.992,3782.192,19.279,0,8,2974,593530,17.787,3564.594,0,0.000,4,0.686,0,0,169.152,9.792,0,0,0.000,0,0.000,0.000,1.000,-1.000
gen/random-even-30/s3,random,even,30,3,G-RTA-X,8,1,30,0,164.720,20.915,36.656,3897.503,18.940,0,8,7345,849328,15.387,2425.332,0,0.000,0,1.126,0,0,165.728,8.571,0,0,0.000,0,0.000,0.000,2.000,-1.000
gen/random-even-30/s3,random,even,30,3,G-RTA,8,1,30,0,169.488,22.770,46.992,3867.215,19.446,0,8,3007,603034,18.039,3614.003,0,0.000,3,0.832,0,0,170.496,9.880,0,0,0.000,0,0.000,0.000,2.000,-1.000
gen/random-even-30/s4,random,even,30,4,G-RTA-X,8,1,30,0,163.312,21.877,43.472,3826.969,18.714,0,8,7848,881574,16.423,3971.767,0,0.000,1,0.313,0,0,164.320,8.910,0,0,0.000,0,0.000,0.000,0.000,-1.000
gen/random-even-30/s4,random,even,30,4,G-RTA,8,1,30,0,162.672,23.532,52.672,3878.869,18.635,0,8,2885,577617,18.458,3529.914,0,0.000,8,0.498,0,0,163.680,9.536,0,0,0.000,0,0.000,0.000,1.000,-1.000
gen/random-even-30/s4,random,even,30,4,G-RTA,8,1,30,0,169.552,22.250,37.160,3950.494,19.401,0,8,3007,603584,17.684,16075.826,0,0.000,9,0.017,0,0,170.560,9.888,0,0,0.000,0,0.000,0.000,0.000,-1.000
gen/random-even-30/s4,random,even,30,4,G-RTA-X,8,1,30,0,163.312,21.878,43.472,3825.717,18.714,0,8,7864,882839,16.245,10359.550,0,0.000,1,0.674,0,0,164.320,8.784,0,0,0.000,0,0.000,0.000,1.000,-1.000
gen/random-even-30/s4,random,even,30,4,G-RTA-X,8,1,30,0,173.520,22.084,43.472,3824.251,19.851,0,8,6406,815909,14.164,4086.542,0,0.000,1,0.939,0,0,174.528,8.086,0,0,0.000,0,0.000,0.000,2.000,-1.000
gen/random-even-30/s5,random,even,30,5,G-RTA-X,8,1,30,0,162.608,21.559,34.632,3903.037,18.716,0,8,6876,819721,15.119,9417.837,0,0.000,1,0.975,0,0,163.616,7.941,0,0,0.000,0,0.000,0.000,0.000,-1.000
gen/random-even-30/s4,random,even,30,4,G-RTA,8,1,30,0,163.984,23.743,52.160,3927.004,18.796,0,8,2909,582009,17.940,12455.232,0,0.000,4,0.793,0,0,164.992,9.139,0,0,0.000,0,0.000,0.000,2.000,-1.000
gen/random-even-30/s5,random,even,30,5,G-RTA,8,1,30,0,161.296,21.555,42.608,3444.802,18.506,0,8,2869,575168,16.608,3008.186,0,0.000,21,0.029,0,0,162.304,8.570,0,0,0.000,0,0.000,0.000,0.000,-1.000
gen/random-even-30/s5,random,even,30,5,G-RTA-X,8,1,30,0,162.608,21.559,34.568,3903.371,18.717,0,8,6890,820509,16.511,6144.972,0,0.000,1,0.992,0,0,163.616,8.833,0,0,0.000,0,0.000,0.000,1.000,-1.000
gen/random-even-30/s5,random,even,30,5,G-RTA,8,1,30,0,164.496,21.520,42.608,3698.087,18.864,0,8,2918,583969,16.415,3623.836,0,0.000,6,0.688,0,0,165.504,8.799,0,0,0.000,0,0.000,0.000,2.000,-1.000
gen/random-even-30/s5,random,even,30,5,G-RTA-X,8,1,30,0,164.432,21.007,34.568,3890.103,18.910,0,8,6631,807978,15.753,3152.869,0,0.000,0,1.010,0,0,165.440,8.608,0,0,0.000,0,0.000,0.000,2.000,-1.000
gen/random-even-30/s5,random,even,30,5,G-RTA,8,1,30,0,167.408,21.777,42.608,3859.499,19.224,0,8,2966,592636,17.870,4183.197,0,0.000,5,0.371,0,0,168.416,9.863,0,0,0.000,0,0.000,0.000,1.000,-1.000
gen/random-static-30/s1,random,static,30,1,G-RTA,8,1,30,0,110.592,62.106,110.592,1996.338,12.619,0,8,2011,398209,57.673,5168.426,0,0.000,1,0.541,0,0,111.600,11.056,0,0,0.000,0,0.000,0.000,0.000,-1.000
gen/random-static-30/s1,random,static,30,1,G-RTA,8,1,30,0,110.592,62.104,110.592,1995.298,12.620,0,8,2011,398185,57.112,3128.122,0,0.000,0,1.112,0,0,111.600,11.028,0,0,0.000,0,0.000,0.000,1.000,-1.000
gen/random-static-30/s1,random,static,30,1,G-RTA-X,8,1,30,0,116.160,63.491,116.160,1734.650,13.199,0,8,2886,462818,58.854,7516.214,0,0.000,0,2.541,0,0,117.168,12.011,0,0,0.000,0,0.000,0.000,0.000,-1.000
gen/random-static-30/s1,random,static,30,1,G-RTA-X,8,1,30,0,114.400,63.251,114.400,1704.116,12.990,0,8,2827,455190,60.002,7603.130,0,0.000,0,2.542,0,0,115.408,12.170,0,0,0.000,0,0.000,0.000,1.000,-1.000
gen/random-static-30/s1,random,static,30,1,G-RTA,8,1,30,0,110.592,62.103,110.592,1995.446,12.620,0,8,2011,398201,58.720,3475.021,0,0.000,0,1.407,0,0,111.600,11.488,0,0,0.000,0,0.000,0.000,2.000,-1.000
gen/random-static-30/s1,random,static,30,1,G-RTA-X,8,1,30,0,116.160,63.616,116.160,1736.116,13.200,0,8,2869,461775,56.137,8412.713,0,0.000,0,2.531,0,0,117.168,11.550,0,0,0.000,0,0.000,0.000,2.000,-1.000
gen/random-static-30/s2,random,static,30,2,G-RTA-X,8,1,30,0,121.472,67.323,121.472,2054.034,13.801,0,8,3079,489941,55.507,4237.831,0,0.000,0,2.645,0,0,122.480,11.761,0,0,0.000,0,0.000,0.000,0.000,-1.000
gen/random-static-30/s2,random,static,30,2,G-RTA,8,1,30,0,131.888,69.270,131.888,2571.808,14.968,0,8,2367,470740,54.281,6626.148,0,0.000,2,0.009,0,0,132.896,12.861,0,0,0.000,0,0.000,0.000,0.000,-1.000
gen/random-static-30/s2,random,static,30,2,G-RTA,8,1,30,0,131.888,69.176,131.888,2570.233,14.973,0,8,2367,470649,51.693,2158.665,0,0.000,4,0.594,0,0,132.896,12.190,0,0,0.000,0,0.000,0.000,1.000,-1.000
gen/random-static-30/s2,random,static,30,2,G-RTA-X,8,1,30,0,121.472,67.309,121.472,2063.769,13.803,0,8,3087,490390,55.708,10744.574,0,0.000,0,3.132,0,0,122.480,11.889,0,0,0.000,0,0.000,0.000,1.000,-1.000
gen/random-static-30/s2,random,static,30,2,G-RTA-X,8,1,30,0,121.472,67.264,121.472,2042.331,13.804,0,8,3070,489321,54.743,3549.413,0,0.000,0,1.711,0,0,122.480,11.702,0,0,0.000,0,0.000,0.000,2.000,-1.000
gen/random-static-30/s2,random,static,30,2,G-RTA,8,1,30,0,131.888,69.198,131.888,2569.139,14.974,0,8,2367,470708,52.809,3907.535,0,0.000,1,0.819,0,0,132.896,12.518,0,0,0.000,0,0.000,0.000,2.000,-1.000
gen/random-static-30/s3,random,static,30,3,G-RTA,8,1,30,0,112.544,63.974,112.544,2109.809,12.834,0,8,2043,403907,58.545,4188.248,0,0.000,0,3.007,0,0,113.552,11.437,0,0,0.000,0,0.000,0.000,0.000,-1.000
gen/random-static-30/s3,random,static,30,3,G-RTA-X,8,1,30,0,117.120,66.113,117.120,2155.071,13.335,0,8,2699,454219,57.238,12642.113,0,0.000,0,1.469,0,0,118.128,11.717,0,0,0.000,0,0.000,0.000,0.000,-1.000
gen/random-static-30/s3,random,static,30,3,G-RTA,8,1,30,0,120.576,66.620,120.576,2409.179,13.746,0,8,2181,432933,55.387,4025.843,0,0.000,1,0.832,0,0,121.584,11.795,0,0,0.000,0,0.000,0.000,1.000,-1.000
gen/random-static-30/s3,random,static,30,3,G-RTA-X,8,1,30,0,117.952,64.728,117.952,1925.273,13.401,0,8,2824,463860,56.559,6066.843,0,0.000,0,2.845,0,0,118.960,11.662,0,0,0.000,0,0.000,0.000,1.000,-1.000
gen/random-static-30/s3,random,static,30,3,G-RTA,8,1,30,0,120.576,66.867,120.576,2403.663,13.746,0,8,2181,433064,54.669,10360.913,0,0.000,0,1.119,0,0,121.584,11.650,0,0,0.000,0,0.000,0.000,2.000,-1.000
gen/random-static-30/s3,random,static,30,3,G-RTA-X,8,1,30,0,117.152,66.126,117.152,2156.181,13.339,0,8,2644,450767,57.390,20754.081,0,0.000,0,1.740,0,0,118.160,11.954,0,0,0.000,0,0.000,0.000,2.000,-1.000
gen/random-static-30/s4,random,static,30,4,G-RTA,8,1,30,0,121.600,64.167,121.600,2565.656,13.878,0,8,2197,435941,52.517,16192.836,0,0.000,2,0.236,0,0,122.608,11.380,0,0,0.000,0,0.000,0.000,0.000,-1.000
gen/random-static-30/s4,random,static,30,4,G-RTA-X,8,1,30,0,121.600,63.982,121.600,1843.188,13.815,0,8,2700,467527,53.255,4393.340,0,0.000,0,2.389,0,0,122.608,11.358,0,0,0.000,0,0.000,0.000,0.000,-1.000
gen/random-static-30/s4,random,static,30,4,G-RTA,8,1,30,0,121.600,63.789,121.600,2459.419,13.888,0,8,2197,435952,55.218,3979.177,0,0.000,1,0.883,0,0,122.608,11.986,0,0,0.000,0,0.000,0.000,1.000,-1.000
gen/random-static-30/s4,random,static,30,4,G-RTA-X,8,1,30,0,121.600,63.980,121.600,1842.365,13.815,0,8,2692,466959,54.431,6116.093,0,0.000,0,3.300,0,0,122.608,11.749,0,0,0.000,0,0.000,0.000,1.000,-1.000
gen/random-static-30/s4,random,static,30,4,G-RTA,8,1,30,0,121.600,63.769,121.600,2460.068,13.888,0,8,2197,435846,55.101,6955.574,0,0.000,0,1.117,0,0,122.608,11.908,0,0,0.000,0,0.000,0.000,2.000,-1.000
gen/random-static-30/s4,random,static,30,4,G-RTA-X,8,1,30,0,121.600,63.979,121.600,1842.076,13.815,0,8,2692,466981,54.472,12254.571,0,0.000,0,3.494,0,0,122.608,12.015,0,0,0.000,0,0.000,0.000,2.000,-1.000
gen/random-static-30/s5,random,static,30,5,G-RTA,8,1,30,0,120.960,64.969,120.960,2190.188,13.753,0,8,2181,433229,52.013,11818.383,0,0.000,0,2.861,0,0,121.968,11.083,0,0,0.000,0,0.000,0.000,0.000,-1.000
gen/random-static-30/s5,random,static,30,5,G-RTA-X,8,1,30,0,123.616,65.341,123.616,1847.457,14.007,0,8,3329,509858,51.890,11854.833,0,0.000,0,1.193,0,0,124.624,11.316,0,0,0.000,0,0.000,0.000,0.000,-1.000
gen/random-static-30/s5,random,static,30,5,G-RTA,8,1,30,0,121.888,65.048,121.888,2217.264,13.857,0,8,2197,436150,51.992,18484.270,0,0.000,0,1.866,0,0,122.896,11.300,0,0,0.000,0,0.000,0.000,1.000,-1.000
gen/random-static-30/s5,random,static,30,5,G-RTA-X,8,1,30,0,123.616,65.318,123.616,1846.931,14.007,0,8,3305,508308,52.891,14415.364,0,0.000,0,1.539,0,0,124.624,11.636,0,0,0.000,0,0.000,0.000,1.000,-1.000
gen/random-static-30/s5,random,static,30,5,G-RTA,8,1,30,0,122.144,65.085,122.144,2225.217,13.888,0,8,2205,437660,50.488,2871.910,0,0.000,0,1.515,0,0,123.152,10.970,0,0,0.000,0,0.000,0.000,2.000,-1.000
gen/random-static-30/s5,random,static,30,5,G-RTA-X,8,1,30,0,123.488,65.314,123.488,1846.771,13.993,0,8,2837,479944,52.120,7231.944,0,0.000,0,1.586,0,0,124.496,11.515,0,0,0.000,0,0.000,0.000,2.000,-1.000
gen/grid-even-30/s1,grid,even,30,1,G-RTA-X,8,1,30,0,166.480,20.779,38.608,4047.046,19.143,0,8,5693,756867,14.081,2113.559,0,0.000,0,2.157,0,0,167.488,8.534,0,0,0.000,0,0.000,0.000,2.000,0.100
gen/grid-even-30/s1,grid,even,30,1,G-RTA-X,8,1,30,0,166.480,20.779,38.608,4047.162,19.143,0,8,5685,756469,15.293,10618.436,0,0.000,0,2.156,0,0,167.488,9.296,0,0,0.000,0,0.000,0.000,1.000,0.100
gen/grid-even-30/s1,grid,even,30,1,G-RTA,8,1,30,0,173.520,22.621,38.608,4203.723,19.952,0,8,3071,617562,16.064,3263.153,0,0.000,11,0.594,0,0,174.528,9.925,0,0,0.000,0,0.000,0.000,1.000,0.100
gen/grid-even-30/s1,grid,even,30,1,G-RTA,8,1,30,0,166.800,21.910,38.480,4025.091,19.204,0,8,2950,591397,16.886,4197.332,0,0.000,6,0.717,0,0,167.808,10.004,0,0,0.000,0,0.000,0.000,2.000,0.100
gen/grid-even-30/s2,grid,even,30,2,G-RTA,8,1,30,0,167.152,22.923,39.896,3588.001,19.140,0,8,2958,593694,16.382,3655.964,0,0.000,8,0.595,0,0,168.160,9.376,0,0,0.000,0,0.000,0.000,1.000,0.100
gen/grid-even-30/s2,grid,even,30,2,G-RTA-X,8,1,30,0,167.152,21.194,36.056,4208.009,19.207,0,8,6292,793370,14.335,1687.736,0,0.000,1,0.764,0,0,168.160,8.659,0,0,0.000,0,0.000,0.000,1.000,0.100
gen/grid-even-30/s2,grid,even,30,2,G-RTA-X,8,1,30,0,169.200,20.468,36.056,3963.225,19.432,0,8,6862,838254,13.188,2104.799,0,0.000,1,0.487,0,0,170.208,8.256,0,0,0.000,0,0.000,0.000,2.000,0.100
gen/grid-even-30/s2,grid,even,30,2,G-RTA,8,1,30,0,167.600,22.698,39.704,3677.646,19.195,0,8,2966,595130,15.775,2157.083,0,0.000,6,0.566,0,0,168.608,9.097,0,0,0.000,0,0.000,0.000,2.000,0.100
gen/grid-even-30/s3,grid,even,30,3,G-RTA-X,8,1,30,0,158.928,20.970,31.432,3767.850,18.284,0,8,7600,855020,14.840,3640.893,0,0.000,1,0.060,0,0,159.936,8.373,0,0,0.000,0,0.000,0.000,1.000,0.100
gen/grid-even-30/s3,grid,even,30,3,G-RTA,8,1,30,0,166.288,23.224,37.176,3783.660,19.068,0,8,2942,590692,16.838,3268.747,0,0.000,7,0.476,0,0,167.296,9.558,0,0,0.000,0,0.000,0.000,1.000,0.100
gen/grid-even-30/s3,grid,even,30,3,G-RTA,8,1,30,0,164.112,23.154,37.176,3656.519,18.818,0,7,2909,584505,16.723,2338.120,0,0.000,5,0.689,0,0,165.120,9.294,0,0,0.000,0,0.000,0.000,2.000,0.100
gen/grid-even-30/s3,grid,even,30,3,G-RTA-X,8,1,30,0,164.912,21.647,31.432,3868.811,18.956,0,8,7217,847557,15.063,3422.215,0,0.000,4,0.462,0,0,165.920,8.842,0,0,0.000,0,0.000,0.000,2.000,0.100
gen/grid-even-30/s4,grid,even,30,4,G-RTA,8,1,30,0,168.400,22.057,38.224,3843.113,19.352,0,8,2982,598351,16.477,4006.580,0,0.000,6,0.423,0,0,169.408,9.781,0,0,0.000,0,0.000,0.000,1.000,0.100
gen/grid-even-30/s4,grid,even,30,4,G-RTA-X,8,1,30,0,164.624,20.305,32.504,3756.740,18.908,0,8,7387,857644,14.433,16080.764,0,0.000,0,3.515,0,0,165.632,8.697,0,0,0.000,0,0.000,0.000,2.000,0.100
gen/grid-even-30/s4,grid,even,30,4,G-RTA-X,8,1,30,0,164.720,21.085,34.848,3938.803,18.950,0,8,6148,780109,15.546,2734.606,0,0.000,0,1.219,0,0,165.728,9.234,0,0,0.000,0,0.000,0.000,1.000,0.100
gen/grid-even-30/s4,grid,even,30,4,G-RTA,8,1,30,0,169.328,22.550,37.040,3746.717,19.412,0,8,2999,604772,17.141,6161.826,0,0.000,3,0.591,0,0,170.336,10.109,0,0,0.000,0,0.000,0.000,2.000,0.100
gen/grid-even-30/s5,grid,even,30,5,G-RTA-X,8,1,30,0,165.808,21.368,43.656,3670.069,18.990,0,8,6163,784642,17.829,9655.158,0,0.000,3,0.523,0,0,166.816,10.749,0,0,0.000,0,0.000,0.000,1.000,0.100
gen/grid-even-30/s5,grid,even,30,5,G-RTA,8,1,30,0,164.720,22.533,44.720,3637.380,18.925,0,8,2918,586117,19.470,20095.751,0,0.000,10,0.512,0,0,165.728,11.235,0,0,0.000,0,0.000,0.000,1.000,0.100
gen/grid-even-30/s5,grid,even,30,5,G-RTA-X,8,1,30,0,168.720,21.658,43.656,3899.354,19.336,0,8,6200,793329,16.864,3407.991,0,0.000,1,0.955,0,0,169.728,10.276,0,0,0.000,0,0.000,0.000,2.000,0.100
gen/grid-even-30/s5,grid,even,30,5,G-RTA,8,1,30,0,168.848,22.572,45.648,3718.694,19.330,0,8,2990,599487,18.839,4376.939,0,0.000,4,0.574,0,0,169.856,11.324,0,0,0.000,0,0.000,0.000,2.000,0.100
gen/grid-static-30/s1,grid,static,30,1,G-RTA,8,1,30,0,116.768,65.822,116.768,2015.307,13.290,0,8,2108,418363,55.259,6267.744,0,0.000,2,0.875,0,0,117.776,12.077,0,0,0.000,0,0.000,0.000,1.000,0.100
gen/grid-static-30/s1,grid,static,30,1,G-RTA-X,8,1,30,0,119.552,66.019,119.552,2139.578,13.599,0,8,2422,449837,55.157,14116.956,0,0.000,0,3.398,0,0,120.560,12.354,0,0,0.000,0,0.000,0.000,1.000,0.100
gen/grid-static-30/s1,grid,static,30,1,G-RTA,8,1,30,0,116.768,65.779,116.768,2015.701,13.291,0,8,2108,418494,55.889,3989.916,0,0.000,0,1.081,0,0,117.776,12.234,0,0,0.000,0,0.000,0.000,2.000,0.100
gen/grid-static-30/s1,grid,static,30,1,G-RTA-X,8,1,30,0,119.552,66.012,119.552,2139.300,13.599,0,8,2440,450902,56.503,8373.261,0,0.000,0,3.531,0,0,120.560,12.606,0,0,0.000,0,0.000,0.000,2.000,0.100
gen/grid-static-30/s2,grid,static,30,2,G-RTA,8,1,30,0,115.680,66.914,115.680,2005.454,13.173,0,8,2092,415195,59.114,91026.425,0,0.000,0,3.266,0,0,116.688,12.491,0,0,0.000,0,0.000,0.000,1.000,0.100
gen/grid-static-30/s2,grid,static,30,2,G-RTA-X,8,1,30,0,118.112,66.749,118.112,1825.842,13.403,0,8,2914,470448,57.247,16104.066,0,0.000,0,3.255,0,0,119.120,12.713,0,0,0.000,0,0.000,0.000,1.000,0.100
gen/grid-static-30/s2,grid,static,30,2,G-RTA,8,1,30,0,125.664,66.757,125.664,2325.607,14.270,0,8,2262,450387,53.058,9197.228,0,0.000,0,1.100,0,0,126.672,12.762,0,0,0.000,0,0.000,0.000,2.000,0.100
gen/grid-static-30/s2,grid,static,30,2,G-RTA-X,8,1,30,0,118.080,66.753,118.080,1841.870,13.409,0,8,2899,469525,59.576,16259.633,0,0.000,0,3.448,0,0,119.088,13.298,0,0,0.000,0,0.000,0.000,2.000,0.100
gen/grid-static-30/s3,grid,static,30,3,G-RTA,8,1,30,0,124.352,70.124,124.352,2352.197,14.170,0,8,2238,445823,57.595,4095.145,0,0.000,0,1.632,0,0,125.360,13.169,0,0,0.000,0,0.000,0.000,1.000,0.100
gen/grid-static-30/s3,grid,static,30,3,G-RTA-X,8,1,30,0,132.400,73.042,132.400,2082.828,15.007,0,8,3539,545026,55.922,16242.400,0,0.000,0,3.209,0,0,133.408,13.674,0,0,0.000,0,0.000,0.000,1.000,0.100
gen/grid-static-30/s3,grid,static,30,3,G-RTA,8,1,30,0,124.288,70.123,124.288,2349.793,14.161,0,8,2238,445702,57.090,5169.338,0,0.000,0,1.759,0,0,125.296,13.289,0,0,0.000,0,0.000,0.000,2.000,0.100
gen/grid-static-30/s3,grid,static,30,3,G-RTA-X,8,1,30,0,132.400,73.022,132.400,2082.383,15.007,0,8,3546,545480,54.467,4275.613,0,0.000,0,3.264,0,0,133.408,13.314,0,0,0.000,0,0.000,0.000,2.000,0.100
gen/grid-static-30/s4,grid,static,30,4,G-RTA,8,1,30,0,112.096,63.676,112.096,1911.316,12.778,0,8,2035,404860,56.804,5247.934,0,0.000,0,1.256,0,0,113.104,11.686,0,0,0.000,0,0.000,0.000,1.000,0.100
gen/grid-static-30/s4,grid,static,30,4,G-RTA,8,1,30,0,117.024,62.512,117.024,2157.040,13.330,0,8,2116,419462,56.239,6941.745,0,0.000,0,1.564,0,0,118.032,12.194,0,0,0.000,0,0.000,0.000,2.000,0.100
gen/grid-static-30/s4,grid,static,30,4,G-RTA-X,8,1,30,0,123.360,63.387,123.360,1964.269,14.033,0,8,5158,618470,53.452,8772.879,0,0.000,0,2.546,0,0,124.368,12.749,0,0,0.000,0,0.000,0.000,1.000,0.100
gen/grid-static-30/s4,grid,static,30,4,G-RTA-X,8,1,30,0,123.360,63.385,123.360,1963.244,14.033,0,8,5158,618457,53.305,5075.407,0,0.000,0,2.717,0,0,124.368,12.727,0,0,0.000,0,0.000,0.000,2.000,0.100
gen/grid-static-30/s5,grid,static,30,5,G-RTA,8,1,30,0,114.976,66.087,114.976,2090.731,13.084,0,8,2084,413961,59.387,6643.068,0,0.000,1,0.874,0,0,115.984,12.740,0,0,0.000,0,0.000,0.000,1.000,0.100
gen/grid-static-30/s5,grid,static,30,5,G-RTA-X,8,1,30,0,129.752,65.763,129.752,1941.848,14.716,0,8,2575,484003,51.661,15997.754,0,0.000,0,3.524,0,0,130.760,12.703,0,0,0.000,0,0.000,0.000,1.000,0.100
gen/grid-static-30/s5,grid,static,30,5,G-RTA-X,8,1,30,0,124.672,65.611,124.672,2067.034,14.169,0,8,2495,464408,52.538,4171.577,0,0.000,0,3.645,0,0,125.680,12.195,0,0,0.000,0,0.000,0.000,2.000,0.100
gen/grid-static-30/s5,grid,static,30,5,G-RTA,8,1,30,0,125.088,65.527,125.088,2460.453,14.217,0,8,2254,449061,55.852,7528.934,0,0.000,0,1.115,0,0,126.096,13.326,0,0,0.000,0,0.000,0.000,2.000,0.100
gen/radial-even-30/s1,radial,even,30,1,G-RTA,8,1,30,0,170.928,21.860,44.336,3907.815,19.608,0,8,3031,611085,14.920,5898.252,0,0.000,10,0.500,0,0,171.936,9.109,0,0,0.000,0,0.000,0.000,1.000,0.100
gen/radial-even-30/s1,radial,even,30,1,G-RTA-X,8,1,30,0,161.616,19.318,29.392,3765.812,18.565,0,8,6337,785342,13.331,7174.755,0,0.000,0,1.597,0,0,162.624,8.049,0,0,0.000,0,0.000,0.000,1.000,0.100
gen/radial-even-30/s1,radial,even,30,1,G-RTA-X,8,1,30,0,161.840,19.071,34.664,3681.460,18.598,0,8,7160,837854,14.685,15476.699,0,0.000,3,0.076,0,0,162.848,9.014,0,0,0.000,0,0.000,0.000,2.000,0.100
gen/radial-even-30/s1,radial,even,30,1,G-RTA,8,1,30,0,168.976,22.688,42.384,3910.803,19.409,0,8,2990,599851,17.054,3247.749,0,0.000,2,0.794,0,0,169.984,10.061,0,0,0.000,0,0.000,0.000,2.000,0.100
gen/radial-even-30/s2,radial,even,30,2,G-RTA-X,8,1,30,0,170.000,20.572,45.224,3647.474,19.475,0,8,5449,754480,14.899,11450.019,0,0.000,1,0.552,0,0,171.008,9.375,0,0,0.000,0,0.000,0.000,1.000,0.100
gen/radial-even-30/s2,radial,even,30,2,G-RTA,8,1,30,0,168.848,22.607,42.264,3631.199,19.344,0,8,2990,599712,16.904,3915.931,0,0.000,7,0.397,0,0,169.856,10.028,0,0,0.000,0,0.000,0.000,1.000,0.100
gen/radial-even-30/s2,radial,even,30,2,G-RTA-X,8,1,30,0,172.336,20.504,45.224,3610.952,19.726,0,8,6313,811448,13.767,4269.171,0,0.000,3,0.382,0,0,173.344,8.860,0,0,0.000,0,0.000,0.000,2.000,0.100
gen/radial-even-30/s2,radial,even,30,2,G-RTA,8,1,30,0,182.128,22.612,37.880,4041.889,20.792,0,8,3217,649325,16.416,18268.288,0,0.000,4,0.904,0,0,183.136,11.068,0,0,0.000,0,0.000,0.000,2.000,0.100
gen/radial-even-30/s3,radial,even,30,3,G-RTA-X,8,1,30,0,169.648,20.754,43.176,3586.895,19.415,0,8,7189,860850,14.930,15925.692,0,0.000,0,1.404,0,0,170.656,9.379,0,0,0.000,0,0.000,0.000,1.000,0.100
gen/radial-even-30/s3,radial,even,30,3,G-RTA,8,1,30,0,170.576,21.496,33.608,3758.324,19.511,0,7,3023,610513,15.680,3105.470,0,0.000,5,0.432,0,0,171.584,9.488,0,0,0.000,0,0.000,0.000,1.000,0.100
gen/radial-even-30/s3,radial,even,30,3,G-RTA,8,1,30,0,170.768,21.520,33.608,3717.778,19.520,0,8,3023,610523,16.302,7165.883,0,0.000,3,0.751,0,0,171.776,9.954,0,0,0.000,0,0.000,0.000,2.000,0.100
gen/radial-even-30/s3,radial,even,30,3,G-RTA-X,8,1,30,0,169.744,20.750,43.176,3586.705,19.427,0,8,7189,860755,15.118,13271.486,0,0.000,0,1.711,0,0,170.752,9.555,0,0,0.000,0,0.000,0.000,2.000,0.100
gen/radial-even-30/s4,radial,even,30,4,G-RTA-X,8,1,30,0,162.960,20.114,32.136,3778.614,18.724,0,8,7808,879554,15.238,1816.066,0,0.000,2,0.581,0,0,163.968,9.318,0,0,0.000,0,0.000,0.000,1.000,0.100
gen/radial-even-30/s4,radial,even,30,4,G-RTA,8,1,30,0,168.272,21.286,31.656,3846.297,19.264,0,8,2974,597129,17.495,5820.937,0,0.000,7,0.729,0,0,169.280,10.785,0,0,0.000,0,0.000,0.000,1.000,0.100
gen/radial-even-30/s4,radial,even,30,4,G-RTA,8,1,30,0,164.976,21.278,31.656,3846.680,18.928,0,8,2926,587776,17.103,4424.405,0,0.000,2,0.968,0,0,165.984,10.240,0,0,0.000,0,0.000,0.000,2.000,0.100
gen/radial-even-30/s4,radial,even,30,4,G-RTA-X,8,1,30,0,162.960,20.134,32.136,3775.181,18.725,0,8,7760,876639,15.566,4003.641,0,0.000,1,0.988,0,0,163.968,9.678,0,0,0.000,0,0.000,0.000,2.000,0.100
gen/radial-even-30/s5,radial,even,30,5,G-RTA-X,8,1,30,0,162.384,19.705,34.368,3751.853,18.653,0,8,5929,762756,14.254,2500.581,0,0.000,3,0.382,0,0,163.392,8.567,0,0,0.000,0,0.000,0.000,1.000,0.100
gen/radial-even-30/s5,radial,even,30,5,G-RTA,8,1,30,0,164.880,24.132,45.248,3539.072,18.925,0,8,2926,588166,18.672,9277.964,0,0.000,9,0.642,0,0,165.888,10.375,0,0,0.000,0,0.000,0.000,1.000,0.100
gen/radial-even-30/s5,radial,even,30,5,G-RTA-X,8,1,30,0,162.096,19.554,34.368,3784.771,18.618,0,8,6692,809318,13.447,3129.286,0,0.000,1,0.779,0,0,163.104,8.136,0,0,0.000,0,0.000,0.000,2.000,0.100
gen/radial-even-30/s5,radial,even,30,5,G-RTA,8,1,30,0,168.688,23.908,43.984,3823.320,19.374,0,8,2982,598250,16.598,2025.540,0,0.000,6,0.703,0,0,169.696,9.455,0,0,0.000,0,0.000,0.000,2.000,0.100
gen/radial-static-30/s1,radial,static,30,1,G-RTA,8,1,30,0,116.800,63.690,116.800,1984.663,13.281,0,8,2108,418462,54.686,4524.739,0,0.000,3,0.922,0,0,117.808,11.871,0,0,0.000,0,0.000,0.000,1.000,0.100
gen/radial-static-30/s1,radial,static,30,1,G-RTA-X,8,1,30,0,111.648,64.138,111.648,1837.133,12.692,0,8,2910,456974,57.471,6558.406,0,0.000,0,2.173,0,0,112.656,11.841,0,0,0.000,0,0.000,0.000,1.000,0.100
gen/radial-static-30/s1,radial,static,30,1,G-RTA-X,8,1,30,0,111.648,64.129,111.648,1836.390,12.692,0,8,2918,457460,56.666,5714.323,0,0.000,0,2.382,0,0,112.656,11.634,0,0,0.000,0,0.000,0.000,2.000,0.100
gen/radial-static-30/s1,radial,static,30,1,G-RTA,8,1,30,0,116.800,63.781,116.800,1988.957,13.283,0,8,2108,418445,58.562,18331.702,0,0.000,1,0.939,0,0,117.808,12.874,0,0,0.000,0,0.000,0.000,2.000,0.100
gen/radial-static-30/s2,radial,static,30,2,G-RTA,8,1,30,0,104.160,59.996,104.160,1681.277,11.843,0,8,1898,375622,60.790,5460.801,0,0.000,1,0.832,0,0,105.168,11.842,0,0,0.000,0,0.000,0.000,1.000,0.100
gen/radial-static-30/s2,radial,static,30,2,G-RTA-X,8,1,30,0,117.120,61.862,117.120,1786.218,13.302,0,8,3201,485609,56.408,16181.964,0,0.000,1,0.993,0,0,118.128,12.666,0,0,0.000,0,0.000,0.000,1.000,0.100
gen/radial-static-30/s2,radial,static,30,2,G-RTA,8,1,30,0,108.640,62.298,108.640,1809.137,12.358,0,8,1970,388881,57.424,5237.138,0,0.000,0,1.016,0,0,109.648,11.551,0,0,0.000,0,0.000,0.000,2.000,0.100
gen/radial-static-30/s2,radial,static,30,2,G-RTA-X,8,1,30,0,117.376,61.900,117.376,1789.903,13.331,0,8,3271,489653,54.732,13960.403,0,0.000,1,0.859,0,0,118.384,12.346,0,0,0.000,0,0.000,0.000,2.000,0.100
gen/radial-static-30/s3,radial,static,30,3,G-RTA,8,1,30,0,121.984,68.263,121.984,2215.691,13.862,0,8,2205,439662,57.645,6304.969,0,0.000,5,0.771,0,0,122.992,13.021,0,0,0.000,0,0.000,0.000,1.000,0.100
gen/radial-static-30/s3,radial,static,30,3,G-RTA-X,8,1,30,0,115.200,65.601,115.200,1915.902,13.099,0,8,2938,465941,59.235,2803.393,0,0.000,0,1.367,0,0,116.208,12.636,0,0,0.000,0,0.000,0.000,1.000,0.100
gen/radial-static-30/s3,radial,static,30,3,G-RTA,8,1,30,0,122.144,68.265,122.144,2218.917,13.886,0,8,2205,439589,58.107,12391.425,0,0.000,1,0.986,0,0,123.152,13.219,0,0,0.000,0,0.000,0.000,2.000,0.100
gen/radial-static-30/s3,radial,static,30,3,G-RTA-X,8,1,30,0,115.200,65.619,115.200,1915.907,13.099,0,8,2937,465899,60.144,7074.250,0,0.000,0,1.545,0,0,116.208,12.781,0,0,0.000,0,0.000,0.000,2.000,0.100
gen/radial-static-30/s4,radial,static,30,4,G-RTA,8,1,30,0,111.424,65.655,111.424,1866.545,12.662,0,8,2027,403506,59.999,2203.041,0,0.000,0,1.009,0,0,112.432,12.140,0,0,0.000,0,0.000,0.000,1.000,0.100
gen/radial-static-30/s4,radial,static,30,4,G-RTA-X,8,1,30,0,114.880,65.893,114.880,1807.355,13.042,0,8,2277,427178,59.688,3976.617,0,0.000,0,2.445,0,0,115.888,12.493,0,0,0.000,0,0.000,0.000,1.000,0.100
gen/radial-static-30/s4,radial,static,30,4,G-RTA,8,1,30,0,111.552,65.656,111.552,1869.888,12.676,0,8,2027,403531,59.447,3394.174,0,0.000,0,1.724,0,0,112.560,12.209,0,0,0.000,0,0.000,0.000,2.000,0.100
gen/radial-static-30/s4,radial,static,30,4,G-RTA-X,8,1,30,0,111.296,65.862,111.296,1791.672,12.636,0,8,2222,416863,65.446,12189.336,0,0.000,0,2.867,0,0,112.304,13.633,0,0,0.000,0,0.000,0.000,2.000,0.100
gen/radial-static-30/s5,radial,static,30,5,G-RTA,8,1,30,0,114.016,60.929,114.016,2120.272,13.021,0,8,2067,410618,58.414,8304.268,0,0.000,2,0.698,0,0,115.024,12.410,0,0,0.000,0,0.000,0.000,1.000,0.100
gen/radial-static-30/s5,radial,static,30,5,G-RTA-X,8,1,30,0,109.440,60.986,109.440,1794.192,12.458,0,8,2191,411254,59.564,6056.847,0,0.000,0,2.750,0,0,110.448,11.824,0,0,0.000,0,0.000,0.000,1.000,0.100
gen/radial-static-30/s5,radial,static,30,5,G-RTA,8,1,30,0,115.808,60.781,115.808,2178.328,13.203,0,8,2092,415328,54.663,4150.425,0,0.000,0,1.393,0,0,116.816,12.175,0,0,0.000,0,0.000,0.000,2.000,0.100
gen/radial-static-30/s5,radial,static,30,5,G-RTA-X,8,1,30,0,107.936,60.821,107.936,1745.420,12.284,0,8,2154,401241,60.249,14322.852,0,0.000,0,2.849,0,0,108.944,11.987,0,0,0.000,0,0.000,0.000,2.000,0.100
gen/cluster-even-30/s1,cluster,even,30,1,G-RTA-X,8,1,30,0,164.912,15.699,26.208,2619.517,18.961,0,7,9540,989491,11.603,4987.316,0,0.000,11,0.349,0,0,165.920,8.196,0,0,0.000,0,0.000,0.000,1.000,0.100
gen/cluster-even-30/s1,cluster,even,30,1,G-RTA,8,1,30,0,165.008,17.486,45.648,2553.974,18.772,0,8,2926,587431,14.870,5287.554,0,0.000,21,0.496,0,0,166.016,9.368,0,0,0.000,0,0.000,0.000,1.000,0.100
gen/cluster-even-30/s1,cluster,even,30,1,G-RTA,8,1,30,0,163.824,16.983,37.592,2611.170,18.675,0,8,2909,584297,13.822,10429.040,0,0.000,6,0.569,0,0,164.832,8.845,0,0,0.000,0,0.000,0.000,2.000,0.100
gen/cluster-even-30/s1,cluster,even,30,1,G-RTA-X,8,1,30,0,159.600,15.457,26.208,2432.912,18.324,0,7,9783,991598,12.282,5146.472,0,0.000,2,0.915,0,0,160.608,8.350,0,0,0.000,0,0.000,0.000,2.000,0.100
gen/cluster-even-30/s2,cluster,even,30,2,G-RTA-X,8,1,30,0,160.016,13.986,21.872,2692.932,18.453,0,7,10125,1022804,10.929,1667.432,0,0.000,5,0.620,0,0,161.024,7.928,0,0,0.000,0,0.000,0.000,1.000,0.100
gen/cluster-even-30/s2,cluster,even,30,2,G-RTA,8,1,30,0,161.776,14.524,26.296,2531.622,18.475,0,8,2869,580920,12.712,2673.920,0,0.000,33,0.401,0,0,162.784,8.577,0,0,0.000,0,0.000,0.000,1.000,0.100
gen/cluster-even-30/s2,cluster,even,30,2,G-RTA,8,1,30,0,160.144,14.579,24.528,2487.859,18.275,0,7,2845,576252,12.960,2895.275,0,0.000,13,0.642,0,0,161.152,8.677,0,0,0.000,0,0.000,0.000,2.000,0.100
gen/cluster-even-30/s2,cluster,even,30,2,G-RTA-X,8,1,30,0,159.280,14.113,22.232,2710.799,18.369,0,7,8446,915540,10.776,1190.337,0,0.000,3,0.272,0,0,160.288,7.687,0,0,0.000,0,0.000,0.000,2.000,0.100
gen/cluster-even-30/s3,cluster,even,30,3,G-RTA-X,8,1,30,0,160.240,15.603,35.448,2645.345,18.422,0,7,10672,1049786,12.159,1178.074,0,0.000,6,0.207,0,0,161.248,8.365,0,0,0.000,0,0.000,0.000,1.000,0.100
gen/cluster-even-30/s3,cluster,even,30,3,G-RTA,8,1,30,0,158.096,16.029,34.424,2550.477,18.088,0,7,2804,562362,14.541,2912.677,0,0.000,22,0.430,0,0,159.104,9.111,0,0,0.000,0,0.000,0.000,1.000,0.100
gen/cluster-even-30/s3,cluster,even,30,3,G-RTA-X,8,1,30,0,155.760,15.306,37.744,2600.225,17.937,0,6,9471,961811,12.896,3387.850,0,0.000,5,0.364,0,0,156.768,8.469,0,0,0.000,0,0.000,0.000,2.000,0.100
gen/cluster-even-30/s3,cluster,even,30,3,G-RTA,8,1,30,0,157.648,16.281,34.424,2598.644,18.055,0,6,2796,560710,15.012,3352.120,0,0.000,5,0.728,0,0,158.656,9.402,0,0,0.000,0,0.000,0.000,2.000,0.100
gen/cluster-even-30/s4,cluster,even,30,4,G-RTA,8,1,30,0,157.488,17.581,42.808,2506.753,17.973,0,7,2796,558511,13.876,1419.464,0,0.000,16,0.188,0,0,158.496,8.073,0,0,0.000,0,0.000,0.000,1.000,0.100
gen/cluster-even-30/s4,cluster,even,30,4,G-RTA-X,8,1,30,0,160.688,16.755,33.816,2626.173,18.439,0,7,10557,1042169,12.814,7193.158,0,0.000,4,0.612,0,0,161.696,8.353,0,0,0.000,0,0.000,0.000,1.000,0.100
gen/cluster-even-30/s4,cluster,even,30,4,G-RTA-X,8,1,30,0,157.456,16.867,33.816,2594.398,18.061,0,8,9338,954676,12.442,3665.052,0,0.000,2,0.454,0,0,158.464,7.811,0,0,0.000,0,0.000,0.000,2.000,0.100
gen/cluster-even-30/s4,cluster,even,30,4,G-RTA,8,1,30,0,162.800,17.640,29.920,2511.040,18.520,0,8,2893,580148,13.930,5191.948,0,0.000,9,0.272,0,0,163.808,8.641,0,0,0.000,0,0.000,0.000,2.000,0.100
gen/cluster-even-30/s5,cluster,even,30,5,G-RTA,8,1,30,0,163.472,17.740,35.048,2852.831,18.726,0,8,2901,583526,13.608,1435.882,0,0.000,20,0.464,0,0,164.480,8.408,0,0,0.000,0,0.000,0.000,1.000,0.100
gen/cluster-even-30/s5,cluster,even,30,5,G-RTA-X,8,1,30,0,158.544,16.445,29.664,2763.846,18.230,0,8,7454,843243,12.774,3278.492,0,0.000,5,0.487,0,0,159.552,8.104,0,0,0.000,0,0.000,0.000,1.000,0.100
gen/cluster-even-30/s5,cluster,even,30,5,G-RTA-X,8,1,30,0,158.832,16.575,29.856,2890.304,18.294,0,8,10913,1062342,11.843,3219.993,0,0.000,1,0.868,0,0,159.840,7.697,0,0,0.000,0,0.000,0.000,2.000,0.100
gen/cluster-even-30/s5,cluster,even,30,5,G-RTA,8,1,30,0,163.888,17.160,35.048,2784.286,18.763,0,8,2909,585026,13.268,1663.509,0,0.000,10,0.385,0,0,164.896,8.374,0,0,0.000,0,0.000,0.000,2.000,0.100
gen/cluster-static-30/s1,cluster,static,30,1,G-RTA,8,1,30,0,86.656,40.291,86.656,1244.907,9.877,0,8,1598,312466,45.010,3802.390,0,0.000,5,0.630,0,0,87.664,7.477,0,0,0.000,0,0.000,0.000,1.000,0.100
gen/cluster-static-30/s1,cluster,static,30,1,G-RTA-X,8,1,30,0,78.464,40.456,78.464,908.208,8.905,0,8,1642,295934,54.381,8935.155,0,0.000,0,1.801,0,0,79.472,7.976,0,0,0.000,0,0.000,0.000,1.000,0.100
gen/cluster-static-30/s1,cluster,static,30,1,G-RTA,8,1,30,0,85.824,40.591,85.824,1200.606,9.774,0,8,1590,311074,47.856,6557.024,0,0.000,1,0.943,0,0,86.832,8.111,0,0,0.000,0,0.000,0.000,2.000,0.100
gen/cluster-static-30/s1,cluster,static,30,1,G-RTA-X,8,1,30,0,77.696,40.450,77.696,920.500,8.816,0,8,1661,296421,57.403,8030.382,0,0.000,0,1.934,0,0,78.704,8.407,0,0,0.000,0,0.000,0.000,2.000,0.100
gen/cluster-static-30/s2,cluster,static,30,2,G-RTA,8,1,30,0,93.696,54.400,93.696,1410.256,10.656,0,8,1719,337798,58.169,7256.647,0,0.000,1,0.878,0,0,94.704,9.888,0,0,0.000,0,0.000,0.000,1.000,0.100
gen/cluster-static-30/s2,cluster,static,30,2,G-RTA-X,8,1,30,0,112.864,58.572,112.864,1481.019,12.788,0,8,2253,419033,56.992,5172.205,0,0.000,1,0.902,0,0,113.872,12.122,0,0,0.000,0,0.000,0.000,1.000,0.100
gen/cluster-static-30/s2,cluster,static,30,2,G-RTA,8,1,30,0,93.056,54.765,93.056,1389.622,10.584,0,8,1711,336298,61.883,14944.407,0,0.000,0,1.172,0,0,94.064,10.651,0,0,0.000,0,0.000,0.000,2.000,0.100
gen/cluster-static-30/s2,cluster,static,30,2,G-RTA-X,8,1,30,0,111.104,58.897,111.104,1572.197,12.623,0,8,2281,417832,56.488,5270.033,0,0.000,1,0.035,0,0,112.112,11.591,0,0,0.000,0,0.000,0.000,2.000,0.100
gen/cluster-static-30/s3,cluster,static,30,3,G-RTA,8,1,30,0,94.336,54.988,94.336,1413.384,10.741,0,8,1736,340645,60.336,6338.852,0,0.000,4,0.504,0,0,95.344,10.100,0,0,0.000,0,0.000,0.000,1.000,0.100
gen/cluster-static-30/s3,cluster,static,30,3,G-RTA-X,8,1,30,0,98.464,53.862,98.464,1225.479,11.173,0,8,2888,416682,53.981,5442.375,0,0.000,0,2.446,0,0,99.472,10.070,0,0,0.000,0,0.000,0.000,1.000,0.100
gen/cluster-static-30/s3,cluster,static,30,3,G-RTA,8,1,30,0,93.504,55.097,93.504,1346.145,10.631,0,8,1719,337672,62.120,14102.849,0,0.000,1,0.765,0,0,94.512,10.422,0,0,0.000,0,0.000,0.000,2.000,0.100
gen/cluster-static-30/s3,cluster,static,30,3,G-RTA-X,8,1,30,0,98.464,53.865,98.464,1226.345,11.174,0,8,2888,416701,54.752,4183.020,0,0.000,0,2.609,0,0,99.472,9.990,0,0,0.000,0,0.000,0.000,2.000,0.100
gen/cluster-static-30/s4,cluster,static,30,4,G-RTA,8,1,30,0,75.104,41.395,75.104,961.139,8.551,0,8,1412,275785,54.489,4796.027,0,0.000,1,0.943,0,0,76.112,7.430,0,0,0.000,0,0.000,0.000,1.000,0.100
gen/cluster-static-30/s4,cluster,static,30,4,G-RTA-X,8,1,30,0,77.568,41.506,77.568,919.058,8.827,0,8,1609,292837,54.113,6587.026,0,0.000,0,1.899,0,0,78.576,7.633,0,0,0.000,0,0.000,0.000,1.000,0.100
gen/cluster-static-30/s4,cluster,static,30,4,G-RTA,8,1,30,0,77.824,41.488,77.824,996.119,8.860,0,8,1452,283319,56.849,4736.196,0,0.000,0,1.087,0,0,78.832,8.359,0,0,0.000,0,0.000,0.000,2.000,0.100
gen/cluster-static-30/s4,cluster,static,30,4,G-RTA-X,8,1,30,0,77.536,41.524,77.536,919.308,8.823,0,8,1607,292748,54.440,7192.225,0,0.000,0,2.012,0,0,78.544,7.645,0,0,0.000,0,0.000,0.000,2.000,0.100
gen/cluster-static-30/s5,cluster,static,30,5,G-RTA,8,1,30,0,95.072,50.215,95.072,1355.912,10.812,0,8,1744,343819,54.430,16183.197,0,0.000,4,0.585,0,0,96.080,9.509,0,0,0.000,0,0.000,0.000,1.000,0.100
gen/cluster-static-30/s5,cluster,static,30,5,G-RTA-X,8,1,30,0,89.856,50.461,89.856,1117.399,10.187,0,8,1859,342232,57.465,2757.828,0,0.000,2,0.599,0,0,90.864,9.212,0,0,0.000,0,0.000,0.000,1.000,0.100
gen/cluster-static-30/s5,cluster,static,30,5,G-RTA,8,1,30,0,92.192,50.218,92.192,1296.690,10.510,0,8,1695,334821,53.593,4498.375,0,0.000,0,1.124,0,0,93.200,9.142,0,0,0.000,0,0.000,0.000,2.000,0.100
gen/cluster-static-30/s5,cluster,static,30,5,G-RTA-X,8,1,30,0,89.856,50.487,89.856,1125.044,10.193,0,8,1900,344800,56.367,5198.261,0,0.000,0,1.233,0,0,90.864,9.147,0,0,0.000,0,0.000,0.000,2.000,0.100
gen/multicluster-even-30/s1,multicluster,even,30,1,G-RTA,8,1,30,0,160.112,17.722,37.952,2814.883,18.281,0,8,2845,573784,13.933,1655.431,0,0.000,20,0.434,0,0,161.120,8.541,0,0,0.000,0,0.000,0.000,1.000,0.100
gen/multicluster-even-30/s1,multicluster,even,30,1,G-RTA-X,8,1,30,0,162.160,17.201,32.760,3130.288,18.681,0,8,10811,1066199,13.117,4202.479,0,0.000,5,0.062,0,0,163.168,8.692,0,0,0.000,0,0.000,0.000,1.000,0.100
gen/multicluster-even-30/s1,multicluster,even,30,1,G-RTA,8,1,30,0,161.712,17.770,36.448,2826.518,18.463,0,8,2869,578284,13.849,3467.783,0,0.000,6,0.510,0,0,162.720,8.595,0,0,0.000,0,0.000,0.000,2.000,0.100
gen/multicluster-even-30/s1,multicluster,even,30,1,G-RTA-X,8,1,30,0,165.904,17.787,32.696,3102.141,19.063,0,8,9433,988493,12.594,4104.848,0,0.000,4,0.167,0,0,166.912,8.370,0,0,0.000,0,0.000,0.000,2.000,0.100
gen/multicluster-even-30/s2,multicluster,even,30,2,G-RTA,8,1,30,0,167.280,18.511,39.856,2905.740,19.092,0,8,2958,595174,14.629,3954.126,0,0.000,23,0.611,0,0,168.288,9.352,0,0,0.000,0,0.000,0.000,1.000,0.100
gen/multicluster-even-30/s2,multicluster,even,30,2,G-RTA-X,8,1,30,0,164.240,16.494,27.232,3597.425,18.996,0,6,7610,867882,11.744,6013.670,0,0.000,5,0.118,0,0,165.248,7.836,0,0,0.000,0,0.000,0.000,1.000,0.100
gen/multicluster-even-30/s2,multicluster,even,30,2,G-RTA-X,8,1,30,0,168.688,17.260,27.232,3403.437,19.438,0,7,8272,918952,11.890,7737.186,0,0.000,1,0.729,0,0,169.696,8.113,0,0,0.000,0,0.000,0.000,2.000,0.100
gen/multicluster-even-30/s2,multicluster,even,30,2,G-RTA,8,1,30,0,172.048,18.057,39.856,3288.249,19.705,0,8,3047,615125,13.367,13628.884,0,0.000,4,0.488,0,0,173.056,8.960,0,0,0.000,0,0.000,0.000,2.000,0.100
gen/multicluster-even-30/s3,multicluster,even,30,3,G-RTA,8,1,30,0,170.896,20.077,43.104,2998.000,19.479,0,8,3031,610176,15.340,5816.586,0,0.000,15,0.390,0,0,171.904,9.623,0,0,0.000,0,0.000,0.000,1.000,0.100
gen/multicluster-even-30/s3,multicluster,even,30,3,G-RTA-X,8,1,30,0,164.208,17.853,42.472,3118.945,18.857,0,8,7178,841943,12.305,2720.870,0,0.000,4,0.379,0,0,165.216,7.883,0,0,0.000,0,0.000,0.000,1.000,0.100
gen/multicluster-even-30/s3,multicluster,even,30,3,G-RTA,8,1,30,0,161.520,18.712,32.968,2800.261,18.436,0,8,2869,576784,15.064,2059.974,0,0.000,3,0.747,0,0,162.528,9.048,0,0,0.000,0,0.000,0.000,2.000,0.100
gen/multicluster-even-30/s3,multicluster,even,30,3,G-RTA-X,8,1,30,0,163.984,17.999,42.632,2908.384,18.796,0,8,8760,939590,14.101,2099.940,0,0.000,4,0.724,0,0,164.992,9.025,0,0,0.000,0,0.000,0.000,2.000,0.100
gen/multicluster-even-30/s4,multicluster,even,30,4,G-RTA,8,1,30,0,165.008,17.755,33.480,2703.706,18.815,0,8,2926,587491,13.500,3761.616,0,0.000,17,0.439,0,0,166.016,8.690,0,0,0.000,0,0.000,0.000,1.000,0.100
gen/multicluster-even-30/s4,multicluster,even,30,4,G-RTA-X,8,1,30,0,164.368,16.869,27.728,3203.406,18.905,0,7,9216,968371,12.690,6084.859,0,0.000,2,0.668,0,0,165.376,8.628,0,0,0.000,0,0.000,0.000,1.000,0.100
gen/multicluster-even-30/s4,multicluster,even,30,4,G-RTA-X,8,1,30,0,164.368,16.876,27.728,3212.624,18.910,0,7,9145,963941,12.487,2893.305,0,0.000,1,0.863,0,0,165.376,8.512,0,0,0.000,0,0.000,0.000,2.000,0.100
gen/multicluster-even-30/s4,multicluster,even,30,4,G-RTA,8,1,30,0,161.424,18.307,33.136,2596.505,18.412,0,7,2869,577065,15.030,3395.149,0,0.000,6,0.649,0,0,162.432,9.204,0,0,0.000,0,0.000,0.000,2.000,0.100
gen/multicluster-even-30/s5,multicluster,even,30,5,G-RTA-X,8,1,30,0,155.824,15.508,32.280,2586.192,17.894,0,8,8998,936198,13.381,3087.924,0,0.000,7,0.087,0,0,156.832,8.566,0,0,0.000,0,0.000,0.000,1.000,0.100
gen/multicluster-even-30/s5,multicluster,even,30,5,G-RTA,8,1,30,0,160.496,16.919,32.760,2614.376,18.358,0,8,2853,576860,14.256,2621.575,0,0.000,19,0.450,0,0,161.504,8.837,0,0,0.000,0,0.000,0.000,1.000,0.100
gen/multicluster-even-30/s5,multicluster,even,30,5,G-RTA-X,8,1,30,0,156.880,15.851,32.280,2806.582,18.068,0,7,8576,911667,12.607,4889.049,0,0.000,2,0.471,0,0,157.888,7.994,0,0,0.000,0,0.000,0.000,2.000,0.100
gen/multicluster-even-30/s5,multicluster,even,30,5,G-RTA,8,1,30,0,161.232,17.885,31.896,2591.425,18.416,0,8,2861,578636,15.317,5244.108,0,0.000,6,0.616,0,0,162.240,9.496,0,0,0.000,0,0.000,0.000,2.000,0.100
gen/multicluster-static-30/s1,multicluster,static,30,1,G-RTA-X,8,1,30,0,105.376,56.864,105.376,1474.659,11.954,0,8,2119,393935,58.516,4406.151,0,0.000,0,1.598,0,0,106.384,11.756,0,0,0.000,0,0.000,0.000,1.000,0.100
gen/multicluster-static-30/s1,multicluster,static,30,1,G-RTA,8,1,30,0,98.208,55.697,98.208,1596.148,11.172,0,8,1792,352690,63.798,5812.111,0,0.000,2,0.533,0,0,99.216,11.996,0,0,0.000,0,0.000,0.000,1.000,0.100
gen/multicluster-static-30/s1,multicluster,static,30,1,G-RTA,8,1,30,0,98.304,55.686,98.304,1593.537,11.184,0,8,1800,354039,59.612,4210.532,0,0.000,1,0.754,0,0,99.312,10.897,0,0,0.000,0,0.000,0.000,2.000,0.100
gen/multicluster-static-30/s1,multicluster,static,30,1,G-RTA-X,8,1,30,0,105.376,56.884,105.376,1474.313,11.954,0,8,2119,394065,60.315,16210.958,0,0.000,0,1.649,0,0,106.384,12.080,0,0,0.000,0,0.000,0.000,2.000,0.100
gen/multicluster-static-30/s2,multicluster,static,30,2,G-RTA-X,8,1,30,0,109.664,60.383,109.664,1739.424,12.474,0,8,2486,427185,58.772,5242.912,0,0.000,0,1.757,0,0,110.672,12.006,0,0,0.000,0,0.000,0.000,1.000,0.100
gen/multicluster-static-30/s2,multicluster,static,30,2,G-RTA,8,1,30,0,118.496,63.420,118.496,2079.697,13.458,0,8,2140,423498,55.739,3871.269,0,0.000,5,0.342,0,0,119.504,12.491,0,0,0.000,0,0.000,0.000,1.000,0.100
gen/multicluster-static-30/s2,multicluster,static,30,2,G-RTA,8,1,30,0,116.832,62.940,116.832,2077.974,13.281,0,8,2108,417666,54.390,5151.275,0,0.000,2,0.984,0,0,117.840,11.819,0,0,0.000,0,0.000,0.000,2.000,0.100
gen/multicluster-static-30/s2,multicluster,static,30,2,G-RTA-X,8,1,30,0,121.472,61.047,121.472,1743.846,13.769,0,8,2690,467929,50.909,6656.087,0,0.000,0,2.028,0,0,122.480,11.746,0,0,0.000,0,0.000,0.000,2.000,0.100
gen/multicluster-static-30/s3,multicluster,static,30,3,G-RTA-X,8,1,30,0,95.872,55.056,95.872,1398.452,10.886,0,8,2523,393154,56.936,4215.064,0,0.000,0,2.679,0,0,96.880,9.976,0,0,0.000,0,0.000,0.000,1.000,0.100
gen/multicluster-static-30/s3,multicluster,static,30,3,G-RTA,8,1,30,0,99.840,56.422,99.840,1628.544,11.377,0,8,1833,363773,57.331,7116.037,0,0.000,0,1.641,0,0,100.848,10.594,0,0,0.000,0,0.000,0.000,1.000,0.100
gen/multicluster-static-30/s3,multicluster,static,30,3,G-RTA,8,1,30,0,105.088,54.991,105.088,1667.422,11.936,0,8,1914,379069,54.002,9214.955,0,0.000,0,1.038,0,0,106.096,10.608,0,0,0.000,0,0.000,0.000,2.000,0.100
gen/multicluster-static-30/s3,multicluster,static,30,3,G-RTA-X,8,1,30,0,97.696,54.750,97.696,1406.626,11.100,0,8,2554,397804,57.340,6679.407,0,0.000,0,2.797,0,0,98.704,10.265,0,0,0.000,0,0.000,0.000,2.000,0.100
gen/multicluster-static-30/s4,multicluster,static,30,4,G-RTA,8,1,30,0,90.816,48.152,90.816,1361.377,10.353,0,8,1679,332571,57.605,3336.444,0,0.000,2,0.714,0,0,91.824,9.719,0,0,0.000,0,0.000,0.000,1.000,0.100
gen/multicluster-static-30/s4,multicluster,static,30,4,G-RTA-X,8,1,30,0,88.544,45.375,88.544,1061.016,10.059,0,8,1806,331571,57.725,15056.204,0,0.000,0,1.093,0,0,89.552,9.630,0,0,0.000,0,0.000,0.000,1.000,0.100
gen/multicluster-static-30/s4,multicluster,static,30,4,G-RTA,8,1,30,0,90.496,46.895,90.496,1366.055,10.298,0,8,1671,331042,55.472,4278.911,0,0.000,0,1.042,0,0,91.504,9.604,0,0,0.000,0,0.000,0.000,2.000,0.100
gen/multicluster-static-30/s4,multicluster,static,30,4,G-RTA-X,8,1,30,0,88.544,45.403,88.544,1060.193,10.058,0,8,1806,331651,59.606,13449.119,0,0.000,0,1.398,0,0,89.552,10.215,0,0,0.000,0,0.000,0.000,2.000,0.100
gen/multicluster-static-30/s5,multicluster,static,30,5,G-RTA-X,8,1,30,0,97.952,59.625,97.952,1641.258,11.166,0,8,2000,367606,70.484,3329.800,0,0.000,0,2.083,0,0,98.960,12.472,0,0,0.000,0,0.000,0.000,1.000,0.100
gen/multicluster-static-30/s5,multicluster,static,30,5,G-RTA,8,1,30,0,103.072,60.539,103.072,1699.875,11.712,0,8,1881,373023,68.867,13015.281,0,0.000,3,0.709,0,0,104.080,12.840,0,0,0.000,0,0.000,0.000,1.000,0.100
gen/multicluster-static-30/s5,multicluster,static,30,5,G-RTA,8,1,30,0,103.168,60.570,103.168,1700.968,11.725,0,8,1881,372912,63.432,16648.546,0,0.000,2,0.968,0,0,104.176,11.916,0,0,0.000,0,0.000,0.000,2.000,0.100
gen/multicluster-static-30/s5,multicluster,static,30,5,G-RTA-X,8,1,30,0,98.048,59.633,98.048,1643.018,11.178,0,8,2000,367649,64.220,4250.666,0,0.000,0,2.361,0,0,99.056,11.207,0,0,0.000,0,0.000,0.000,2.000,0.100
gen/random-even-30/s1,random,even,30,1,G-RTA-X,8,1,30,0,169.680,19.955,46.256,3961.718,19.498,0,8,7662,885917,13.531,1666.117,0,0.000,2,0.765,0,0,170.688,8.714,0,0,0.000,0,0.000,0.000,1.000,0.100
gen/random-even-30/s1,random,even,30,1,G-RTA,8,1,30,0,167.024,23.769,46.832,3741.183,19.175,0,8,2958,593551,18.225,4998.533,0,0.000,14,0.630,0,0,168.032,10.274,0,0,0.000,0,0.000,0.000,1.000,0.100
gen/random-even-30/s1,random,even,30,1,G-RTA,8,1,30,0,168.656,23.823,46.832,3746.135,19.328,0,8,2982,598111,16.452,4190.589,0,0.000,5,0.725,0,0,169.664,9.447,0,0,0.000,0,0.000,0.000,2.000,0.100
gen/random-even-30/s1,random,even,30,1,G-RTA-X,8,1,30,0,162.928,20.475,46.256,3757.155,18.735,0,8,9096,959689,14.020,13540.437,0,0.000,1,0.769,0,0,163.936,8.332,0,0,0.000,0,0.000,0.000,2.000,0.100
gen/random-even-30/s2,random,even,30,2,G-RTA-X,8,1,30,0,165.552,20.350,34.648,3950.121,19.034,0,8,6892,829739,15.115,4441.329,0,0.000,0,1.538,0,0,166.560,9.254,0,0,0.000,0,0.000,0.000,1.000,0.100
gen/random-even-30/s2,random,even,30,2,G-RTA,8,1,30,0,171.280,21.715,38.832,3998.494,19.613,0,8,3031,610513,17.627,3989.218,0,0.000,8,0.313,0,0,172.288,11.094,0,0,0.000,0,0.000,0.000,1.000,0.100
gen/random-even-30/s2,random,even,30,2,G-RTA,8,1,30,0,165.040,21.551,38.896,3750.581,18.952,0,8,2926,587471,15.648,7099.432,0,0.000,3,0.729,0,0,166.048,9.055,0,0,0.000,0,0.000,0.000,2.000,0.100
gen/random-even-30/s2,random,even,30,2,G-RTA-X,8,1,30,0,165.552,20.343,34.648,3949.990,19.034,0,8,6892,829807,14.853,3652.275,0,0.000,0,1.841,0,0,166.560,9.042,0,0,0.000,0,0.000,0.000,2.000,0.100
gen/random-even-30/s3,random,even,30,3,G-RTA-X,8,1,30,0,164.720,20.917,36.592,3900.220,18.944,0,8,7288,848348,14.604,6475.922,0,0.000,2,0.624,0,0,165.728,8.645,0,0,0.000,0,0.000,0.000,1.000,0.100
gen/random-even-30/s3,random,even,30,3,G-RTA,8,1,30,0,169.552,22.824,46.992,3867.202,19.452,0,8,3007,605806,16.442,3366.356,0,0.000,4,0.481,0,0,170.560,9.623,0,0,0.000,0,0.000,0.000,1.000,0.100
gen/random-even-30/s3,random,even,30,3,G-RTA,8,1,30,0,170.864,22.729,47.056,3889.438,19.591,0,8,3031,610150,15.782,2149.567,0,0.000,2,0.945,0,0,171.872,9.337,0,0,0.000,0,0.000,0.000,2.000,0.100
gen/random-even-30/s3,random,even,30,3,G-RTA-X,8,1,30,0,164.720,20.914,36.592,3897.915,18.941,0,8,7337,851388,15.248,2144.207,0,0.000,0,1.052,0,0,165.728,9.220,0,0,0.000,0,0.000,0.000,2.000,0.100
gen/random-even-30/s4,random,even,30,4,G-RTA-X,8,1,30,0,163.568,21.685,43.472,3777.962,18.754,0,8,6429,795422,15.663,16099.139,0,0.000,1,0.618,0,0,164.576,9.037,0,0,0.000,0,0.000,0.000,1.000,0.100
gen/random-even-30/s4,random,even,30,4,G-RTA,8,1,30,0,164.080,23.563,52.448,3922.262,18.801,0,8,2909,584650,18.000,9183.131,0,0.000,10,0.596,0,0,165.088,9.847,0,0,0.000,0,0.000,0.000,1.000,0.100
gen/random-even-30/s4,random,even,30,4,G-RTA,8,1,30,0,164.048,22.920,43.832,3877.138,18.781,0,8,2909,584629,17.043,19218.520,0,0.000,3,0.666,0,0,165.056,9.415,0,0,0.000,0,0.000,0.000,2.000,0.100
gen/random-even-30/s4,random,even,30,4,G-RTA-X,8,1,30,0,169.328,22.048,43.472,3691.445,19.369,0,8,6297,803332,15.035,12199.579,0,0.000,1,0.756,0,0,170.336,8.990,0,0,0.000,0,0.000,0.000,2.000,0.100
gen/random-even-30/s5,random,even,30,5,G-RTA,8,1,30,0,163.312,21.112,42.608,3710.686,18.722,0,8,2901,583312,16.854,3250.680,0,0.000,12,0.420,0,0,164.320,9.555,0,0,0.000,0,0.000,0.000,1.000,0.100
gen/random-even-30/s5,random,even,30,5,G-RTA-X,8,1,30,0,162.608,21.558,34.568,3903.377,18.717,0,8,6890,823044,17.536,3797.397,0,0.000,1,0.995,0,0,163.616,10.022,0,0,0.000,0,0.000,0.000,1.000,0.100
gen/random-even-30/s5,random,even,30,5,G-RTA-X,8,1,30,0,164.528,20.997,34.568,3888.405,18.923,0,8,6391,795610,16.049,8245.373,0,0.000,0,1.022,0,0,165.536,9.492,0,0,0.000,0,0.000,0.000,2.000,0.100
gen/random-even-30/s5,random,even,30,5,G-RTA,8,1,30,0,161.648,22.236,42.608,3708.601,18.580,0,8,2869,577181,17.683,9048.366,0,0.000,3,0.737,0,0,162.656,9.920,0,0,0.000,0,0.000,0.000,2.000,0.100
gen/random-static-30/s1,random,static,30,1,G-RTA,8,1,30,0,110.592,62.104,110.592,1995.546,12.620,0,8,2011,400034,57.710,6975.787,0,0.000,0,1.116,0,0,111.600,11.809,0,0,0.000,0,0.000,0.000,1.000,0.100
gen/random-static-30/s1,random,static,30,1,G-RTA,8,1,30,0,110.048,62.031,110.048,1965.051,12.552,0,8,2003,398621,57.147,11577.181,0,0.000,0,1.412,0,0,111.056,11.533,0,0,0.000,0,0.000,0.000,2.000,0.100
gen/random-static-30/s1,random,static,30,1,G-RTA-X,8,1,30,0,116.160,63.522,116.160,1731.163,13.191,0,8,2866,463360,56.053,7260.294,0,0.000,0,2.541,0,0,117.168,12.202,0,0,0.000,0,0.000,0.000,1.000,0.100
gen/random-static-30/s1,random,static,30,1,G-RTA-X,8,1,30,0,114.400,63.260,114.400,1702.666,12.989,0,8,2861,459072,54.881,11685.961,0,0.000,0,2.542,0,0,115.408,11.570,0,0,0.000,0,0.000,0.000,2.000,0.100
gen/random-static-30/s2,random,static,30,2,G-RTA,8,1,30,0,131.888,69.176,131.888,2570.556,14.973,0,8,2367,472723,50.337,8299.504,0,0.000,2,0.561,0,0,132.896,12.476,0,0,0.000,0,0.000,0.000,1.000,0.100
gen/random-static-30/s2,random,static,30,2,G-RTA,8,1,30,0,130.744,69.086,130.744,2536.506,14.845,0,8,2351,469946,52.470,5218.515,0,0.000,2,0.712,0,0,131.752,12.872,0,0,0.000,0,0.000,0.000,2.000,0.100
gen/random-static-30/s2,random,static,30,2,G-RTA-X,8,1,30,0,121.472,67.264,121.472,2028.727,13.797,0,8,3077,491795,56.524,16158.860,0,0.000,0,1.719,0,0,122.480,13.044,0,0,0.000,0,0.000,0.000,1.000,0.100
gen/random-static-30/s2,random,static,30,2,G-RTA-X,8,1,30,0,121.472,67.264,121.472,2029.772,13.799,0,8,3069,491405,56.453,5185.472,0,0.000,0,1.994,0,0,122.480,12.988,0,0,0.000,0,0.000,0.000,2.000,0.100
gen/random-static-30/s3,random,static,30,3,G-RTA,8,1,30,0,120.576,66.709,120.576,2411.474,13.747,0,8,2181,434904,60.460,7297.142,0,0.000,2,0.882,0,0,121.584,13.417,0,0,0.000,0,0.000,0.000,1.000,0.100
gen/random-static-30/s3,random,static,30,3,G-RTA-X,8,1,30,0,117.952,64.727,117.952,1925.451,13.401,0,8,2868,468450,54.623,16101.054,0,0.000,0,2.908,0,0,118.960,12.114,0,0,0.000,0,0.000,0.000,2.000,0.100
gen/random-static-30/s3,random,static,30,3,G-RTA,8,1,30,0,118.112,64.203,118.112,2332.311,13.444,0,8,2132,422347,57.886,10685.148,0,0.000,0,1.053,0,0,119.120,13.020,0,0,0.000,0,0.000,0.000,2.000,0.100
gen/random-static-30/s3,random,static,30,3,G-RTA-X,8,1,30,0,117.120,66.130,117.120,2155.623,13.334,0,8,2644,452588,62.889,7015.170,0,0.000,0,1.660,0,0,118.128,13.413,0,0,0.000,0,0.000,0.000,1.000,0.100
gen/random-static-30/s4,random,static,30,4,G-RTA,8,1,30,0,121.600,64.170,121.600,2563.522,13.876,0,8,2197,437841,53.402,3477.890,0,0.000,1,0.992,0,0,122.608,12.390,0,0,0.000,0,0.000,0.000,1.000,0.100
gen/random-static-30/s4,random,static,30,4,G-RTA-X,8,1,30,0,121.600,63.979,121.600,1842.238,13.815,0,8,2689,468899,51.763,7970.044,0,0.000,0,3.431,0,0,122.608,11.948,0,0,0.000,0,0.000,0.000,1.000,0.100
gen/random-static-30/s4,random,static,30,4,G-RTA-X,8,1,30,0,117.056,63.675,117.056,2016.788,13.333,0,8,2641,452208,52.258,4698.956,0,0.000,0,2.789,0,0,118.064,11.268,0,0,0.000,0,0.000,0.000,2.000,0.100
gen/random-static-30/s4,random,static,30,4,G-RTA,8,1,30,0,121.600,64.108,121.600,2566.779,13.878,0,8,2197,438020,54.326,16148.183,0,0.000,1,0.996,0,0,122.608,12.324,0,0,0.000,0,0.000,0.000,2.000,0.100
gen/random-static-30/s5,random,static,30,5,G-RTA,8,1,30,0,122.144,65.096,122.144,2225.298,13.887,0,8,2205,439633,55.812,4447.985,0,0.000,0,1.345,0,0,123.152,12.836,0,0,0.000,0,0.000,0.000,1.000,0.100
gen/random-static-30/s5,random,static,30,5,G-RTA,8,1,30,0,121.952,65.058,121.952,2218.886,13.865,0,8,2197,438052,54.681,16202.948,0,0.000,0,1.808,0,0,122.960,12.461,0,0,0.000,0,0.000,0.000,2.000,0.100
gen/random-static-30/s5,random,static,30,5,G-RTA-X,8,1,30,0,123.392,65.322,123.392,1846.163,13.982,0,8,3301,509128,56.950,5509.531,0,0.000,0,1.527,0,0,124.400,13.316,0,0,0.000,0,0.000,0.000,1.000,0.100
gen/random-static-30/s5,random,static,30,5,G-RTA-X,8,1,30,0,123.392,65.318,123.392,1845.800,13.983,0,8,3029,492479,54.257,6344.851,0,0.000,0,1.795,0,0,124.400,12.494,0,0,0.000,0,0.000,0.000,2.000,0.100
